ISO-10303-21;
HEADER;
FILE_DESCRIPTION(('Open CASCADE Model'),'2;1');
FILE_NAME('Open CASCADE Shape Model','2026-04-29T19:38:15',('Author'),(
    'Open CASCADE'),'Open CASCADE STEP processor 7.8','Open CASCADE 7.8'
  ,'Unknown');
FILE_SCHEMA(('AUTOMOTIVE_DESIGN { 1 0 10303 214 1 1 1 1 }'));
ENDSEC;
DATA;
#1 = APPLICATION_PROTOCOL_DEFINITION('international standard',
  'automotive_design',2000,#2);
#2 = APPLICATION_CONTEXT(
  'core data for automotive mechanical design processes');
#3 = SHAPE_DEFINITION_REPRESENTATION(#4,#10);
#4 = PRODUCT_DEFINITION_SHAPE('','',#5);
#5 = PRODUCT_DEFINITION('design','',#6,#9);
#6 = PRODUCT_DEFINITION_FORMATION('','',#7);
#7 = PRODUCT('Open CASCADE STEP translator 7.8 1',
  'Open CASCADE STEP translator 7.8 1','',(#8));
#8 = PRODUCT_CONTEXT('',#2,'mechanical');
#9 = PRODUCT_DEFINITION_CONTEXT('part definition',#2,'design');
#10 = SHAPE_REPRESENTATION('',(#11,#15,#19),#23);
#11 = AXIS2_PLACEMENT_3D('',#12,#13,#14);
#12 = CARTESIAN_POINT('',(0.,0.,0.));
#13 = DIRECTION('',(0.,0.,1.));
#14 = DIRECTION('',(1.,0.,-0.));
#15 = AXIS2_PLACEMENT_3D('',#16,#17,#18);
#16 = CARTESIAN_POINT('',(0.,0.,0.));
#17 = DIRECTION('',(0.,0.,1.));
#18 = DIRECTION('',(1.,0.,-0.));
#19 = AXIS2_PLACEMENT_3D('',#20,#21,#22);
#20 = CARTESIAN_POINT('',(0.,0.,0.));
#21 = DIRECTION('',(0.,0.,1.));
#22 = DIRECTION('',(1.,0.,-0.));
#23 = ( GEOMETRIC_REPRESENTATION_CONTEXT(3) 
GLOBAL_UNCERTAINTY_ASSIGNED_CONTEXT((#27)) GLOBAL_UNIT_ASSIGNED_CONTEXT(
(#24,#25,#26)) REPRESENTATION_CONTEXT('Context #1',
  '3D Context with UNIT and UNCERTAINTY') );
#24 = ( LENGTH_UNIT() NAMED_UNIT(*) SI_UNIT(.MILLI.,.METRE.) );
#25 = ( NAMED_UNIT(*) PLANE_ANGLE_UNIT() SI_UNIT($,.RADIAN.) );
#26 = ( NAMED_UNIT(*) SI_UNIT($,.STERADIAN.) SOLID_ANGLE_UNIT() );
#27 = UNCERTAINTY_MEASURE_WITH_UNIT(LENGTH_MEASURE(1.E-07),#24,
  'distance_accuracy_value','confusion accuracy');
#28 = PRODUCT_RELATED_PRODUCT_CATEGORY('part',$,(#7));
#29 = SHAPE_DEFINITION_REPRESENTATION(#30,#36);
#30 = PRODUCT_DEFINITION_SHAPE('','',#31);
#31 = PRODUCT_DEFINITION('design','',#32,#35);
#32 = PRODUCT_DEFINITION_FORMATION('','',#33);
#33 = PRODUCT('Open CASCADE STEP translator 7.8 1.1',
  'Open CASCADE STEP translator 7.8 1.1','',(#34));
#34 = PRODUCT_CONTEXT('',#2,'mechanical');
#35 = PRODUCT_DEFINITION_CONTEXT('part definition',#2,'design');
#36 = SHAPE_REPRESENTATION('',(#11,#37),#41);
#37 = AXIS2_PLACEMENT_3D('',#38,#39,#40);
#38 = CARTESIAN_POINT('',(0.,0.,0.));
#39 = DIRECTION('',(0.,0.,1.));
#40 = DIRECTION('',(1.,0.,-0.));
#41 = ( GEOMETRIC_REPRESENTATION_CONTEXT(3) 
GLOBAL_UNCERTAINTY_ASSIGNED_CONTEXT((#45)) GLOBAL_UNIT_ASSIGNED_CONTEXT(
(#42,#43,#44)) REPRESENTATION_CONTEXT('Context #1',
  '3D Context with UNIT and UNCERTAINTY') );
#42 = ( LENGTH_UNIT() NAMED_UNIT(*) SI_UNIT(.MILLI.,.METRE.) );
#43 = ( NAMED_UNIT(*) PLANE_ANGLE_UNIT() SI_UNIT($,.RADIAN.) );
#44 = ( NAMED_UNIT(*) SI_UNIT($,.STERADIAN.) SOLID_ANGLE_UNIT() );
#45 = UNCERTAINTY_MEASURE_WITH_UNIT(LENGTH_MEASURE(1.E-07),#42,
  'distance_accuracy_value','confusion accuracy');
#46 = CONTEXT_DEPENDENT_SHAPE_REPRESENTATION(#47,#49);
#47 = ( REPRESENTATION_RELATIONSHIP('','',#36,#10) 
REPRESENTATION_RELATIONSHIP_WITH_TRANSFORMATION(#48) 
SHAPE_REPRESENTATION_RELATIONSHIP() );
#48 = ITEM_DEFINED_TRANSFORMATION('','',#11,#15);
#49 = PRODUCT_DEFINITION_SHAPE('Placement','Placement of an item',#50);
#50 = NEXT_ASSEMBLY_USAGE_OCCURRENCE('4','','',#5,#31,$);
#51 = PRODUCT_RELATED_PRODUCT_CATEGORY('part',$,(#33));
#52 = SHAPE_DEFINITION_REPRESENTATION(#53,#59);
#53 = PRODUCT_DEFINITION_SHAPE('','',#54);
#54 = PRODUCT_DEFINITION('design','',#55,#58);
#55 = PRODUCT_DEFINITION_FORMATION('','',#56);
#56 = PRODUCT('Open CASCADE STEP translator 7.8 1.1.1',
  'Open CASCADE STEP translator 7.8 1.1.1','',(#57));
#57 = PRODUCT_CONTEXT('',#2,'mechanical');
#58 = PRODUCT_DEFINITION_CONTEXT('part definition',#2,'design');
#59 = SHAPE_REPRESENTATION('',(#11,#60,#64),#68);
#60 = AXIS2_PLACEMENT_3D('',#61,#62,#63);
#61 = CARTESIAN_POINT('',(0.,0.,0.));
#62 = DIRECTION('',(0.,0.,1.));
#63 = DIRECTION('',(1.,0.,-0.));
#64 = AXIS2_PLACEMENT_3D('',#65,#66,#67);
#65 = CARTESIAN_POINT('',(0.,0.,0.));
#66 = DIRECTION('',(0.,0.,1.));
#67 = DIRECTION('',(1.,0.,-0.));
#68 = ( GEOMETRIC_REPRESENTATION_CONTEXT(3) 
GLOBAL_UNCERTAINTY_ASSIGNED_CONTEXT((#72)) GLOBAL_UNIT_ASSIGNED_CONTEXT(
(#69,#70,#71)) REPRESENTATION_CONTEXT('Context #1',
  '3D Context with UNIT and UNCERTAINTY') );
#69 = ( LENGTH_UNIT() NAMED_UNIT(*) SI_UNIT(.MILLI.,.METRE.) );
#70 = ( NAMED_UNIT(*) PLANE_ANGLE_UNIT() SI_UNIT($,.RADIAN.) );
#71 = ( NAMED_UNIT(*) SI_UNIT($,.STERADIAN.) SOLID_ANGLE_UNIT() );
#72 = UNCERTAINTY_MEASURE_WITH_UNIT(LENGTH_MEASURE(1.E-07),#69,
  'distance_accuracy_value','confusion accuracy');
#73 = CONTEXT_DEPENDENT_SHAPE_REPRESENTATION(#74,#76);
#74 = ( REPRESENTATION_RELATIONSHIP('','',#59,#36) 
REPRESENTATION_RELATIONSHIP_WITH_TRANSFORMATION(#75) 
SHAPE_REPRESENTATION_RELATIONSHIP() );
#75 = ITEM_DEFINED_TRANSFORMATION('','',#11,#37);
#76 = PRODUCT_DEFINITION_SHAPE('Placement','Placement of an item',#77);
#77 = NEXT_ASSEMBLY_USAGE_OCCURRENCE('3','','',#31,#54,$);
#78 = PRODUCT_RELATED_PRODUCT_CATEGORY('part',$,(#56));
#79 = SHAPE_DEFINITION_REPRESENTATION(#80,#86);
#80 = PRODUCT_DEFINITION_SHAPE('','',#81);
#81 = PRODUCT_DEFINITION('design','',#82,#85);
#82 = PRODUCT_DEFINITION_FORMATION('','',#83);
#83 = PRODUCT('Open CASCADE STEP translator 7.8 1.1.1.1',
  'Open CASCADE STEP translator 7.8 1.1.1.1','',(#84));
#84 = PRODUCT_CONTEXT('',#2,'mechanical');
#85 = PRODUCT_DEFINITION_CONTEXT('part definition',#2,'design');
#86 = ADVANCED_BREP_SHAPE_REPRESENTATION('',(#11,#87),#817);
#87 = BREP_WITH_VOIDS('',#88,(#452));
#88 = CLOSED_SHELL('',(#89,#300,#448));
#89 = ADVANCED_FACE('',(#90),#103,.T.);
#90 = FACE_BOUND('',#91,.F.);
#91 = EDGE_LOOP('',(#92,#249,#272,#299));
#92 = ORIENTED_EDGE('',*,*,#93,.F.);
#93 = EDGE_CURVE('',#94,#94,#96,.T.);
#94 = VERTEX_POINT('',#95);
#95 = CARTESIAN_POINT('',(4.99949218831,-1.451317757244E-16,
    -3.288825804539));
#96 = SURFACE_CURVE('',#97,(#102,#114),.PCURVE_S1.);
#97 = CIRCLE('',#98,5.);
#98 = AXIS2_PLACEMENT_3D('',#99,#100,#101);
#99 = CARTESIAN_POINT('',(-5.078116903292E-04,-1.451317757244E-16,
    -3.288825804539));
#100 = DIRECTION('',(0.,0.,1.));
#101 = DIRECTION('',(1.,0.,0.));
#102 = PCURVE('',#103,#108);
#103 = CYLINDRICAL_SURFACE('',#104,5.);
#104 = AXIS2_PLACEMENT_3D('',#105,#106,#107);
#105 = CARTESIAN_POINT('',(-5.078116903292E-04,-1.451317757244E-16,
    -3.288825804539));
#106 = DIRECTION('',(-0.,-0.,-1.));
#107 = DIRECTION('',(1.,0.,0.));
#108 = DEFINITIONAL_REPRESENTATION('',(#109),#113);
#109 = LINE('',#110,#111);
#110 = CARTESIAN_POINT('',(-0.,0.));
#111 = VECTOR('',#112,1.);
#112 = DIRECTION('',(-1.,0.));
#113 = ( GEOMETRIC_REPRESENTATION_CONTEXT(2) 
PARAMETRIC_REPRESENTATION_CONTEXT() REPRESENTATION_CONTEXT('2D SPACE',''
  ) );
#114 = PCURVE('',#115,#243);
#115 = SURFACE_OF_REVOLUTION('',#116,#240);
#116 = B_SPLINE_CURVE_WITH_KNOTS('',3,(#117,#118,#119,#120,#121,#122,
    #123,#124,#125,#126,#127,#128,#129,#130,#131,#132,#133,#134,#135,
    #136,#137,#138,#139,#140,#141,#142,#143,#144,#145,#146,#147,#148,
    #149,#150,#151,#152,#153,#154,#155,#156,#157,#158,#159,#160,#161,
    #162,#163,#164,#165,#166,#167,#168,#169,#170,#171,#172,#173,#174,
    #175,#176,#177,#178,#179,#180,#181,#182,#183,#184,#185,#186,#187,
    #188,#189,#190,#191,#192,#193,#194,#195,#196,#197,#198,#199,#200,
    #201,#202,#203,#204,#205,#206,#207,#208,#209,#210,#211,#212,#213,
    #214,#215,#216,#217,#218,#219,#220,#221,#222,#223,#224,#225,#226,
    #227,#228,#229,#230,#231,#232,#233,#234,#235,#236,#237,#238,#239),
  .UNSPECIFIED.,.F.,.F.,(4,1,1,1,1,1,1,1,1,1,1,1,1,1,1,1,1,1,1,1,1,1,1,1
    ,1,1,1,1,1,1,1,1,1,1,1,1,1,1,1,1,1,1,1,1,1,1,1,1,1,1,1,1,1,1,1,1,1,1
    ,1,1,1,1,1,1,1,1,1,1,1,1,1,1,1,1,1,1,1,1,1,1,1,1,1,1,1,1,1,1,1,1,1,1
    ,1,1,1,1,1,1,1,1,1,1,1,1,1,1,1,1,1,1,1,1,1,1,1,1,1,1,1,1,4),(0.,
    3.019460270217E-03,6.038920540434E-03,9.05838081065E-03,
    1.207784108087E-02,1.509730135108E-02,1.81167616213E-02,
    2.113622189152E-02,2.415568216173E-02,2.717514243195E-02,
    3.019460270217E-02,3.321406297238E-02,3.62335232426E-02,
    3.925298351282E-02,4.227244378303E-02,4.529190405325E-02,
    4.831136432347E-02,5.133082459368E-02,5.43502848639E-02,
    5.736974513412E-02,6.038920540434E-02,6.340866567455E-02,
    6.642812594477E-02,6.944758621499E-02,7.24670464852E-02,
    7.548650675542E-02,7.850596702564E-02,8.152542729585E-02,
    8.454488756607E-02,8.756434783629E-02,9.05838081065E-02,
    9.360326837672E-02,9.662272864694E-02,9.964218891715E-02,
    0.102661649187,0.105681109458,0.108700569728,0.111720029998,
    0.114739490268,0.117758950538,0.120778410809,0.202869620788,
    0.284960830768,0.367052040748,0.449143250728,0.531234460707,
    0.613325670687,0.695416880667,0.777508090647,0.859599300626,
    0.941690510606,1.023781720586,1.105872930566,1.187964140545,
    1.270055350525,1.352146560505,1.434237770485,1.516328980465,
    1.598420190444,1.680511400424,1.762602610404,1.844693820384,
    1.926785030363,2.008876240343,2.090967450323,2.173058660303,
    2.255149870282,2.337241080262,2.419332290242,2.501423500222,
    2.583514710201,2.665605920181,2.747697130161,2.829788340141,
    2.91187955012,2.9939707601,3.07606197008,3.15815318006,
    3.240244390039,3.322335600019,3.404426809999,3.486518019979,
    3.568609229958,3.650700439938,3.732791649918,3.814882859898,
    3.896974069877,3.979065279857,4.061156489837,4.143247699817,
    4.225338909796,4.307430119776,4.389521329756,4.471612539736,
    4.553703749715,4.635794959695,4.717886169675,4.799977379655,
    4.882068589635,4.964159799614,5.046251009594,5.128342219574,
    5.210433429554,5.292524639533,5.374615849513,5.456707059493,
    5.538798269473,5.620889479452,5.702980689432,5.785071899412,
    5.867163109392,5.949254319371,6.031345529351,6.113436739331,
    6.195527949311,6.27761915929,6.35971036927,6.44180157925,
    6.52389278923,6.605983999209,6.688075209189),.UNSPECIFIED.);
#117 = CARTESIAN_POINT('',(4.99949218831,-1.451317757244E-16,
    -3.288825804539));
#118 = CARTESIAN_POINT('',(4.999492188437,-1.451317757244E-16,
    -3.289832293958));
#119 = CARTESIAN_POINT('',(4.999484169573,-1.451317757244E-16,
    -3.291845272794));
#120 = CARTESIAN_POINT('',(4.99944808636,-1.451317757244E-16,
    -3.294864549399));
#121 = CARTESIAN_POINT('',(4.999387950073,-1.451317757244E-16,
    -3.297883442714));
#122 = CARTESIAN_POINT('',(4.999303764649,-1.451317757244E-16,
    -3.300901761126));
#123 = CARTESIAN_POINT('',(4.999195535397,-1.451317757244E-16,
    -3.303919313056));
#124 = CARTESIAN_POINT('',(4.999063269198,-1.451317757244E-16,
    -3.306935906975));
#125 = CARTESIAN_POINT('',(4.998906974443,-1.451317757244E-16,
    -3.309951351415));
#126 = CARTESIAN_POINT('',(4.998726661053,-1.451317757244E-16,
    -3.31296545498));
#127 = CARTESIAN_POINT('',(4.998522340474,-1.451317757244E-16,
    -3.31597802636));
#128 = CARTESIAN_POINT('',(4.998294025673,-1.451317757244E-16,
    -3.318988874342));
#129 = CARTESIAN_POINT('',(4.998041731142,-1.451317757244E-16,
    -3.321997807823));
#130 = CARTESIAN_POINT('',(4.997765472895,-1.451317757244E-16,
    -3.325004635819));
#131 = CARTESIAN_POINT('',(4.997465268467,-1.451317757244E-16,
    -3.328009167483));
#132 = CARTESIAN_POINT('',(4.997141136911,-1.451317757244E-16,
    -3.331011212112));
#133 = CARTESIAN_POINT('',(4.996793098802,-1.451317757244E-16,
    -3.334010579161));
#134 = CARTESIAN_POINT('',(4.996421176229,-1.451317757244E-16,
    -3.337007078255));
#135 = CARTESIAN_POINT('',(4.996025392799,-1.451317757244E-16,
    -3.340000519201));
#136 = CARTESIAN_POINT('',(4.995605773634,-1.451317757244E-16,
    -3.342990712));
#137 = CARTESIAN_POINT('',(4.995162345366,-1.451317757244E-16,
    -3.34597746686));
#138 = CARTESIAN_POINT('',(4.994695136142,-1.451317757244E-16,
    -3.348960594206));
#139 = CARTESIAN_POINT('',(4.994204175616,-1.451317757244E-16,
    -3.351939904693));
#140 = CARTESIAN_POINT('',(4.99368949495,-1.451317757244E-16,
    -3.354915209221));
#141 = CARTESIAN_POINT('',(4.993151126812,-1.451317757244E-16,
    -3.357886318941));
#142 = CARTESIAN_POINT('',(4.992589105372,-1.451317757244E-16,
    -3.360853045272));
#143 = CARTESIAN_POINT('',(4.992003466304,-1.451317757244E-16,
    -3.36381519991));
#144 = CARTESIAN_POINT('',(4.991394246778,-1.451317757244E-16,
    -3.366772594843));
#145 = CARTESIAN_POINT('',(4.990761485464,-1.451317757244E-16,
    -3.36972504236));
#146 = CARTESIAN_POINT('',(4.990105222522,-1.451317757244E-16,
    -3.372672355063));
#147 = CARTESIAN_POINT('',(4.989425499611,-1.451317757244E-16,
    -3.375614345883));
#148 = CARTESIAN_POINT('',(4.98872235986,-1.451317757244E-16,
    -3.378550828082));
#149 = CARTESIAN_POINT('',(4.987995847948,-1.451317757244E-16,
    -3.381481615293));
#150 = CARTESIAN_POINT('',(4.987246009804,-1.451317757244E-16,
    -3.384406521433));
#151 = CARTESIAN_POINT('',(4.98647289371,-1.451317757244E-16,
    -3.387325361081));
#152 = CARTESIAN_POINT('',(4.985676546166,-1.451317757244E-16,
    -3.390237948124));
#153 = CARTESIAN_POINT('',(4.984857027311,-1.451317757244E-16,
    -3.393144100861));
#154 = CARTESIAN_POINT('',(4.984014353362,-1.451317757244E-16,
    -3.396043623019));
#155 = CARTESIAN_POINT('',(4.983148711407,-1.451317757244E-16,
    -3.398936374656));
#156 = CARTESIAN_POINT('',(4.982259657779,-1.451317757244E-16,
    -3.401822007591));
#157 = CARTESIAN_POINT('',(4.981349109751,-1.451317757244E-16,
    -3.40470095287));
#158 = CARTESIAN_POINT('',(4.972214147138,-1.451317757244E-16,
    -3.432621430642));
#159 = CARTESIAN_POINT('',(4.954257872799,-1.451317757244E-16,
    -3.485387078983));
#160 = CARTESIAN_POINT('',(4.926745209832,-1.451317757244E-16,
    -3.562733213512));
#161 = CARTESIAN_POINT('',(4.89798559971,-1.451317757244E-16,
    -3.639625762936));
#162 = CARTESIAN_POINT('',(4.868036738737,-1.451317757244E-16,
    -3.716062403485));
#163 = CARTESIAN_POINT('',(4.836892391349,-1.451317757244E-16,
    -3.792019986519));
#164 = CARTESIAN_POINT('',(4.804563823386,-1.451317757244E-16,
    -3.867481090678));
#165 = CARTESIAN_POINT('',(4.771057979763,-1.451317757244E-16,
    -3.942426913047));
#166 = CARTESIAN_POINT('',(4.7363833293,-1.451317757244E-16,
    -4.016839179712));
#167 = CARTESIAN_POINT('',(4.700548296082,-1.451317757244E-16,
    -4.090699639536));
#168 = CARTESIAN_POINT('',(4.663561677146,-1.451317757244E-16,
    -4.163990205475));
#169 = CARTESIAN_POINT('',(4.625432527863,-1.451317757244E-16,
    -4.236692922338));
#170 = CARTESIAN_POINT('',(4.586170189848,-1.451317757244E-16,
    -4.308789981012));
#171 = CARTESIAN_POINT('',(4.545784280602,-1.451317757244E-16,
    -4.380263720194));
#172 = CARTESIAN_POINT('',(4.504284693316,-1.451317757244E-16,
    -4.45109663142));
#173 = CARTESIAN_POINT('',(4.461681593871,-1.451317757244E-16,
    -4.521271363166));
#174 = CARTESIAN_POINT('',(4.417985418501,-1.451317757244E-16,
    -4.590770725147));
#175 = CARTESIAN_POINT('',(4.373206871195,-1.451317757244E-16,
    -4.65957769252));
#176 = CARTESIAN_POINT('',(4.327356921089,-1.451317757244E-16,
    -4.727675410051));
#177 = CARTESIAN_POINT('',(4.28044679977,-1.451317757244E-16,
    -4.79504719625));
#178 = CARTESIAN_POINT('',(4.232487998531,-1.451317757244E-16,
    -4.861676547452));
#179 = CARTESIAN_POINT('',(4.183492265554,-1.451317757244E-16,
    -4.927547141861));
#180 = CARTESIAN_POINT('',(4.133471603031,-1.451317757244E-16,
    -4.992642843552));
#181 = CARTESIAN_POINT('',(4.082438264226,-1.451317757244E-16,
    -5.056947706418));
#182 = CARTESIAN_POINT('',(4.030404750471,-1.451317757244E-16,
    -5.12044597808));
#183 = CARTESIAN_POINT('',(3.977383808105,-1.451317757244E-16,
    -5.183122103746));
#184 = CARTESIAN_POINT('',(3.923388425354,-1.451317757244E-16,
    -5.244960730019));
#185 = CARTESIAN_POINT('',(3.868431829143,-1.451317757244E-16,
    -5.30594670866));
#186 = CARTESIAN_POINT('',(3.812527481863,-1.451317757244E-16,
    -5.366065100296));
#187 = CARTESIAN_POINT('',(3.755689078068,-1.451317757244E-16,
    -5.425301178085));
#188 = CARTESIAN_POINT('',(3.697930541122,-1.451317757244E-16,
    -5.483640431317));
#189 = CARTESIAN_POINT('',(3.63926601979,-1.451317757244E-16,
    -5.541068568974));
#190 = CARTESIAN_POINT('',(3.57970988477,-1.451317757244E-16,
    -5.597571523227));
#191 = CARTESIAN_POINT('',(3.519276725174,-1.451317757244E-16,
    -5.653135452884));
#192 = CARTESIAN_POINT('',(3.457981344951,-1.451317757244E-16,
    -5.707746746782));
#193 = CARTESIAN_POINT('',(3.395838759265,-1.451317757244E-16,
    -5.761392027116));
#194 = CARTESIAN_POINT('',(3.332864190816,-1.451317757244E-16,
    -5.814058152723));
#195 = CARTESIAN_POINT('',(3.269073066107,-1.451317757244E-16,
    -5.865732222296));
#196 = CARTESIAN_POINT('',(3.204481011671,-1.451317757244E-16,
    -5.916401577546));
#197 = CARTESIAN_POINT('',(3.139103850236,-1.451317757244E-16,
    -5.966053806303));
#198 = CARTESIAN_POINT('',(3.072957596858,-1.451317757244E-16,
    -6.014676745558));
#199 = CARTESIAN_POINT('',(3.006058454988,-1.451317757244E-16,
    -6.062258484438));
#200 = CARTESIAN_POINT('',(2.938422812511,-1.451317757244E-16,
    -6.10878736713));
#201 = CARTESIAN_POINT('',(2.870067237726,-1.451317757244E-16,
    -6.154251995729));
#202 = CARTESIAN_POINT('',(2.801008475292,-1.451317757244E-16,
    -6.198641233038));
#203 = CARTESIAN_POINT('',(2.73126344212,-1.451317757244E-16,
    -6.241944205288));
#204 = CARTESIAN_POINT('',(2.660849223237,-1.451317757244E-16,
    -6.284150304811));
#205 = CARTESIAN_POINT('',(2.589783067594,-1.451317757244E-16,
    -6.325249192628));
#206 = CARTESIAN_POINT('',(2.518082383841,-1.451317757244E-16,
    -6.365230800991));
#207 = CARTESIAN_POINT('',(2.44576473607,-1.451317757244E-16,
    -6.404085335843));
#208 = CARTESIAN_POINT('',(2.372847839502,-1.451317757244E-16,
    -6.441803279221));
#209 = CARTESIAN_POINT('',(2.299349556154,-1.451317757244E-16,
    -6.478375391586));
#210 = CARTESIAN_POINT('',(2.225287890464,-1.451317757244E-16,
    -6.513792714084));
#211 = CARTESIAN_POINT('',(2.150680984874,-1.451317757244E-16,
    -6.548046570745));
#212 = CARTESIAN_POINT('',(2.075547115395,-1.451317757244E-16,
    -6.581128570608));
#213 = CARTESIAN_POINT('',(1.999904687122,-1.451317757244E-16,
    -6.61303060977));
#214 = CARTESIAN_POINT('',(1.923772229729,-1.451317757244E-16,
    -6.643744873381));
#215 = CARTESIAN_POINT('',(1.847168392931,-1.451317757244E-16,
    -6.67326383755));
#216 = CARTESIAN_POINT('',(1.770111941913,-1.451317757244E-16,
    -6.701580271193));
#217 = CARTESIAN_POINT('',(1.692621752733,-1.451317757244E-16,
    -6.728687237801));
#218 = CARTESIAN_POINT('',(1.614716807702,-1.451317757244E-16,
    -6.754578097143));
#219 = CARTESIAN_POINT('',(1.536416190728,-1.451317757244E-16,
    -6.77924650689));
#220 = CARTESIAN_POINT('',(1.457739082648,-1.451317757244E-16,
    -6.802686424167));
#221 = CARTESIAN_POINT('',(1.378704756524,-1.451317757244E-16,
    -6.824892107039));
#222 = CARTESIAN_POINT('',(1.299332572921,-1.451317757244E-16,
    -6.845858115911));
#223 = CARTESIAN_POINT('',(1.219641975173,-1.451317757244E-16,
    -6.865579314866));
#224 = CARTESIAN_POINT('',(1.139652484607,-1.451317757244E-16,
    -6.88405087292));
#225 = CARTESIAN_POINT('',(1.059383695774,-1.451317757244E-16,
    -6.901268265203));
#226 = CARTESIAN_POINT('',(0.978855271639,-1.451317757244E-16,
    -6.917227274076));
#227 = CARTESIAN_POINT('',(0.898086938771,-1.451317757244E-16,
    -6.931923990154));
#228 = CARTESIAN_POINT('',(0.817098482506,-1.451317757244E-16,
    -6.94535481327));
#229 = CARTESIAN_POINT('',(0.735909742103,-1.451317757244E-16,
    -6.957516453357));
#230 = CARTESIAN_POINT('',(0.654540605884,-1.451317757244E-16,
    -6.96840593125));
#231 = CARTESIAN_POINT('',(0.57301100636,-1.451317757244E-16,
    -6.978020579412));
#232 = CARTESIAN_POINT('',(0.491340915353,-1.451317757244E-16,
    -6.986358042632));
#233 = CARTESIAN_POINT('',(0.409550339095,-1.451317757244E-16,
    -6.993416278405));
#234 = CARTESIAN_POINT('',(0.327659313344,-1.451317757244E-16,
    -6.999193558194));
#235 = CARTESIAN_POINT('',(0.245687898422,-1.451317757244E-16,
    -7.003688464992));
#236 = CARTESIAN_POINT('',(0.163656174506,-1.451317757244E-16,
    -7.006899904356));
#237 = CARTESIAN_POINT('',(8.158423594373E-02,-1.451317757244E-16,
    -7.00882706479));
#238 = CARTESIAN_POINT('',(2.685620476702E-02,-1.451317757244E-16,
    -7.009255399461));
#239 = CARTESIAN_POINT('',(-5.078116903288E-04,-1.451317757244E-16,
    -7.009255373237));
#240 = AXIS1_PLACEMENT('',#241,#242);
#241 = CARTESIAN_POINT('',(-5.078116903292E-04,-1.451317757244E-16,
    -3.288825804539));
#242 = DIRECTION('',(0.,0.,1.));
#243 = DEFINITIONAL_REPRESENTATION('',(#244),#248);
#244 = LINE('',#245,#246);
#245 = CARTESIAN_POINT('',(0.,0.));
#246 = VECTOR('',#247,1.);
#247 = DIRECTION('',(1.,0.));
#248 = ( GEOMETRIC_REPRESENTATION_CONTEXT(2) 
PARAMETRIC_REPRESENTATION_CONTEXT() REPRESENTATION_CONTEXT('2D SPACE',''
  ) );
#249 = ORIENTED_EDGE('',*,*,#250,.F.);
#250 = EDGE_CURVE('',#251,#94,#253,.T.);
#251 = VERTEX_POINT('',#252);
#252 = CARTESIAN_POINT('',(4.99949218831,-1.451317757244E-16,
    6.211174195461));
#253 = SEAM_CURVE('',#254,(#258,#265),.PCURVE_S1.);
#254 = LINE('',#255,#256);
#255 = CARTESIAN_POINT('',(4.99949218831,-1.451317757244E-16,
    6.211174195461));
#256 = VECTOR('',#257,1.);
#257 = DIRECTION('',(0.,0.,-1.));
#258 = PCURVE('',#103,#259);
#259 = DEFINITIONAL_REPRESENTATION('',(#260),#264);
#260 = LINE('',#261,#262);
#261 = CARTESIAN_POINT('',(-0.,-9.5));
#262 = VECTOR('',#263,1.);
#263 = DIRECTION('',(0.,1.));
#264 = ( GEOMETRIC_REPRESENTATION_CONTEXT(2) 
PARAMETRIC_REPRESENTATION_CONTEXT() REPRESENTATION_CONTEXT('2D SPACE',''
  ) );
#265 = PCURVE('',#103,#266);
#266 = DEFINITIONAL_REPRESENTATION('',(#267),#271);
#267 = LINE('',#268,#269);
#268 = CARTESIAN_POINT('',(-6.28318530718,-9.5));
#269 = VECTOR('',#270,1.);
#270 = DIRECTION('',(0.,1.));
#271 = ( GEOMETRIC_REPRESENTATION_CONTEXT(2) 
PARAMETRIC_REPRESENTATION_CONTEXT() REPRESENTATION_CONTEXT('2D SPACE',''
  ) );
#272 = ORIENTED_EDGE('',*,*,#273,.T.);
#273 = EDGE_CURVE('',#251,#251,#274,.T.);
#274 = SURFACE_CURVE('',#275,(#280,#287),.PCURVE_S1.);
#275 = CIRCLE('',#276,5.);
#276 = AXIS2_PLACEMENT_3D('',#277,#278,#279);
#277 = CARTESIAN_POINT('',(-5.078116903292E-04,-1.451317757244E-16,
    6.211174195461));
#278 = DIRECTION('',(0.,0.,1.));
#279 = DIRECTION('',(1.,0.,0.));
#280 = PCURVE('',#103,#281);
#281 = DEFINITIONAL_REPRESENTATION('',(#282),#286);
#282 = LINE('',#283,#284);
#283 = CARTESIAN_POINT('',(-0.,-9.5));
#284 = VECTOR('',#285,1.);
#285 = DIRECTION('',(-1.,0.));
#286 = ( GEOMETRIC_REPRESENTATION_CONTEXT(2) 
PARAMETRIC_REPRESENTATION_CONTEXT() REPRESENTATION_CONTEXT('2D SPACE',''
  ) );
#287 = PCURVE('',#288,#293);
#288 = PLANE('',#289);
#289 = AXIS2_PLACEMENT_3D('',#290,#291,#292);
#290 = CARTESIAN_POINT('',(-5.078116903294E-04,-7.575154907437E-17,
    6.211174195461));
#291 = DIRECTION('',(0.,0.,1.));
#292 = DIRECTION('',(1.,0.,-0.));
#293 = DEFINITIONAL_REPRESENTATION('',(#294),#298);
#294 = CIRCLE('',#295,5.);
#295 = AXIS2_PLACEMENT_2D('',#296,#297);
#296 = CARTESIAN_POINT('',(2.734357879008E-16,-6.938022664999E-17));
#297 = DIRECTION('',(1.,0.));
#298 = ( GEOMETRIC_REPRESENTATION_CONTEXT(2) 
PARAMETRIC_REPRESENTATION_CONTEXT() REPRESENTATION_CONTEXT('2D SPACE',''
  ) );
#299 = ORIENTED_EDGE('',*,*,#250,.T.);
#300 = ADVANCED_FACE('',(#301),#115,.F.);
#301 = FACE_BOUND('',#302,.F.);
#302 = EDGE_LOOP('',(#303,#446,#447));
#303 = ORIENTED_EDGE('',*,*,#304,.F.);
#304 = EDGE_CURVE('',#94,#305,#307,.T.);
#305 = VERTEX_POINT('',#306);
#306 = CARTESIAN_POINT('',(-5.078116903288E-04,-1.451317757244E-16,
    -7.009255373237));
#307 = SEAM_CURVE('',#308,(#432,#439),.PCURVE_S1.);
#308 = B_SPLINE_CURVE_WITH_KNOTS('',3,(#309,#310,#311,#312,#313,#314,
    #315,#316,#317,#318,#319,#320,#321,#322,#323,#324,#325,#326,#327,
    #328,#329,#330,#331,#332,#333,#334,#335,#336,#337,#338,#339,#340,
    #341,#342,#343,#344,#345,#346,#347,#348,#349,#350,#351,#352,#353,
    #354,#355,#356,#357,#358,#359,#360,#361,#362,#363,#364,#365,#366,
    #367,#368,#369,#370,#371,#372,#373,#374,#375,#376,#377,#378,#379,
    #380,#381,#382,#383,#384,#385,#386,#387,#388,#389,#390,#391,#392,
    #393,#394,#395,#396,#397,#398,#399,#400,#401,#402,#403,#404,#405,
    #406,#407,#408,#409,#410,#411,#412,#413,#414,#415,#416,#417,#418,
    #419,#420,#421,#422,#423,#424,#425,#426,#427,#428,#429,#430,#431),
  .UNSPECIFIED.,.F.,.F.,(4,1,1,1,1,1,1,1,1,1,1,1,1,1,1,1,1,1,1,1,1,1,1,1
    ,1,1,1,1,1,1,1,1,1,1,1,1,1,1,1,1,1,1,1,1,1,1,1,1,1,1,1,1,1,1,1,1,1,1
    ,1,1,1,1,1,1,1,1,1,1,1,1,1,1,1,1,1,1,1,1,1,1,1,1,1,1,1,1,1,1,1,1,1,1
    ,1,1,1,1,1,1,1,1,1,1,1,1,1,1,1,1,1,1,1,1,1,1,1,1,1,1,1,1,4),(0.,
    3.019460270217E-03,6.038920540434E-03,9.05838081065E-03,
    1.207784108087E-02,1.509730135108E-02,1.81167616213E-02,
    2.113622189152E-02,2.415568216173E-02,2.717514243195E-02,
    3.019460270217E-02,3.321406297238E-02,3.62335232426E-02,
    3.925298351282E-02,4.227244378303E-02,4.529190405325E-02,
    4.831136432347E-02,5.133082459368E-02,5.43502848639E-02,
    5.736974513412E-02,6.038920540434E-02,6.340866567455E-02,
    6.642812594477E-02,6.944758621499E-02,7.24670464852E-02,
    7.548650675542E-02,7.850596702564E-02,8.152542729585E-02,
    8.454488756607E-02,8.756434783629E-02,9.05838081065E-02,
    9.360326837672E-02,9.662272864694E-02,9.964218891715E-02,
    0.102661649187,0.105681109458,0.108700569728,0.111720029998,
    0.114739490268,0.117758950538,0.120778410809,0.202869620788,
    0.284960830768,0.367052040748,0.449143250728,0.531234460707,
    0.613325670687,0.695416880667,0.777508090647,0.859599300626,
    0.941690510606,1.023781720586,1.105872930566,1.187964140545,
    1.270055350525,1.352146560505,1.434237770485,1.516328980465,
    1.598420190444,1.680511400424,1.762602610404,1.844693820384,
    1.926785030363,2.008876240343,2.090967450323,2.173058660303,
    2.255149870282,2.337241080262,2.419332290242,2.501423500222,
    2.583514710201,2.665605920181,2.747697130161,2.829788340141,
    2.91187955012,2.9939707601,3.07606197008,3.15815318006,
    3.240244390039,3.322335600019,3.404426809999,3.486518019979,
    3.568609229958,3.650700439938,3.732791649918,3.814882859898,
    3.896974069877,3.979065279857,4.061156489837,4.143247699817,
    4.225338909796,4.307430119776,4.389521329756,4.471612539736,
    4.553703749715,4.635794959695,4.717886169675,4.799977379655,
    4.882068589635,4.964159799614,5.046251009594,5.128342219574,
    5.210433429554,5.292524639533,5.374615849513,5.456707059493,
    5.538798269473,5.620889479452,5.702980689432,5.785071899412,
    5.867163109392,5.949254319371,6.031345529351,6.113436739331,
    6.195527949311,6.27761915929,6.35971036927,6.44180157925,
    6.52389278923,6.605983999209,6.688075209189),.UNSPECIFIED.);
#309 = CARTESIAN_POINT('',(4.99949218831,-1.451317757244E-16,
    -3.288825804539));
#310 = CARTESIAN_POINT('',(4.999492188437,-1.451317757244E-16,
    -3.289832293958));
#311 = CARTESIAN_POINT('',(4.999484169573,-1.451317757244E-16,
    -3.291845272794));
#312 = CARTESIAN_POINT('',(4.99944808636,-1.451317757244E-16,
    -3.294864549399));
#313 = CARTESIAN_POINT('',(4.999387950073,-1.451317757244E-16,
    -3.297883442714));
#314 = CARTESIAN_POINT('',(4.999303764649,-1.451317757244E-16,
    -3.300901761126));
#315 = CARTESIAN_POINT('',(4.999195535397,-1.451317757244E-16,
    -3.303919313056));
#316 = CARTESIAN_POINT('',(4.999063269198,-1.451317757244E-16,
    -3.306935906975));
#317 = CARTESIAN_POINT('',(4.998906974443,-1.451317757244E-16,
    -3.309951351415));
#318 = CARTESIAN_POINT('',(4.998726661053,-1.451317757244E-16,
    -3.31296545498));
#319 = CARTESIAN_POINT('',(4.998522340474,-1.451317757244E-16,
    -3.31597802636));
#320 = CARTESIAN_POINT('',(4.998294025673,-1.451317757244E-16,
    -3.318988874342));
#321 = CARTESIAN_POINT('',(4.998041731142,-1.451317757244E-16,
    -3.321997807823));
#322 = CARTESIAN_POINT('',(4.997765472895,-1.451317757244E-16,
    -3.325004635819));
#323 = CARTESIAN_POINT('',(4.997465268467,-1.451317757244E-16,
    -3.328009167483));
#324 = CARTESIAN_POINT('',(4.997141136911,-1.451317757244E-16,
    -3.331011212112));
#325 = CARTESIAN_POINT('',(4.996793098802,-1.451317757244E-16,
    -3.334010579161));
#326 = CARTESIAN_POINT('',(4.996421176229,-1.451317757244E-16,
    -3.337007078255));
#327 = CARTESIAN_POINT('',(4.996025392799,-1.451317757244E-16,
    -3.340000519201));
#328 = CARTESIAN_POINT('',(4.995605773634,-1.451317757244E-16,
    -3.342990712));
#329 = CARTESIAN_POINT('',(4.995162345366,-1.451317757244E-16,
    -3.34597746686));
#330 = CARTESIAN_POINT('',(4.994695136142,-1.451317757244E-16,
    -3.348960594206));
#331 = CARTESIAN_POINT('',(4.994204175616,-1.451317757244E-16,
    -3.351939904693));
#332 = CARTESIAN_POINT('',(4.99368949495,-1.451317757244E-16,
    -3.354915209221));
#333 = CARTESIAN_POINT('',(4.993151126812,-1.451317757244E-16,
    -3.357886318941));
#334 = CARTESIAN_POINT('',(4.992589105372,-1.451317757244E-16,
    -3.360853045272));
#335 = CARTESIAN_POINT('',(4.992003466304,-1.451317757244E-16,
    -3.36381519991));
#336 = CARTESIAN_POINT('',(4.991394246778,-1.451317757244E-16,
    -3.366772594843));
#337 = CARTESIAN_POINT('',(4.990761485464,-1.451317757244E-16,
    -3.36972504236));
#338 = CARTESIAN_POINT('',(4.990105222522,-1.451317757244E-16,
    -3.372672355063));
#339 = CARTESIAN_POINT('',(4.989425499611,-1.451317757244E-16,
    -3.375614345883));
#340 = CARTESIAN_POINT('',(4.98872235986,-1.451317757244E-16,
    -3.378550828082));
#341 = CARTESIAN_POINT('',(4.987995847948,-1.451317757244E-16,
    -3.381481615293));
#342 = CARTESIAN_POINT('',(4.987246009804,-1.451317757244E-16,
    -3.384406521433));
#343 = CARTESIAN_POINT('',(4.98647289371,-1.451317757244E-16,
    -3.387325361081));
#344 = CARTESIAN_POINT('',(4.985676546166,-1.451317757244E-16,
    -3.390237948124));
#345 = CARTESIAN_POINT('',(4.984857027311,-1.451317757244E-16,
    -3.393144100861));
#346 = CARTESIAN_POINT('',(4.984014353362,-1.451317757244E-16,
    -3.396043623019));
#347 = CARTESIAN_POINT('',(4.983148711407,-1.451317757244E-16,
    -3.398936374656));
#348 = CARTESIAN_POINT('',(4.982259657779,-1.451317757244E-16,
    -3.401822007591));
#349 = CARTESIAN_POINT('',(4.981349109751,-1.451317757244E-16,
    -3.40470095287));
#350 = CARTESIAN_POINT('',(4.972214147138,-1.451317757244E-16,
    -3.432621430642));
#351 = CARTESIAN_POINT('',(4.954257872799,-1.451317757244E-16,
    -3.485387078983));
#352 = CARTESIAN_POINT('',(4.926745209832,-1.451317757244E-16,
    -3.562733213512));
#353 = CARTESIAN_POINT('',(4.89798559971,-1.451317757244E-16,
    -3.639625762936));
#354 = CARTESIAN_POINT('',(4.868036738737,-1.451317757244E-16,
    -3.716062403485));
#355 = CARTESIAN_POINT('',(4.836892391349,-1.451317757244E-16,
    -3.792019986519));
#356 = CARTESIAN_POINT('',(4.804563823386,-1.451317757244E-16,
    -3.867481090678));
#357 = CARTESIAN_POINT('',(4.771057979763,-1.451317757244E-16,
    -3.942426913047));
#358 = CARTESIAN_POINT('',(4.7363833293,-1.451317757244E-16,
    -4.016839179712));
#359 = CARTESIAN_POINT('',(4.700548296082,-1.451317757244E-16,
    -4.090699639536));
#360 = CARTESIAN_POINT('',(4.663561677146,-1.451317757244E-16,
    -4.163990205475));
#361 = CARTESIAN_POINT('',(4.625432527863,-1.451317757244E-16,
    -4.236692922338));
#362 = CARTESIAN_POINT('',(4.586170189848,-1.451317757244E-16,
    -4.308789981012));
#363 = CARTESIAN_POINT('',(4.545784280602,-1.451317757244E-16,
    -4.380263720194));
#364 = CARTESIAN_POINT('',(4.504284693316,-1.451317757244E-16,
    -4.45109663142));
#365 = CARTESIAN_POINT('',(4.461681593871,-1.451317757244E-16,
    -4.521271363166));
#366 = CARTESIAN_POINT('',(4.417985418501,-1.451317757244E-16,
    -4.590770725147));
#367 = CARTESIAN_POINT('',(4.373206871195,-1.451317757244E-16,
    -4.65957769252));
#368 = CARTESIAN_POINT('',(4.327356921089,-1.451317757244E-16,
    -4.727675410051));
#369 = CARTESIAN_POINT('',(4.28044679977,-1.451317757244E-16,
    -4.79504719625));
#370 = CARTESIAN_POINT('',(4.232487998531,-1.451317757244E-16,
    -4.861676547452));
#371 = CARTESIAN_POINT('',(4.183492265554,-1.451317757244E-16,
    -4.927547141861));
#372 = CARTESIAN_POINT('',(4.133471603031,-1.451317757244E-16,
    -4.992642843552));
#373 = CARTESIAN_POINT('',(4.082438264226,-1.451317757244E-16,
    -5.056947706418));
#374 = CARTESIAN_POINT('',(4.030404750471,-1.451317757244E-16,
    -5.12044597808));
#375 = CARTESIAN_POINT('',(3.977383808105,-1.451317757244E-16,
    -5.183122103746));
#376 = CARTESIAN_POINT('',(3.923388425354,-1.451317757244E-16,
    -5.244960730019));
#377 = CARTESIAN_POINT('',(3.868431829143,-1.451317757244E-16,
    -5.30594670866));
#378 = CARTESIAN_POINT('',(3.812527481863,-1.451317757244E-16,
    -5.366065100296));
#379 = CARTESIAN_POINT('',(3.755689078068,-1.451317757244E-16,
    -5.425301178085));
#380 = CARTESIAN_POINT('',(3.697930541122,-1.451317757244E-16,
    -5.483640431317));
#381 = CARTESIAN_POINT('',(3.63926601979,-1.451317757244E-16,
    -5.541068568974));
#382 = CARTESIAN_POINT('',(3.57970988477,-1.451317757244E-16,
    -5.597571523227));
#383 = CARTESIAN_POINT('',(3.519276725174,-1.451317757244E-16,
    -5.653135452884));
#384 = CARTESIAN_POINT('',(3.457981344951,-1.451317757244E-16,
    -5.707746746782));
#385 = CARTESIAN_POINT('',(3.395838759265,-1.451317757244E-16,
    -5.761392027116));
#386 = CARTESIAN_POINT('',(3.332864190816,-1.451317757244E-16,
    -5.814058152723));
#387 = CARTESIAN_POINT('',(3.269073066107,-1.451317757244E-16,
    -5.865732222296));
#388 = CARTESIAN_POINT('',(3.204481011671,-1.451317757244E-16,
    -5.916401577546));
#389 = CARTESIAN_POINT('',(3.139103850236,-1.451317757244E-16,
    -5.966053806303));
#390 = CARTESIAN_POINT('',(3.072957596858,-1.451317757244E-16,
    -6.014676745558));
#391 = CARTESIAN_POINT('',(3.006058454988,-1.451317757244E-16,
    -6.062258484438));
#392 = CARTESIAN_POINT('',(2.938422812511,-1.451317757244E-16,
    -6.10878736713));
#393 = CARTESIAN_POINT('',(2.870067237726,-1.451317757244E-16,
    -6.154251995729));
#394 = CARTESIAN_POINT('',(2.801008475292,-1.451317757244E-16,
    -6.198641233038));
#395 = CARTESIAN_POINT('',(2.73126344212,-1.451317757244E-16,
    -6.241944205288));
#396 = CARTESIAN_POINT('',(2.660849223237,-1.451317757244E-16,
    -6.284150304811));
#397 = CARTESIAN_POINT('',(2.589783067594,-1.451317757244E-16,
    -6.325249192628));
#398 = CARTESIAN_POINT('',(2.518082383841,-1.451317757244E-16,
    -6.365230800991));
#399 = CARTESIAN_POINT('',(2.44576473607,-1.451317757244E-16,
    -6.404085335843));
#400 = CARTESIAN_POINT('',(2.372847839502,-1.451317757244E-16,
    -6.441803279221));
#401 = CARTESIAN_POINT('',(2.299349556154,-1.451317757244E-16,
    -6.478375391586));
#402 = CARTESIAN_POINT('',(2.225287890464,-1.451317757244E-16,
    -6.513792714084));
#403 = CARTESIAN_POINT('',(2.150680984874,-1.451317757244E-16,
    -6.548046570745));
#404 = CARTESIAN_POINT('',(2.075547115395,-1.451317757244E-16,
    -6.581128570608));
#405 = CARTESIAN_POINT('',(1.999904687122,-1.451317757244E-16,
    -6.61303060977));
#406 = CARTESIAN_POINT('',(1.923772229729,-1.451317757244E-16,
    -6.643744873381));
#407 = CARTESIAN_POINT('',(1.847168392931,-1.451317757244E-16,
    -6.67326383755));
#408 = CARTESIAN_POINT('',(1.770111941913,-1.451317757244E-16,
    -6.701580271193));
#409 = CARTESIAN_POINT('',(1.692621752733,-1.451317757244E-16,
    -6.728687237801));
#410 = CARTESIAN_POINT('',(1.614716807702,-1.451317757244E-16,
    -6.754578097143));
#411 = CARTESIAN_POINT('',(1.536416190728,-1.451317757244E-16,
    -6.77924650689));
#412 = CARTESIAN_POINT('',(1.457739082648,-1.451317757244E-16,
    -6.802686424167));
#413 = CARTESIAN_POINT('',(1.378704756524,-1.451317757244E-16,
    -6.824892107039));
#414 = CARTESIAN_POINT('',(1.299332572921,-1.451317757244E-16,
    -6.845858115911));
#415 = CARTESIAN_POINT('',(1.219641975173,-1.451317757244E-16,
    -6.865579314866));
#416 = CARTESIAN_POINT('',(1.139652484607,-1.451317757244E-16,
    -6.88405087292));
#417 = CARTESIAN_POINT('',(1.059383695774,-1.451317757244E-16,
    -6.901268265203));
#418 = CARTESIAN_POINT('',(0.978855271639,-1.451317757244E-16,
    -6.917227274076));
#419 = CARTESIAN_POINT('',(0.898086938771,-1.451317757244E-16,
    -6.931923990154));
#420 = CARTESIAN_POINT('',(0.817098482506,-1.451317757244E-16,
    -6.94535481327));
#421 = CARTESIAN_POINT('',(0.735909742103,-1.451317757244E-16,
    -6.957516453357));
#422 = CARTESIAN_POINT('',(0.654540605884,-1.451317757244E-16,
    -6.96840593125));
#423 = CARTESIAN_POINT('',(0.57301100636,-1.451317757244E-16,
    -6.978020579412));
#424 = CARTESIAN_POINT('',(0.491340915353,-1.451317757244E-16,
    -6.986358042632));
#425 = CARTESIAN_POINT('',(0.409550339095,-1.451317757244E-16,
    -6.993416278405));
#426 = CARTESIAN_POINT('',(0.327659313344,-1.451317757244E-16,
    -6.999193558194));
#427 = CARTESIAN_POINT('',(0.245687898422,-1.451317757244E-16,
    -7.003688464992));
#428 = CARTESIAN_POINT('',(0.163656174506,-1.451317757244E-16,
    -7.006899904356));
#429 = CARTESIAN_POINT('',(8.158423594373E-02,-1.451317757244E-16,
    -7.00882706479));
#430 = CARTESIAN_POINT('',(2.685620476702E-02,-1.451317757244E-16,
    -7.009255399461));
#431 = CARTESIAN_POINT('',(-5.078116903288E-04,-1.451317757244E-16,
    -7.009255373237));
#432 = PCURVE('',#115,#433);
#433 = DEFINITIONAL_REPRESENTATION('',(#434),#438);
#434 = LINE('',#435,#436);
#435 = CARTESIAN_POINT('',(0.,0.));
#436 = VECTOR('',#437,1.);
#437 = DIRECTION('',(0.,1.));
#438 = ( GEOMETRIC_REPRESENTATION_CONTEXT(2) 
PARAMETRIC_REPRESENTATION_CONTEXT() REPRESENTATION_CONTEXT('2D SPACE',''
  ) );
#439 = PCURVE('',#115,#440);
#440 = DEFINITIONAL_REPRESENTATION('',(#441),#445);
#441 = LINE('',#442,#443);
#442 = CARTESIAN_POINT('',(6.28318530718,0.));
#443 = VECTOR('',#444,1.);
#444 = DIRECTION('',(0.,1.));
#445 = ( GEOMETRIC_REPRESENTATION_CONTEXT(2) 
PARAMETRIC_REPRESENTATION_CONTEXT() REPRESENTATION_CONTEXT('2D SPACE',''
  ) );
#446 = ORIENTED_EDGE('',*,*,#93,.T.);
#447 = ORIENTED_EDGE('',*,*,#304,.T.);
#448 = ADVANCED_FACE('',(#449),#288,.T.);
#449 = FACE_BOUND('',#450,.T.);
#450 = EDGE_LOOP('',(#451));
#451 = ORIENTED_EDGE('',*,*,#273,.T.);
#452 = ORIENTED_CLOSED_SHELL('',*,#453,.F.);
#453 = CLOSED_SHELL('',(#454,#665,#813));
#454 = ADVANCED_FACE('',(#455),#469,.T.);
#455 = FACE_BOUND('',#456,.F.);
#456 = EDGE_LOOP('',(#457,#487,#514,#515));
#457 = ORIENTED_EDGE('',*,*,#458,.T.);
#458 = EDGE_CURVE('',#459,#461,#463,.T.);
#459 = VERTEX_POINT('',#460);
#460 = CARTESIAN_POINT('',(4.50449218831,-1.451317757244E-16,
    -3.288825804539));
#461 = VERTEX_POINT('',#462);
#462 = CARTESIAN_POINT('',(4.50449218831,-1.451317757244E-16,
    5.711174195461));
#463 = SEAM_CURVE('',#464,(#468,#480),.PCURVE_S1.);
#464 = LINE('',#465,#466);
#465 = CARTESIAN_POINT('',(4.50449218831,-1.451317757244E-16,
    -3.288825804539));
#466 = VECTOR('',#467,1.);
#467 = DIRECTION('',(0.,0.,1.));
#468 = PCURVE('',#469,#474);
#469 = CYLINDRICAL_SURFACE('',#470,4.505);
#470 = AXIS2_PLACEMENT_3D('',#471,#472,#473);
#471 = CARTESIAN_POINT('',(-5.078116903292E-04,-1.451317757244E-16,
    -3.288825804539));
#472 = DIRECTION('',(-0.,-0.,-1.));
#473 = DIRECTION('',(1.,0.,0.));
#474 = DEFINITIONAL_REPRESENTATION('',(#475),#479);
#475 = LINE('',#476,#477);
#476 = CARTESIAN_POINT('',(-0.,0.));
#477 = VECTOR('',#478,1.);
#478 = DIRECTION('',(-0.,-1.));
#479 = ( GEOMETRIC_REPRESENTATION_CONTEXT(2) 
PARAMETRIC_REPRESENTATION_CONTEXT() REPRESENTATION_CONTEXT('2D SPACE',''
  ) );
#480 = PCURVE('',#469,#481);
#481 = DEFINITIONAL_REPRESENTATION('',(#482),#486);
#482 = LINE('',#483,#484);
#483 = CARTESIAN_POINT('',(-6.28318530718,0.));
#484 = VECTOR('',#485,1.);
#485 = DIRECTION('',(-0.,-1.));
#486 = ( GEOMETRIC_REPRESENTATION_CONTEXT(2) 
PARAMETRIC_REPRESENTATION_CONTEXT() REPRESENTATION_CONTEXT('2D SPACE',''
  ) );
#487 = ORIENTED_EDGE('',*,*,#488,.T.);
#488 = EDGE_CURVE('',#461,#461,#489,.T.);
#489 = SURFACE_CURVE('',#490,(#495,#502),.PCURVE_S1.);
#490 = CIRCLE('',#491,4.505);
#491 = AXIS2_PLACEMENT_3D('',#492,#493,#494);
#492 = CARTESIAN_POINT('',(-5.078116903292E-04,-1.451317757244E-16,
    5.711174195461));
#493 = DIRECTION('',(0.,0.,1.));
#494 = DIRECTION('',(1.,0.,0.));
#495 = PCURVE('',#469,#496);
#496 = DEFINITIONAL_REPRESENTATION('',(#497),#501);
#497 = LINE('',#498,#499);
#498 = CARTESIAN_POINT('',(-0.,-9.));
#499 = VECTOR('',#500,1.);
#500 = DIRECTION('',(-1.,0.));
#501 = ( GEOMETRIC_REPRESENTATION_CONTEXT(2) 
PARAMETRIC_REPRESENTATION_CONTEXT() REPRESENTATION_CONTEXT('2D SPACE',''
  ) );
#502 = PCURVE('',#503,#508);
#503 = PLANE('',#504);
#504 = AXIS2_PLACEMENT_3D('',#505,#506,#507);
#505 = CARTESIAN_POINT('',(-5.078116903295E-04,-2.549458318779E-17,
    5.711174195461));
#506 = DIRECTION('',(0.,0.,1.));
#507 = DIRECTION('',(1.,0.,-0.));
#508 = DEFINITIONAL_REPRESENTATION('',(#509),#513);
#509 = CIRCLE('',#510,4.505);
#510 = AXIS2_PLACEMENT_2D('',#511,#512);
#511 = CARTESIAN_POINT('',(3.035766082959E-16,-1.196371925366E-16));
#512 = DIRECTION('',(1.,0.));
#513 = ( GEOMETRIC_REPRESENTATION_CONTEXT(2) 
PARAMETRIC_REPRESENTATION_CONTEXT() REPRESENTATION_CONTEXT('2D SPACE',''
  ) );
#514 = ORIENTED_EDGE('',*,*,#458,.F.);
#515 = ORIENTED_EDGE('',*,*,#516,.F.);
#516 = EDGE_CURVE('',#459,#459,#517,.T.);
#517 = SURFACE_CURVE('',#518,(#523,#530),.PCURVE_S1.);
#518 = CIRCLE('',#519,4.505);
#519 = AXIS2_PLACEMENT_3D('',#520,#521,#522);
#520 = CARTESIAN_POINT('',(-5.078116903292E-04,-1.451317757244E-16,
    -3.288825804539));
#521 = DIRECTION('',(0.,0.,1.));
#522 = DIRECTION('',(1.,0.,0.));
#523 = PCURVE('',#469,#524);
#524 = DEFINITIONAL_REPRESENTATION('',(#525),#529);
#525 = LINE('',#526,#527);
#526 = CARTESIAN_POINT('',(-0.,0.));
#527 = VECTOR('',#528,1.);
#528 = DIRECTION('',(-1.,0.));
#529 = ( GEOMETRIC_REPRESENTATION_CONTEXT(2) 
PARAMETRIC_REPRESENTATION_CONTEXT() REPRESENTATION_CONTEXT('2D SPACE',''
  ) );
#530 = PCURVE('',#531,#659);
#531 = SURFACE_OF_REVOLUTION('',#532,#656);
#532 = B_SPLINE_CURVE_WITH_KNOTS('',3,(#533,#534,#535,#536,#537,#538,
    #539,#540,#541,#542,#543,#544,#545,#546,#547,#548,#549,#550,#551,
    #552,#553,#554,#555,#556,#557,#558,#559,#560,#561,#562,#563,#564,
    #565,#566,#567,#568,#569,#570,#571,#572,#573,#574,#575,#576,#577,
    #578,#579,#580,#581,#582,#583,#584,#585,#586,#587,#588,#589,#590,
    #591,#592,#593,#594,#595,#596,#597,#598,#599,#600,#601,#602,#603,
    #604,#605,#606,#607,#608,#609,#610,#611,#612,#613,#614,#615,#616,
    #617,#618,#619,#620,#621,#622,#623,#624,#625,#626,#627,#628,#629,
    #630,#631,#632,#633,#634,#635,#636,#637,#638,#639,#640,#641,#642,
    #643,#644,#645,#646,#647,#648,#649,#650,#651,#652,#653,#654,#655),
  .UNSPECIFIED.,.F.,.F.,(4,1,1,1,1,1,1,1,1,1,1,1,1,1,1,1,1,1,1,1,1,1,1,1
    ,1,1,1,1,1,1,1,1,1,1,1,1,1,1,1,1,1,1,1,1,1,1,1,1,1,1,1,1,1,1,1,1,1,1
    ,1,1,1,1,1,1,1,1,1,1,1,1,1,1,1,1,1,1,1,1,1,1,1,1,1,1,1,1,1,1,1,1,1,1
    ,1,1,1,1,1,1,1,1,1,1,1,1,1,1,1,1,1,1,1,1,1,1,1,1,1,1,1,1,4),(0.,
    5.294007015428E-03,1.058801403086E-02,1.588202104629E-02,
    2.117602806171E-02,2.647003507714E-02,3.176404209257E-02,
    3.7058049108E-02,4.235205612343E-02,4.764606313886E-02,
    5.294007015428E-02,5.823407716971E-02,6.352808418514E-02,
    6.882209120057E-02,7.4116098216E-02,7.941010523143E-02,
    8.470411224685E-02,8.999811926228E-02,9.529212627771E-02,
    0.100586133293,0.105880140309,0.111174147324,0.116468154339,
    0.121762161355,0.12705616837,0.132350175386,0.137644182401,
    0.142938189417,0.148232196432,0.153526203447,0.158820210463,
    0.164114217478,0.169408224494,0.174702231509,0.179996238525,
    0.18529024554,0.190584252555,0.195878259571,0.201172266586,
    0.206466273602,0.211760280617,0.278112860268,0.344465439918,
    0.410818019569,0.47717059922,0.54352317887,0.609875758521,
    0.676228338171,0.742580917822,0.808933497473,0.875286077123,
    0.941638656774,1.007991236424,1.074343816075,1.140696395725,
    1.207048975376,1.273401555027,1.339754134677,1.406106714328,
    1.472459293978,1.538811873629,1.60516445328,1.67151703293,
    1.737869612581,1.804222192231,1.870574771882,1.936927351533,
    2.003279931183,2.069632510834,2.135985090484,2.202337670135,
    2.268690249786,2.335042829436,2.401395409087,2.467747988737,
    2.534100568388,2.600453148039,2.666805727689,2.73315830734,
    2.79951088699,2.865863466641,2.932216046292,2.998568625942,
    3.064921205593,3.131273785243,3.197626364894,3.263978944545,
    3.330331524195,3.396684103846,3.463036683496,3.529389263147,
    3.595741842798,3.662094422448,3.728447002099,3.794799581749,
    3.8611521614,3.927504741051,3.993857320701,4.060209900352,
    4.126562480002,4.192915059653,4.259267639304,4.325620218954,
    4.391972798605,4.458325378255,4.524677957906,4.591030537557,
    4.657383117207,4.723735696858,4.790088276508,4.856440856159,
    4.922793435809,4.98914601546,5.055498595111,5.121851174761,
    5.188203754412,5.254556334062,5.320908913713,5.387261493364,
    5.453614073014,5.519966652665),.UNSPECIFIED.);
#533 = CARTESIAN_POINT('',(4.50449218831,-1.451317757244E-16,
    -3.288825804539));
#534 = CARTESIAN_POINT('',(4.504492189512,-1.451317757244E-16,
    -3.290590487911));
#535 = CARTESIAN_POINT('',(4.504467537425,-1.451317757244E-16,
    -3.294119854583));
#536 = CARTESIAN_POINT('',(4.504356618876,-1.451317757244E-16,
    -3.299412871702));
#537 = CARTESIAN_POINT('',(4.504171777305,-1.451317757244E-16,
    -3.304703823109));
#538 = CARTESIAN_POINT('',(4.503913049916,-1.451317757244E-16,
    -3.309991676481));
#539 = CARTESIAN_POINT('',(4.503580486885,-1.451317757244E-16,
    -3.315275400074));
#540 = CARTESIAN_POINT('',(4.503174153182,-1.451317757244E-16,
    -3.320553962954));
#541 = CARTESIAN_POINT('',(4.502694128067,-1.451317757244E-16,
    -3.325826335196));
#542 = CARTESIAN_POINT('',(4.502140505206,-1.451317757244E-16,
    -3.33109148808));
#543 = CARTESIAN_POINT('',(4.501513392617,-1.451317757244E-16,
    -3.336348394296));
#544 = CARTESIAN_POINT('',(4.500812912659,-1.451317757244E-16,
    -3.341596028144));
#545 = CARTESIAN_POINT('',(4.500039202008,-1.451317757244E-16,
    -3.34683336573));
#546 = CARTESIAN_POINT('',(4.499192411625,-1.451317757244E-16,
    -3.352059385173));
#547 = CARTESIAN_POINT('',(4.498272706732,-1.451317757244E-16,
    -3.357273066796));
#548 = CARTESIAN_POINT('',(4.497280266777,-1.451317757244E-16,
    -3.362473393334));
#549 = CARTESIAN_POINT('',(4.4962152854,-1.451317757244E-16,
    -3.367659350125));
#550 = CARTESIAN_POINT('',(4.495077970395,-1.451317757244E-16,
    -3.37282992531));
#551 = CARTESIAN_POINT('',(4.493868543668,-1.451317757244E-16,
    -3.377984110033));
#552 = CARTESIAN_POINT('',(4.492587241198,-1.451317757244E-16,
    -3.383120898635));
#553 = CARTESIAN_POINT('',(4.491234312985,-1.451317757244E-16,
    -3.388239288853));
#554 = CARTESIAN_POINT('',(4.489810023007,-1.451317757244E-16,
    -3.39333828201));
#555 = CARTESIAN_POINT('',(4.488314649163,-1.451317757244E-16,
    -3.398416883219));
#556 = CARTESIAN_POINT('',(4.486748483223,-1.451317757244E-16,
    -3.403474101566));
#557 = CARTESIAN_POINT('',(4.48511183077,-1.451317757244E-16,
    -3.408508950314));
#558 = CARTESIAN_POINT('',(4.483405011139,-1.451317757244E-16,
    -3.413520447088));
#559 = CARTESIAN_POINT('',(4.481628357356,-1.451317757244E-16,
    -3.418507614069));
#560 = CARTESIAN_POINT('',(4.479782216072,-1.451317757244E-16,
    -3.423469478187));
#561 = CARTESIAN_POINT('',(4.477866947499,-1.451317757244E-16,
    -3.428405071309));
#562 = CARTESIAN_POINT('',(4.475882925332,-1.451317757244E-16,
    -3.433313430424));
#563 = CARTESIAN_POINT('',(4.473830536691,-1.451317757244E-16,
    -3.438193597843));
#564 = CARTESIAN_POINT('',(4.471710181995,-1.451317757244E-16,
    -3.443044621352));
#565 = CARTESIAN_POINT('',(4.469522275085,-1.451317757244E-16,
    -3.447865554525));
#566 = CARTESIAN_POINT('',(4.46726724237,-1.451317757244E-16,
    -3.452655456421));
#567 = CARTESIAN_POINT('',(4.464945525655,-1.451317757244E-16,
    -3.457413393593));
#568 = CARTESIAN_POINT('',(4.462557571167,-1.451317757244E-16,
    -3.462138433462));
#569 = CARTESIAN_POINT('',(4.460103870115,-1.451317757244E-16,
    -3.466829669906));
#570 = CARTESIAN_POINT('',(4.457584806899,-1.451317757244E-16,
    -3.471486128611));
#571 = CARTESIAN_POINT('',(4.455001225152,-1.451317757244E-16,
    -3.476107121163));
#572 = CARTESIAN_POINT('',(4.452352314822,-1.451317757244E-16,
    -3.480690924398));
#573 = CARTESIAN_POINT('',(4.449643497213,-1.451317757244E-16,
    -3.485239709974));
#574 = CARTESIAN_POINT('',(4.436144272657,-1.451317757244E-16,
    -3.507046965908));
#575 = CARTESIAN_POINT('',(4.411413242526,-1.451317757244E-16,
    -3.545835376275));
#576 = CARTESIAN_POINT('',(4.375214623018,-1.451317757244E-16,
    -3.601445181769));
#577 = CARTESIAN_POINT('',(4.338267251676,-1.451317757244E-16,
    -3.656561800643));
#578 = CARTESIAN_POINT('',(4.300638495845,-1.451317757244E-16,
    -3.711214866396));
#579 = CARTESIAN_POINT('',(4.262317910936,-1.451317757244E-16,
    -3.765385328637));
#580 = CARTESIAN_POINT('',(4.223316041942,-1.451317757244E-16,
    -3.819067278896));
#581 = CARTESIAN_POINT('',(4.183637948417,-1.451317757244E-16,
    -3.872251386211));
#582 = CARTESIAN_POINT('',(4.143290297167,-1.451317757244E-16,
    -3.924929337298));
#583 = CARTESIAN_POINT('',(4.102279460491,-1.451317757244E-16,
    -3.97709264854));
#584 = CARTESIAN_POINT('',(4.060612024448,-1.451317757244E-16,
    -4.028732986026));
#585 = CARTESIAN_POINT('',(4.018294651342,-1.451317757244E-16,
    -4.079842081499));
#586 = CARTESIAN_POINT('',(3.975334115215,-1.451317757244E-16,
    -4.130411756554));
#587 = CARTESIAN_POINT('',(3.931737290974,-1.451317757244E-16,
    -4.180433917818));
#588 = CARTESIAN_POINT('',(3.887511155907,-1.451317757244E-16,
    -4.229900559892));
#589 = CARTESIAN_POINT('',(3.842662787872,-1.451317757244E-16,
    -4.278803766184));
#590 = CARTESIAN_POINT('',(3.797199364345,-1.451317757244E-16,
    -4.327135710302));
#591 = CARTESIAN_POINT('',(3.751128161223,-1.451317757244E-16,
    -4.374888657269));
#592 = CARTESIAN_POINT('',(3.704456551678,-1.451317757244E-16,
    -4.422054964773));
#593 = CARTESIAN_POINT('',(3.657192004966,-1.451317757244E-16,
    -4.468627084384));
#594 = CARTESIAN_POINT('',(3.609342085236,-1.451317757244E-16,
    -4.51459756277));
#595 = CARTESIAN_POINT('',(3.560914450323,-1.451317757244E-16,
    -4.559959042879));
#596 = CARTESIAN_POINT('',(3.511916850513,-1.451317757244E-16,
    -4.604704265127));
#597 = CARTESIAN_POINT('',(3.462357127314,-1.451317757244E-16,
    -4.648826068552));
#598 = CARTESIAN_POINT('',(3.412243212191,-1.451317757244E-16,
    -4.692317391964));
#599 = CARTESIAN_POINT('',(3.361583125304,-1.451317757244E-16,
    -4.735171275075));
#600 = CARTESIAN_POINT('',(3.31038497422,-1.451317757244E-16,
    -4.77738085961));
#601 = CARTESIAN_POINT('',(3.258656952618,-1.451317757244E-16,
    -4.818939390409));
#602 = CARTESIAN_POINT('',(3.206407338975,-1.451317757244E-16,
    -4.859840216504));
#603 = CARTESIAN_POINT('',(3.153644495244,-1.451317757244E-16,
    -4.900076792185));
#604 = CARTESIAN_POINT('',(3.100376865516,-1.451317757244E-16,
    -4.939642678049));
#605 = CARTESIAN_POINT('',(3.046612974665,-1.451317757244E-16,
    -4.978531542028));
#606 = CARTESIAN_POINT('',(2.992361426987,-1.451317757244E-16,
    -5.016737160406));
#607 = CARTESIAN_POINT('',(2.937630904821,-1.451317757244E-16,
    -5.054253418808));
#608 = CARTESIAN_POINT('',(2.882430167161,-1.451317757244E-16,
    -5.091074313188));
#609 = CARTESIAN_POINT('',(2.826768048255,-1.451317757244E-16,
    -5.127193950782));
#610 = CARTESIAN_POINT('',(2.770653456187,-1.451317757244E-16,
    -5.162606551056));
#611 = CARTESIAN_POINT('',(2.714095371457,-1.451317757244E-16,
    -5.197306446627));
#612 = CARTESIAN_POINT('',(2.657102845538,-1.451317757244E-16,
    -5.231288084175));
#613 = CARTESIAN_POINT('',(2.599684999433,-1.451317757244E-16,
    -5.264546025328));
#614 = CARTESIAN_POINT('',(2.54185102221,-1.451317757244E-16,
    -5.297074947531));
#615 = CARTESIAN_POINT('',(2.483610169538,-1.451317757244E-16,
    -5.328869644904));
#616 = CARTESIAN_POINT('',(2.424971762197,-1.451317757244E-16,
    -5.359925029068));
#617 = CARTESIAN_POINT('',(2.365945184594,-1.451317757244E-16,
    -5.390236129965));
#618 = CARTESIAN_POINT('',(2.306539883258,-1.451317757244E-16,
    -5.41979809665));
#619 = CARTESIAN_POINT('',(2.246765365328,-1.451317757244E-16,
    -5.448606198067));
#620 = CARTESIAN_POINT('',(2.186631197031,-1.451317757244E-16,
    -5.47665582381));
#621 = CARTESIAN_POINT('',(2.126147002154,-1.451317757244E-16,
    -5.503942484858));
#622 = CARTESIAN_POINT('',(2.0653224605,-1.451317757244E-16,
    -5.530461814291));
#623 = CARTESIAN_POINT('',(2.00416730634,-1.451317757244E-16,
    -5.556209567995));
#624 = CARTESIAN_POINT('',(1.942691326859,-1.451317757244E-16,
    -5.581181625337));
#625 = CARTESIAN_POINT('',(1.880904360583,-1.451317757244E-16,
    -5.605373989824));
#626 = CARTESIAN_POINT('',(1.818816295809,-1.451317757244E-16,
    -5.628782789744));
#627 = CARTESIAN_POINT('',(1.756437069022,-1.451317757244E-16,
    -5.651404278788));
#628 = CARTESIAN_POINT('',(1.693776663304,-1.451317757244E-16,
    -5.673234836645));
#629 = CARTESIAN_POINT('',(1.630845106737,-1.451317757244E-16,
    -5.694270969584));
#630 = CARTESIAN_POINT('',(1.567652470794,-1.451317757244E-16,
    -5.714509311011));
#631 = CARTESIAN_POINT('',(1.504208868736,-1.451317757244E-16,
    -5.733946622013));
#632 = CARTESIAN_POINT('',(1.440524453986,-1.451317757244E-16,
    -5.75257979187));
#633 = CARTESIAN_POINT('',(1.376609418504,-1.451317757244E-16,
    -5.770405838556));
#634 = CARTESIAN_POINT('',(1.312473991162,-1.451317757244E-16,
    -5.787421909216));
#635 = CARTESIAN_POINT('',(1.248128436101,-1.451317757244E-16,
    -5.803625280623));
#636 = CARTESIAN_POINT('',(1.183583051091,-1.451317757244E-16,
    -5.819013359613));
#637 = CARTESIAN_POINT('',(1.118848165883,-1.451317757244E-16,
    -5.833583683499));
#638 = CARTESIAN_POINT('',(1.053934140554,-1.451317757244E-16,
    -5.847333920468));
#639 = CARTESIAN_POINT('',(0.988851363852,-1.451317757244E-16,
    -5.860261869952));
#640 = CARTESIAN_POINT('',(0.923610251531,-1.451317757244E-16,
    -5.87236546298));
#641 = CARTESIAN_POINT('',(0.858221244685,-1.451317757244E-16,
    -5.883642762511));
#642 = CARTESIAN_POINT('',(0.792694808076,-1.451317757244E-16,
    -5.894091963742));
#643 = CARTESIAN_POINT('',(0.72704142846,-1.451317757244E-16,
    -5.903711394398));
#644 = CARTESIAN_POINT('',(0.661271612911,-1.451317757244E-16,
    -5.912499514998));
#645 = CARTESIAN_POINT('',(0.595395887135,-1.451317757244E-16,
    -5.920454919105));
#646 = CARTESIAN_POINT('',(0.529424793788,-1.451317757244E-16,
    -5.927576333548));
#647 = CARTESIAN_POINT('',(0.463368890789,-1.451317757244E-16,
    -5.933862618623));
#648 = CARTESIAN_POINT('',(0.39723874963,-1.451317757244E-16,
    -5.939312768295));
#649 = CARTESIAN_POINT('',(0.331044953683,-1.451317757244E-16,
    -5.943925910277));
#650 = CARTESIAN_POINT('',(0.264798096511,-1.451317757244E-16,
    -5.947701306491));
#651 = CARTESIAN_POINT('',(0.198508780153,-1.451317757244E-16,
    -5.950638351968));
#652 = CARTESIAN_POINT('',(0.132187613502,-1.451317757244E-16,
    -5.952736579505));
#653 = CARTESIAN_POINT('',(6.58452103356E-02,-1.451317757244E-16,
    -5.953995642715));
#654 = CARTESIAN_POINT('',(2.160986251818E-02,-1.451317757244E-16,
    -5.954275467319));
#655 = CARTESIAN_POINT('',(-5.078116903288E-04,-1.451317757244E-16,
    -5.954275456125));
#656 = AXIS1_PLACEMENT('',#657,#658);
#657 = CARTESIAN_POINT('',(-5.078116903292E-04,-1.451317757244E-16,
    -3.288825804539));
#658 = DIRECTION('',(0.,0.,1.));
#659 = DEFINITIONAL_REPRESENTATION('',(#660),#664);
#660 = LINE('',#661,#662);
#661 = CARTESIAN_POINT('',(0.,0.));
#662 = VECTOR('',#663,1.);
#663 = DIRECTION('',(1.,0.));
#664 = ( GEOMETRIC_REPRESENTATION_CONTEXT(2) 
PARAMETRIC_REPRESENTATION_CONTEXT() REPRESENTATION_CONTEXT('2D SPACE',''
  ) );
#665 = ADVANCED_FACE('',(#666),#531,.F.);
#666 = FACE_BOUND('',#667,.F.);
#667 = EDGE_LOOP('',(#668,#811,#812));
#668 = ORIENTED_EDGE('',*,*,#669,.F.);
#669 = EDGE_CURVE('',#459,#670,#672,.T.);
#670 = VERTEX_POINT('',#671);
#671 = CARTESIAN_POINT('',(-5.078116903288E-04,-1.451317757244E-16,
    -5.954275456125));
#672 = SEAM_CURVE('',#673,(#797,#804),.PCURVE_S1.);
#673 = B_SPLINE_CURVE_WITH_KNOTS('',3,(#674,#675,#676,#677,#678,#679,
    #680,#681,#682,#683,#684,#685,#686,#687,#688,#689,#690,#691,#692,
    #693,#694,#695,#696,#697,#698,#699,#700,#701,#702,#703,#704,#705,
    #706,#707,#708,#709,#710,#711,#712,#713,#714,#715,#716,#717,#718,
    #719,#720,#721,#722,#723,#724,#725,#726,#727,#728,#729,#730,#731,
    #732,#733,#734,#735,#736,#737,#738,#739,#740,#741,#742,#743,#744,
    #745,#746,#747,#748,#749,#750,#751,#752,#753,#754,#755,#756,#757,
    #758,#759,#760,#761,#762,#763,#764,#765,#766,#767,#768,#769,#770,
    #771,#772,#773,#774,#775,#776,#777,#778,#779,#780,#781,#782,#783,
    #784,#785,#786,#787,#788,#789,#790,#791,#792,#793,#794,#795,#796),
  .UNSPECIFIED.,.F.,.F.,(4,1,1,1,1,1,1,1,1,1,1,1,1,1,1,1,1,1,1,1,1,1,1,1
    ,1,1,1,1,1,1,1,1,1,1,1,1,1,1,1,1,1,1,1,1,1,1,1,1,1,1,1,1,1,1,1,1,1,1
    ,1,1,1,1,1,1,1,1,1,1,1,1,1,1,1,1,1,1,1,1,1,1,1,1,1,1,1,1,1,1,1,1,1,1
    ,1,1,1,1,1,1,1,1,1,1,1,1,1,1,1,1,1,1,1,1,1,1,1,1,1,1,1,1,4),(0.,
    5.294007015428E-03,1.058801403086E-02,1.588202104629E-02,
    2.117602806171E-02,2.647003507714E-02,3.176404209257E-02,
    3.7058049108E-02,4.235205612343E-02,4.764606313886E-02,
    5.294007015428E-02,5.823407716971E-02,6.352808418514E-02,
    6.882209120057E-02,7.4116098216E-02,7.941010523143E-02,
    8.470411224685E-02,8.999811926228E-02,9.529212627771E-02,
    0.100586133293,0.105880140309,0.111174147324,0.116468154339,
    0.121762161355,0.12705616837,0.132350175386,0.137644182401,
    0.142938189417,0.148232196432,0.153526203447,0.158820210463,
    0.164114217478,0.169408224494,0.174702231509,0.179996238525,
    0.18529024554,0.190584252555,0.195878259571,0.201172266586,
    0.206466273602,0.211760280617,0.278112860268,0.344465439918,
    0.410818019569,0.47717059922,0.54352317887,0.609875758521,
    0.676228338171,0.742580917822,0.808933497473,0.875286077123,
    0.941638656774,1.007991236424,1.074343816075,1.140696395725,
    1.207048975376,1.273401555027,1.339754134677,1.406106714328,
    1.472459293978,1.538811873629,1.60516445328,1.67151703293,
    1.737869612581,1.804222192231,1.870574771882,1.936927351533,
    2.003279931183,2.069632510834,2.135985090484,2.202337670135,
    2.268690249786,2.335042829436,2.401395409087,2.467747988737,
    2.534100568388,2.600453148039,2.666805727689,2.73315830734,
    2.79951088699,2.865863466641,2.932216046292,2.998568625942,
    3.064921205593,3.131273785243,3.197626364894,3.263978944545,
    3.330331524195,3.396684103846,3.463036683496,3.529389263147,
    3.595741842798,3.662094422448,3.728447002099,3.794799581749,
    3.8611521614,3.927504741051,3.993857320701,4.060209900352,
    4.126562480002,4.192915059653,4.259267639304,4.325620218954,
    4.391972798605,4.458325378255,4.524677957906,4.591030537557,
    4.657383117207,4.723735696858,4.790088276508,4.856440856159,
    4.922793435809,4.98914601546,5.055498595111,5.121851174761,
    5.188203754412,5.254556334062,5.320908913713,5.387261493364,
    5.453614073014,5.519966652665),.UNSPECIFIED.);
#674 = CARTESIAN_POINT('',(4.50449218831,-1.451317757244E-16,
    -3.288825804539));
#675 = CARTESIAN_POINT('',(4.504492189512,-1.451317757244E-16,
    -3.290590487911));
#676 = CARTESIAN_POINT('',(4.504467537425,-1.451317757244E-16,
    -3.294119854583));
#677 = CARTESIAN_POINT('',(4.504356618876,-1.451317757244E-16,
    -3.299412871702));
#678 = CARTESIAN_POINT('',(4.504171777305,-1.451317757244E-16,
    -3.304703823109));
#679 = CARTESIAN_POINT('',(4.503913049916,-1.451317757244E-16,
    -3.309991676481));
#680 = CARTESIAN_POINT('',(4.503580486885,-1.451317757244E-16,
    -3.315275400074));
#681 = CARTESIAN_POINT('',(4.503174153182,-1.451317757244E-16,
    -3.320553962954));
#682 = CARTESIAN_POINT('',(4.502694128067,-1.451317757244E-16,
    -3.325826335196));
#683 = CARTESIAN_POINT('',(4.502140505206,-1.451317757244E-16,
    -3.33109148808));
#684 = CARTESIAN_POINT('',(4.501513392617,-1.451317757244E-16,
    -3.336348394296));
#685 = CARTESIAN_POINT('',(4.500812912659,-1.451317757244E-16,
    -3.341596028144));
#686 = CARTESIAN_POINT('',(4.500039202008,-1.451317757244E-16,
    -3.34683336573));
#687 = CARTESIAN_POINT('',(4.499192411625,-1.451317757244E-16,
    -3.352059385173));
#688 = CARTESIAN_POINT('',(4.498272706732,-1.451317757244E-16,
    -3.357273066796));
#689 = CARTESIAN_POINT('',(4.497280266777,-1.451317757244E-16,
    -3.362473393334));
#690 = CARTESIAN_POINT('',(4.4962152854,-1.451317757244E-16,
    -3.367659350125));
#691 = CARTESIAN_POINT('',(4.495077970395,-1.451317757244E-16,
    -3.37282992531));
#692 = CARTESIAN_POINT('',(4.493868543668,-1.451317757244E-16,
    -3.377984110033));
#693 = CARTESIAN_POINT('',(4.492587241198,-1.451317757244E-16,
    -3.383120898635));
#694 = CARTESIAN_POINT('',(4.491234312985,-1.451317757244E-16,
    -3.388239288853));
#695 = CARTESIAN_POINT('',(4.489810023007,-1.451317757244E-16,
    -3.39333828201));
#696 = CARTESIAN_POINT('',(4.488314649163,-1.451317757244E-16,
    -3.398416883219));
#697 = CARTESIAN_POINT('',(4.486748483223,-1.451317757244E-16,
    -3.403474101566));
#698 = CARTESIAN_POINT('',(4.48511183077,-1.451317757244E-16,
    -3.408508950314));
#699 = CARTESIAN_POINT('',(4.483405011139,-1.451317757244E-16,
    -3.413520447088));
#700 = CARTESIAN_POINT('',(4.481628357356,-1.451317757244E-16,
    -3.418507614069));
#701 = CARTESIAN_POINT('',(4.479782216072,-1.451317757244E-16,
    -3.423469478187));
#702 = CARTESIAN_POINT('',(4.477866947499,-1.451317757244E-16,
    -3.428405071309));
#703 = CARTESIAN_POINT('',(4.475882925332,-1.451317757244E-16,
    -3.433313430424));
#704 = CARTESIAN_POINT('',(4.473830536691,-1.451317757244E-16,
    -3.438193597843));
#705 = CARTESIAN_POINT('',(4.471710181995,-1.451317757244E-16,
    -3.443044621352));
#706 = CARTESIAN_POINT('',(4.469522275085,-1.451317757244E-16,
    -3.447865554525));
#707 = CARTESIAN_POINT('',(4.46726724237,-1.451317757244E-16,
    -3.452655456421));
#708 = CARTESIAN_POINT('',(4.464945525655,-1.451317757244E-16,
    -3.457413393593));
#709 = CARTESIAN_POINT('',(4.462557571167,-1.451317757244E-16,
    -3.462138433462));
#710 = CARTESIAN_POINT('',(4.460103870115,-1.451317757244E-16,
    -3.466829669906));
#711 = CARTESIAN_POINT('',(4.457584806899,-1.451317757244E-16,
    -3.471486128611));
#712 = CARTESIAN_POINT('',(4.455001225152,-1.451317757244E-16,
    -3.476107121163));
#713 = CARTESIAN_POINT('',(4.452352314822,-1.451317757244E-16,
    -3.480690924398));
#714 = CARTESIAN_POINT('',(4.449643497213,-1.451317757244E-16,
    -3.485239709974));
#715 = CARTESIAN_POINT('',(4.436144272657,-1.451317757244E-16,
    -3.507046965908));
#716 = CARTESIAN_POINT('',(4.411413242526,-1.451317757244E-16,
    -3.545835376275));
#717 = CARTESIAN_POINT('',(4.375214623018,-1.451317757244E-16,
    -3.601445181769));
#718 = CARTESIAN_POINT('',(4.338267251676,-1.451317757244E-16,
    -3.656561800643));
#719 = CARTESIAN_POINT('',(4.300638495845,-1.451317757244E-16,
    -3.711214866396));
#720 = CARTESIAN_POINT('',(4.262317910936,-1.451317757244E-16,
    -3.765385328637));
#721 = CARTESIAN_POINT('',(4.223316041942,-1.451317757244E-16,
    -3.819067278896));
#722 = CARTESIAN_POINT('',(4.183637948417,-1.451317757244E-16,
    -3.872251386211));
#723 = CARTESIAN_POINT('',(4.143290297167,-1.451317757244E-16,
    -3.924929337298));
#724 = CARTESIAN_POINT('',(4.102279460491,-1.451317757244E-16,
    -3.97709264854));
#725 = CARTESIAN_POINT('',(4.060612024448,-1.451317757244E-16,
    -4.028732986026));
#726 = CARTESIAN_POINT('',(4.018294651342,-1.451317757244E-16,
    -4.079842081499));
#727 = CARTESIAN_POINT('',(3.975334115215,-1.451317757244E-16,
    -4.130411756554));
#728 = CARTESIAN_POINT('',(3.931737290974,-1.451317757244E-16,
    -4.180433917818));
#729 = CARTESIAN_POINT('',(3.887511155907,-1.451317757244E-16,
    -4.229900559892));
#730 = CARTESIAN_POINT('',(3.842662787872,-1.451317757244E-16,
    -4.278803766184));
#731 = CARTESIAN_POINT('',(3.797199364345,-1.451317757244E-16,
    -4.327135710302));
#732 = CARTESIAN_POINT('',(3.751128161223,-1.451317757244E-16,
    -4.374888657269));
#733 = CARTESIAN_POINT('',(3.704456551678,-1.451317757244E-16,
    -4.422054964773));
#734 = CARTESIAN_POINT('',(3.657192004966,-1.451317757244E-16,
    -4.468627084384));
#735 = CARTESIAN_POINT('',(3.609342085236,-1.451317757244E-16,
    -4.51459756277));
#736 = CARTESIAN_POINT('',(3.560914450323,-1.451317757244E-16,
    -4.559959042879));
#737 = CARTESIAN_POINT('',(3.511916850513,-1.451317757244E-16,
    -4.604704265127));
#738 = CARTESIAN_POINT('',(3.462357127314,-1.451317757244E-16,
    -4.648826068552));
#739 = CARTESIAN_POINT('',(3.412243212191,-1.451317757244E-16,
    -4.692317391964));
#740 = CARTESIAN_POINT('',(3.361583125304,-1.451317757244E-16,
    -4.735171275075));
#741 = CARTESIAN_POINT('',(3.31038497422,-1.451317757244E-16,
    -4.77738085961));
#742 = CARTESIAN_POINT('',(3.258656952618,-1.451317757244E-16,
    -4.818939390409));
#743 = CARTESIAN_POINT('',(3.206407338975,-1.451317757244E-16,
    -4.859840216504));
#744 = CARTESIAN_POINT('',(3.153644495244,-1.451317757244E-16,
    -4.900076792185));
#745 = CARTESIAN_POINT('',(3.100376865516,-1.451317757244E-16,
    -4.939642678049));
#746 = CARTESIAN_POINT('',(3.046612974665,-1.451317757244E-16,
    -4.978531542028));
#747 = CARTESIAN_POINT('',(2.992361426987,-1.451317757244E-16,
    -5.016737160406));
#748 = CARTESIAN_POINT('',(2.937630904821,-1.451317757244E-16,
    -5.054253418808));
#749 = CARTESIAN_POINT('',(2.882430167161,-1.451317757244E-16,
    -5.091074313188));
#750 = CARTESIAN_POINT('',(2.826768048255,-1.451317757244E-16,
    -5.127193950782));
#751 = CARTESIAN_POINT('',(2.770653456187,-1.451317757244E-16,
    -5.162606551056));
#752 = CARTESIAN_POINT('',(2.714095371457,-1.451317757244E-16,
    -5.197306446627));
#753 = CARTESIAN_POINT('',(2.657102845538,-1.451317757244E-16,
    -5.231288084175));
#754 = CARTESIAN_POINT('',(2.599684999433,-1.451317757244E-16,
    -5.264546025328));
#755 = CARTESIAN_POINT('',(2.54185102221,-1.451317757244E-16,
    -5.297074947531));
#756 = CARTESIAN_POINT('',(2.483610169538,-1.451317757244E-16,
    -5.328869644904));
#757 = CARTESIAN_POINT('',(2.424971762197,-1.451317757244E-16,
    -5.359925029068));
#758 = CARTESIAN_POINT('',(2.365945184594,-1.451317757244E-16,
    -5.390236129965));
#759 = CARTESIAN_POINT('',(2.306539883258,-1.451317757244E-16,
    -5.41979809665));
#760 = CARTESIAN_POINT('',(2.246765365328,-1.451317757244E-16,
    -5.448606198067));
#761 = CARTESIAN_POINT('',(2.186631197031,-1.451317757244E-16,
    -5.47665582381));
#762 = CARTESIAN_POINT('',(2.126147002154,-1.451317757244E-16,
    -5.503942484858));
#763 = CARTESIAN_POINT('',(2.0653224605,-1.451317757244E-16,
    -5.530461814291));
#764 = CARTESIAN_POINT('',(2.00416730634,-1.451317757244E-16,
    -5.556209567995));
#765 = CARTESIAN_POINT('',(1.942691326859,-1.451317757244E-16,
    -5.581181625337));
#766 = CARTESIAN_POINT('',(1.880904360583,-1.451317757244E-16,
    -5.605373989824));
#767 = CARTESIAN_POINT('',(1.818816295809,-1.451317757244E-16,
    -5.628782789744));
#768 = CARTESIAN_POINT('',(1.756437069022,-1.451317757244E-16,
    -5.651404278788));
#769 = CARTESIAN_POINT('',(1.693776663304,-1.451317757244E-16,
    -5.673234836645));
#770 = CARTESIAN_POINT('',(1.630845106737,-1.451317757244E-16,
    -5.694270969584));
#771 = CARTESIAN_POINT('',(1.567652470794,-1.451317757244E-16,
    -5.714509311011));
#772 = CARTESIAN_POINT('',(1.504208868736,-1.451317757244E-16,
    -5.733946622013));
#773 = CARTESIAN_POINT('',(1.440524453986,-1.451317757244E-16,
    -5.75257979187));
#774 = CARTESIAN_POINT('',(1.376609418504,-1.451317757244E-16,
    -5.770405838556));
#775 = CARTESIAN_POINT('',(1.312473991162,-1.451317757244E-16,
    -5.787421909216));
#776 = CARTESIAN_POINT('',(1.248128436101,-1.451317757244E-16,
    -5.803625280623));
#777 = CARTESIAN_POINT('',(1.183583051091,-1.451317757244E-16,
    -5.819013359613));
#778 = CARTESIAN_POINT('',(1.118848165883,-1.451317757244E-16,
    -5.833583683499));
#779 = CARTESIAN_POINT('',(1.053934140554,-1.451317757244E-16,
    -5.847333920468));
#780 = CARTESIAN_POINT('',(0.988851363852,-1.451317757244E-16,
    -5.860261869952));
#781 = CARTESIAN_POINT('',(0.923610251531,-1.451317757244E-16,
    -5.87236546298));
#782 = CARTESIAN_POINT('',(0.858221244685,-1.451317757244E-16,
    -5.883642762511));
#783 = CARTESIAN_POINT('',(0.792694808076,-1.451317757244E-16,
    -5.894091963742));
#784 = CARTESIAN_POINT('',(0.72704142846,-1.451317757244E-16,
    -5.903711394398));
#785 = CARTESIAN_POINT('',(0.661271612911,-1.451317757244E-16,
    -5.912499514998));
#786 = CARTESIAN_POINT('',(0.595395887135,-1.451317757244E-16,
    -5.920454919105));
#787 = CARTESIAN_POINT('',(0.529424793788,-1.451317757244E-16,
    -5.927576333548));
#788 = CARTESIAN_POINT('',(0.463368890789,-1.451317757244E-16,
    -5.933862618623));
#789 = CARTESIAN_POINT('',(0.39723874963,-1.451317757244E-16,
    -5.939312768295));
#790 = CARTESIAN_POINT('',(0.331044953683,-1.451317757244E-16,
    -5.943925910277));
#791 = CARTESIAN_POINT('',(0.264798096511,-1.451317757244E-16,
    -5.947701306491));
#792 = CARTESIAN_POINT('',(0.198508780153,-1.451317757244E-16,
    -5.950638351968));
#793 = CARTESIAN_POINT('',(0.132187613502,-1.451317757244E-16,
    -5.952736579505));
#794 = CARTESIAN_POINT('',(6.58452103356E-02,-1.451317757244E-16,
    -5.953995642715));
#795 = CARTESIAN_POINT('',(2.160986251818E-02,-1.451317757244E-16,
    -5.954275467319));
#796 = CARTESIAN_POINT('',(-5.078116903288E-04,-1.451317757244E-16,
    -5.954275456125));
#797 = PCURVE('',#531,#798);
#798 = DEFINITIONAL_REPRESENTATION('',(#799),#803);
#799 = LINE('',#800,#801);
#800 = CARTESIAN_POINT('',(0.,0.));
#801 = VECTOR('',#802,1.);
#802 = DIRECTION('',(0.,1.));
#803 = ( GEOMETRIC_REPRESENTATION_CONTEXT(2) 
PARAMETRIC_REPRESENTATION_CONTEXT() REPRESENTATION_CONTEXT('2D SPACE',''
  ) );
#804 = PCURVE('',#531,#805);
#805 = DEFINITIONAL_REPRESENTATION('',(#806),#810);
#806 = LINE('',#807,#808);
#807 = CARTESIAN_POINT('',(6.28318530718,0.));
#808 = VECTOR('',#809,1.);
#809 = DIRECTION('',(0.,1.));
#810 = ( GEOMETRIC_REPRESENTATION_CONTEXT(2) 
PARAMETRIC_REPRESENTATION_CONTEXT() REPRESENTATION_CONTEXT('2D SPACE',''
  ) );
#811 = ORIENTED_EDGE('',*,*,#516,.T.);
#812 = ORIENTED_EDGE('',*,*,#669,.T.);
#813 = ADVANCED_FACE('',(#814),#503,.T.);
#814 = FACE_BOUND('',#815,.T.);
#815 = EDGE_LOOP('',(#816));
#816 = ORIENTED_EDGE('',*,*,#488,.T.);
#817 = ( GEOMETRIC_REPRESENTATION_CONTEXT(3) 
GLOBAL_UNCERTAINTY_ASSIGNED_CONTEXT((#821)) GLOBAL_UNIT_ASSIGNED_CONTEXT
((#818,#819,#820)) REPRESENTATION_CONTEXT('Context #1',
  '3D Context with UNIT and UNCERTAINTY') );
#818 = ( LENGTH_UNIT() NAMED_UNIT(*) SI_UNIT(.MILLI.,.METRE.) );
#819 = ( NAMED_UNIT(*) PLANE_ANGLE_UNIT() SI_UNIT($,.RADIAN.) );
#820 = ( NAMED_UNIT(*) SI_UNIT($,.STERADIAN.) SOLID_ANGLE_UNIT() );
#821 = UNCERTAINTY_MEASURE_WITH_UNIT(LENGTH_MEASURE(1.E-07),#818,
  'distance_accuracy_value','confusion accuracy');
#822 = CONTEXT_DEPENDENT_SHAPE_REPRESENTATION(#823,#825);
#823 = ( REPRESENTATION_RELATIONSHIP('','',#86,#59) 
REPRESENTATION_RELATIONSHIP_WITH_TRANSFORMATION(#824) 
SHAPE_REPRESENTATION_RELATIONSHIP() );
#824 = ITEM_DEFINED_TRANSFORMATION('','',#11,#60);
#825 = PRODUCT_DEFINITION_SHAPE('Placement','Placement of an item',#826
  );
#826 = NEXT_ASSEMBLY_USAGE_OCCURRENCE('1','','',#54,#81,$);
#827 = PRODUCT_RELATED_PRODUCT_CATEGORY('part',$,(#83));
#828 = SHAPE_DEFINITION_REPRESENTATION(#829,#835);
#829 = PRODUCT_DEFINITION_SHAPE('','',#830);
#830 = PRODUCT_DEFINITION('design','',#831,#834);
#831 = PRODUCT_DEFINITION_FORMATION('','',#832);
#832 = PRODUCT('Open CASCADE STEP translator 7.8 1.1.1.2',
  'Open CASCADE STEP translator 7.8 1.1.1.2','',(#833));
#833 = PRODUCT_CONTEXT('',#2,'mechanical');
#834 = PRODUCT_DEFINITION_CONTEXT('part definition',#2,'design');
#835 = ADVANCED_BREP_SHAPE_REPRESENTATION('',(#11,#836),#1606);
#836 = MANIFOLD_SOLID_BREP('',#837);
#837 = CLOSED_SHELL('',(#838,#926,#1178,#1390,#1417,#1444,#1471,#1498,
    #1525,#1552,#1579));
#838 = ADVANCED_FACE('',(#839),#852,.T.);
#839 = FACE_BOUND('',#840,.T.);
#840 = EDGE_LOOP('',(#841,#875,#898,#925));
#841 = ORIENTED_EDGE('',*,*,#842,.F.);
#842 = EDGE_CURVE('',#843,#843,#845,.T.);
#843 = VERTEX_POINT('',#844);
#844 = CARTESIAN_POINT('',(5.,6.27767756926E-02,9.25));
#845 = SURFACE_CURVE('',#846,(#851,#863),.PCURVE_S1.);
#846 = CIRCLE('',#847,5.);
#847 = AXIS2_PLACEMENT_3D('',#848,#849,#850);
#848 = CARTESIAN_POINT('',(5.892889675133E-16,6.27767756926E-02,9.25));
#849 = DIRECTION('',(0.,0.,1.));
#850 = DIRECTION('',(1.,0.,0.));
#851 = PCURVE('',#852,#857);
#852 = CYLINDRICAL_SURFACE('',#853,5.);
#853 = AXIS2_PLACEMENT_3D('',#854,#855,#856);
#854 = CARTESIAN_POINT('',(5.892889675133E-16,6.27767756926E-02,8.75));
#855 = DIRECTION('',(0.,0.,1.));
#856 = DIRECTION('',(1.,0.,0.));
#857 = DEFINITIONAL_REPRESENTATION('',(#858),#862);
#858 = LINE('',#859,#860);
#859 = CARTESIAN_POINT('',(0.,0.5));
#860 = VECTOR('',#861,1.);
#861 = DIRECTION('',(1.,0.));
#862 = ( GEOMETRIC_REPRESENTATION_CONTEXT(2) 
PARAMETRIC_REPRESENTATION_CONTEXT() REPRESENTATION_CONTEXT('2D SPACE',''
  ) );
#863 = PCURVE('',#864,#869);
#864 = PLANE('',#865);
#865 = AXIS2_PLACEMENT_3D('',#866,#867,#868);
#866 = CARTESIAN_POINT('',(5.892889675133E-16,6.27767756926E-02,9.25));
#867 = DIRECTION('',(0.,0.,1.));
#868 = DIRECTION('',(1.,0.,0.));
#869 = DEFINITIONAL_REPRESENTATION('',(#870),#874);
#870 = CIRCLE('',#871,5.);
#871 = AXIS2_PLACEMENT_2D('',#872,#873);
#872 = CARTESIAN_POINT('',(0.,0.));
#873 = DIRECTION('',(1.,0.));
#874 = ( GEOMETRIC_REPRESENTATION_CONTEXT(2) 
PARAMETRIC_REPRESENTATION_CONTEXT() REPRESENTATION_CONTEXT('2D SPACE',''
  ) );
#875 = ORIENTED_EDGE('',*,*,#876,.F.);
#876 = EDGE_CURVE('',#877,#843,#879,.T.);
#877 = VERTEX_POINT('',#878);
#878 = CARTESIAN_POINT('',(5.,6.27767756926E-02,8.75));
#879 = SEAM_CURVE('',#880,(#884,#891),.PCURVE_S1.);
#880 = LINE('',#881,#882);
#881 = CARTESIAN_POINT('',(5.,6.27767756926E-02,8.75));
#882 = VECTOR('',#883,1.);
#883 = DIRECTION('',(0.,0.,1.));
#884 = PCURVE('',#852,#885);
#885 = DEFINITIONAL_REPRESENTATION('',(#886),#890);
#886 = LINE('',#887,#888);
#887 = CARTESIAN_POINT('',(6.28318530718,-0.));
#888 = VECTOR('',#889,1.);
#889 = DIRECTION('',(0.,1.));
#890 = ( GEOMETRIC_REPRESENTATION_CONTEXT(2) 
PARAMETRIC_REPRESENTATION_CONTEXT() REPRESENTATION_CONTEXT('2D SPACE',''
  ) );
#891 = PCURVE('',#852,#892);
#892 = DEFINITIONAL_REPRESENTATION('',(#893),#897);
#893 = LINE('',#894,#895);
#894 = CARTESIAN_POINT('',(0.,-0.));
#895 = VECTOR('',#896,1.);
#896 = DIRECTION('',(0.,1.));
#897 = ( GEOMETRIC_REPRESENTATION_CONTEXT(2) 
PARAMETRIC_REPRESENTATION_CONTEXT() REPRESENTATION_CONTEXT('2D SPACE',''
  ) );
#898 = ORIENTED_EDGE('',*,*,#899,.T.);
#899 = EDGE_CURVE('',#877,#877,#900,.T.);
#900 = SURFACE_CURVE('',#901,(#906,#913),.PCURVE_S1.);
#901 = CIRCLE('',#902,5.);
#902 = AXIS2_PLACEMENT_3D('',#903,#904,#905);
#903 = CARTESIAN_POINT('',(5.892889675133E-16,6.27767756926E-02,8.75));
#904 = DIRECTION('',(0.,0.,1.));
#905 = DIRECTION('',(1.,0.,0.));
#906 = PCURVE('',#852,#907);
#907 = DEFINITIONAL_REPRESENTATION('',(#908),#912);
#908 = LINE('',#909,#910);
#909 = CARTESIAN_POINT('',(0.,0.));
#910 = VECTOR('',#911,1.);
#911 = DIRECTION('',(1.,0.));
#912 = ( GEOMETRIC_REPRESENTATION_CONTEXT(2) 
PARAMETRIC_REPRESENTATION_CONTEXT() REPRESENTATION_CONTEXT('2D SPACE',''
  ) );
#913 = PCURVE('',#914,#919);
#914 = PLANE('',#915);
#915 = AXIS2_PLACEMENT_3D('',#916,#917,#918);
#916 = CARTESIAN_POINT('',(5.892889675133E-16,6.27767756926E-02,8.75));
#917 = DIRECTION('',(0.,0.,1.));
#918 = DIRECTION('',(1.,0.,0.));
#919 = DEFINITIONAL_REPRESENTATION('',(#920),#924);
#920 = CIRCLE('',#921,5.);
#921 = AXIS2_PLACEMENT_2D('',#922,#923);
#922 = CARTESIAN_POINT('',(0.,0.));
#923 = DIRECTION('',(1.,0.));
#924 = ( GEOMETRIC_REPRESENTATION_CONTEXT(2) 
PARAMETRIC_REPRESENTATION_CONTEXT() REPRESENTATION_CONTEXT('2D SPACE',''
  ) );
#925 = ORIENTED_EDGE('',*,*,#876,.T.);
#926 = ADVANCED_FACE('',(#927,#930,#961,#992,#1023,#1054,#1085,#1116,
    #1147),#864,.T.);
#927 = FACE_BOUND('',#928,.T.);
#928 = EDGE_LOOP('',(#929));
#929 = ORIENTED_EDGE('',*,*,#842,.T.);
#930 = FACE_BOUND('',#931,.T.);
#931 = EDGE_LOOP('',(#932));
#932 = ORIENTED_EDGE('',*,*,#933,.F.);
#933 = EDGE_CURVE('',#934,#934,#936,.T.);
#934 = VERTEX_POINT('',#935);
#935 = CARTESIAN_POINT('',(0.675,-3.437223224307,9.25));
#936 = SURFACE_CURVE('',#937,(#942,#949),.PCURVE_S1.);
#937 = CIRCLE('',#938,0.675);
#938 = AXIS2_PLACEMENT_3D('',#939,#940,#941);
#939 = CARTESIAN_POINT('',(-5.365060203905E-17,-3.437223224307,9.25));
#940 = DIRECTION('',(0.,0.,1.));
#941 = DIRECTION('',(1.,0.,-0.));
#942 = PCURVE('',#864,#943);
#943 = DEFINITIONAL_REPRESENTATION('',(#944),#948);
#944 = CIRCLE('',#945,0.675);
#945 = AXIS2_PLACEMENT_2D('',#946,#947);
#946 = CARTESIAN_POINT('',(-6.429395695524E-16,-3.5));
#947 = DIRECTION('',(1.,0.));
#948 = ( GEOMETRIC_REPRESENTATION_CONTEXT(2) 
PARAMETRIC_REPRESENTATION_CONTEXT() REPRESENTATION_CONTEXT('2D SPACE',''
  ) );
#949 = PCURVE('',#950,#955);
#950 = CYLINDRICAL_SURFACE('',#951,0.675);
#951 = AXIS2_PLACEMENT_3D('',#952,#953,#954);
#952 = CARTESIAN_POINT('',(-5.365060203905E-17,-3.437223224307,8.749));
#953 = DIRECTION('',(0.,0.,1.));
#954 = DIRECTION('',(1.,0.,0.));
#955 = DEFINITIONAL_REPRESENTATION('',(#956),#960);
#956 = LINE('',#957,#958);
#957 = CARTESIAN_POINT('',(0.,0.501));
#958 = VECTOR('',#959,1.);
#959 = DIRECTION('',(1.,0.));
#960 = ( GEOMETRIC_REPRESENTATION_CONTEXT(2) 
PARAMETRIC_REPRESENTATION_CONTEXT() REPRESENTATION_CONTEXT('2D SPACE',''
  ) );
#961 = FACE_BOUND('',#962,.T.);
#962 = EDGE_LOOP('',(#963));
#963 = ORIENTED_EDGE('',*,*,#964,.F.);
#964 = EDGE_CURVE('',#965,#965,#967,.T.);
#965 = VERTEX_POINT('',#966);
#966 = CARTESIAN_POINT('',(-2.356088913246,-1.687223224307,9.25));
#967 = SURFACE_CURVE('',#968,(#973,#980),.PCURVE_S1.);
#968 = CIRCLE('',#969,0.675);
#969 = AXIS2_PLACEMENT_3D('',#970,#971,#972);
#970 = CARTESIAN_POINT('',(-3.031088913246,-1.687223224307,9.25));
#971 = DIRECTION('',(0.,0.,1.));
#972 = DIRECTION('',(1.,0.,-0.));
#973 = PCURVE('',#864,#974);
#974 = DEFINITIONAL_REPRESENTATION('',(#975),#979);
#975 = CIRCLE('',#976,0.675);
#976 = AXIS2_PLACEMENT_2D('',#977,#978);
#977 = CARTESIAN_POINT('',(-3.031088913246,-1.75));
#978 = DIRECTION('',(1.,0.));
#979 = ( GEOMETRIC_REPRESENTATION_CONTEXT(2) 
PARAMETRIC_REPRESENTATION_CONTEXT() REPRESENTATION_CONTEXT('2D SPACE',''
  ) );
#980 = PCURVE('',#981,#986);
#981 = CYLINDRICAL_SURFACE('',#982,0.675);
#982 = AXIS2_PLACEMENT_3D('',#983,#984,#985);
#983 = CARTESIAN_POINT('',(-3.031088913246,-1.687223224307,8.749));
#984 = DIRECTION('',(0.,0.,1.));
#985 = DIRECTION('',(1.,0.,0.));
#986 = DEFINITIONAL_REPRESENTATION('',(#987),#991);
#987 = LINE('',#988,#989);
#988 = CARTESIAN_POINT('',(0.,0.501));
#989 = VECTOR('',#990,1.);
#990 = DIRECTION('',(1.,0.));
#991 = ( GEOMETRIC_REPRESENTATION_CONTEXT(2) 
PARAMETRIC_REPRESENTATION_CONTEXT() REPRESENTATION_CONTEXT('2D SPACE',''
  ) );
#992 = FACE_BOUND('',#993,.T.);
#993 = EDGE_LOOP('',(#994));
#994 = ORIENTED_EDGE('',*,*,#995,.F.);
#995 = EDGE_CURVE('',#996,#996,#998,.T.);
#996 = VERTEX_POINT('',#997);
#997 = CARTESIAN_POINT('',(3.706088913246,-1.687223224307,9.25));
#998 = SURFACE_CURVE('',#999,(#1004,#1011),.PCURVE_S1.);
#999 = CIRCLE('',#1000,0.675);
#1000 = AXIS2_PLACEMENT_3D('',#1001,#1002,#1003);
#1001 = CARTESIAN_POINT('',(3.031088913246,-1.687223224307,9.25));
#1002 = DIRECTION('',(0.,0.,1.));
#1003 = DIRECTION('',(1.,0.,-0.));
#1004 = PCURVE('',#864,#1005);
#1005 = DEFINITIONAL_REPRESENTATION('',(#1006),#1010);
#1006 = CIRCLE('',#1007,0.675);
#1007 = AXIS2_PLACEMENT_2D('',#1008,#1009);
#1008 = CARTESIAN_POINT('',(3.031088913246,-1.75));
#1009 = DIRECTION('',(1.,0.));
#1010 = ( GEOMETRIC_REPRESENTATION_CONTEXT(2) 
PARAMETRIC_REPRESENTATION_CONTEXT() REPRESENTATION_CONTEXT('2D SPACE',''
  ) );
#1011 = PCURVE('',#1012,#1017);
#1012 = CYLINDRICAL_SURFACE('',#1013,0.675);
#1013 = AXIS2_PLACEMENT_3D('',#1014,#1015,#1016);
#1014 = CARTESIAN_POINT('',(3.031088913246,-1.687223224307,8.749));
#1015 = DIRECTION('',(0.,0.,1.));
#1016 = DIRECTION('',(1.,0.,0.));
#1017 = DEFINITIONAL_REPRESENTATION('',(#1018),#1022);
#1018 = LINE('',#1019,#1020);
#1019 = CARTESIAN_POINT('',(0.,0.501));
#1020 = VECTOR('',#1021,1.);
#1021 = DIRECTION('',(1.,0.));
#1022 = ( GEOMETRIC_REPRESENTATION_CONTEXT(2) 
PARAMETRIC_REPRESENTATION_CONTEXT() REPRESENTATION_CONTEXT('2D SPACE',''
  ) );
#1023 = FACE_BOUND('',#1024,.T.);
#1024 = EDGE_LOOP('',(#1025));
#1025 = ORIENTED_EDGE('',*,*,#1026,.F.);
#1026 = EDGE_CURVE('',#1027,#1027,#1029,.T.);
#1027 = VERTEX_POINT('',#1028);
#1028 = CARTESIAN_POINT('',(-2.356088913246,1.812776775693,9.25));
#1029 = SURFACE_CURVE('',#1030,(#1035,#1042),.PCURVE_S1.);
#1030 = CIRCLE('',#1031,0.675);
#1031 = AXIS2_PLACEMENT_3D('',#1032,#1033,#1034);
#1032 = CARTESIAN_POINT('',(-3.031088913246,1.812776775693,9.25));
#1033 = DIRECTION('',(0.,0.,1.));
#1034 = DIRECTION('',(1.,0.,-0.));
#1035 = PCURVE('',#864,#1036);
#1036 = DEFINITIONAL_REPRESENTATION('',(#1037),#1041);
#1037 = CIRCLE('',#1038,0.675);
#1038 = AXIS2_PLACEMENT_2D('',#1039,#1040);
#1039 = CARTESIAN_POINT('',(-3.031088913246,1.75));
#1040 = DIRECTION('',(1.,0.));
#1041 = ( GEOMETRIC_REPRESENTATION_CONTEXT(2) 
PARAMETRIC_REPRESENTATION_CONTEXT() REPRESENTATION_CONTEXT('2D SPACE',''
  ) );
#1042 = PCURVE('',#1043,#1048);
#1043 = CYLINDRICAL_SURFACE('',#1044,0.675);
#1044 = AXIS2_PLACEMENT_3D('',#1045,#1046,#1047);
#1045 = CARTESIAN_POINT('',(-3.031088913246,1.812776775693,8.749));
#1046 = DIRECTION('',(0.,0.,1.));
#1047 = DIRECTION('',(1.,0.,0.));
#1048 = DEFINITIONAL_REPRESENTATION('',(#1049),#1053);
#1049 = LINE('',#1050,#1051);
#1050 = CARTESIAN_POINT('',(0.,0.501));
#1051 = VECTOR('',#1052,1.);
#1052 = DIRECTION('',(1.,0.));
#1053 = ( GEOMETRIC_REPRESENTATION_CONTEXT(2) 
PARAMETRIC_REPRESENTATION_CONTEXT() REPRESENTATION_CONTEXT('2D SPACE',''
  ) );
#1054 = FACE_BOUND('',#1055,.T.);
#1055 = EDGE_LOOP('',(#1056));
#1056 = ORIENTED_EDGE('',*,*,#1057,.F.);
#1057 = EDGE_CURVE('',#1058,#1058,#1060,.T.);
#1058 = VERTEX_POINT('',#1059);
#1059 = CARTESIAN_POINT('',(1.112,6.27767756926E-02,9.25));
#1060 = SURFACE_CURVE('',#1061,(#1066,#1073),.PCURVE_S1.);
#1061 = CIRCLE('',#1062,1.112);
#1062 = AXIS2_PLACEMENT_3D('',#1063,#1064,#1065);
#1063 = CARTESIAN_POINT('',(5.892889675133E-16,6.27767756926E-02,9.25));
#1064 = DIRECTION('',(0.,0.,1.));
#1065 = DIRECTION('',(1.,0.,-0.));
#1066 = PCURVE('',#864,#1067);
#1067 = DEFINITIONAL_REPRESENTATION('',(#1068),#1072);
#1068 = CIRCLE('',#1069,1.112);
#1069 = AXIS2_PLACEMENT_2D('',#1070,#1071);
#1070 = CARTESIAN_POINT('',(0.,0.));
#1071 = DIRECTION('',(1.,0.));
#1072 = ( GEOMETRIC_REPRESENTATION_CONTEXT(2) 
PARAMETRIC_REPRESENTATION_CONTEXT() REPRESENTATION_CONTEXT('2D SPACE',''
  ) );
#1073 = PCURVE('',#1074,#1079);
#1074 = CYLINDRICAL_SURFACE('',#1075,1.112);
#1075 = AXIS2_PLACEMENT_3D('',#1076,#1077,#1078);
#1076 = CARTESIAN_POINT('',(5.892889675133E-16,6.27767756926E-02,8.749)
  );
#1077 = DIRECTION('',(0.,0.,1.));
#1078 = DIRECTION('',(1.,0.,0.));
#1079 = DEFINITIONAL_REPRESENTATION('',(#1080),#1084);
#1080 = LINE('',#1081,#1082);
#1081 = CARTESIAN_POINT('',(0.,0.501));
#1082 = VECTOR('',#1083,1.);
#1083 = DIRECTION('',(1.,0.));
#1084 = ( GEOMETRIC_REPRESENTATION_CONTEXT(2) 
PARAMETRIC_REPRESENTATION_CONTEXT() REPRESENTATION_CONTEXT('2D SPACE',''
  ) );
#1085 = FACE_BOUND('',#1086,.T.);
#1086 = EDGE_LOOP('',(#1087));
#1087 = ORIENTED_EDGE('',*,*,#1088,.F.);
#1088 = EDGE_CURVE('',#1089,#1089,#1091,.T.);
#1089 = VERTEX_POINT('',#1090);
#1090 = CARTESIAN_POINT('',(0.8,2.062776775693,9.25));
#1091 = SURFACE_CURVE('',#1092,(#1097,#1104),.PCURVE_S1.);
#1092 = CIRCLE('',#1093,0.8);
#1093 = AXIS2_PLACEMENT_3D('',#1094,#1095,#1096);
#1094 = CARTESIAN_POINT('',(7.11753647428E-16,2.062776775693,9.25));
#1095 = DIRECTION('',(0.,0.,1.));
#1096 = DIRECTION('',(1.,0.,-0.));
#1097 = PCURVE('',#864,#1098);
#1098 = DEFINITIONAL_REPRESENTATION('',(#1099),#1103);
#1099 = CIRCLE('',#1100,0.8);
#1100 = AXIS2_PLACEMENT_2D('',#1101,#1102);
#1101 = CARTESIAN_POINT('',(1.224646799147E-16,2.));
#1102 = DIRECTION('',(1.,0.));
#1103 = ( GEOMETRIC_REPRESENTATION_CONTEXT(2) 
PARAMETRIC_REPRESENTATION_CONTEXT() REPRESENTATION_CONTEXT('2D SPACE',''
  ) );
#1104 = PCURVE('',#1105,#1110);
#1105 = CYLINDRICAL_SURFACE('',#1106,0.8);
#1106 = AXIS2_PLACEMENT_3D('',#1107,#1108,#1109);
#1107 = CARTESIAN_POINT('',(7.11753647428E-16,2.062776775693,8.749));
#1108 = DIRECTION('',(0.,0.,1.));
#1109 = DIRECTION('',(1.,0.,0.));
#1110 = DEFINITIONAL_REPRESENTATION('',(#1111),#1115);
#1111 = LINE('',#1112,#1113);
#1112 = CARTESIAN_POINT('',(0.,0.501));
#1113 = VECTOR('',#1114,1.);
#1114 = DIRECTION('',(1.,0.));
#1115 = ( GEOMETRIC_REPRESENTATION_CONTEXT(2) 
PARAMETRIC_REPRESENTATION_CONTEXT() REPRESENTATION_CONTEXT('2D SPACE',''
  ) );
#1116 = FACE_BOUND('',#1117,.T.);
#1117 = EDGE_LOOP('',(#1118));
#1118 = ORIENTED_EDGE('',*,*,#1119,.F.);
#1119 = EDGE_CURVE('',#1120,#1120,#1122,.T.);
#1120 = VERTEX_POINT('',#1121);
#1121 = CARTESIAN_POINT('',(0.675,3.562776775693,9.25));
#1122 = SURFACE_CURVE('',#1123,(#1128,#1135),.PCURVE_S1.);
#1123 = CIRCLE('',#1124,0.675);
#1124 = AXIS2_PLACEMENT_3D('',#1125,#1126,#1127);
#1125 = CARTESIAN_POINT('',(8.036021573641E-16,3.562776775693,9.25));
#1126 = DIRECTION('',(0.,0.,1.));
#1127 = DIRECTION('',(1.,0.,-0.));
#1128 = PCURVE('',#864,#1129);
#1129 = DEFINITIONAL_REPRESENTATION('',(#1130),#1134);
#1130 = CIRCLE('',#1131,0.675);
#1131 = AXIS2_PLACEMENT_2D('',#1132,#1133);
#1132 = CARTESIAN_POINT('',(2.143131898508E-16,3.5));
#1133 = DIRECTION('',(1.,0.));
#1134 = ( GEOMETRIC_REPRESENTATION_CONTEXT(2) 
PARAMETRIC_REPRESENTATION_CONTEXT() REPRESENTATION_CONTEXT('2D SPACE',''
  ) );
#1135 = PCURVE('',#1136,#1141);
#1136 = CYLINDRICAL_SURFACE('',#1137,0.675);
#1137 = AXIS2_PLACEMENT_3D('',#1138,#1139,#1140);
#1138 = CARTESIAN_POINT('',(8.036021573641E-16,3.562776775693,8.749));
#1139 = DIRECTION('',(0.,0.,1.));
#1140 = DIRECTION('',(1.,0.,0.));
#1141 = DEFINITIONAL_REPRESENTATION('',(#1142),#1146);
#1142 = LINE('',#1143,#1144);
#1143 = CARTESIAN_POINT('',(0.,0.501));
#1144 = VECTOR('',#1145,1.);
#1145 = DIRECTION('',(1.,0.));
#1146 = ( GEOMETRIC_REPRESENTATION_CONTEXT(2) 
PARAMETRIC_REPRESENTATION_CONTEXT() REPRESENTATION_CONTEXT('2D SPACE',''
  ) );
#1147 = FACE_BOUND('',#1148,.T.);
#1148 = EDGE_LOOP('',(#1149));
#1149 = ORIENTED_EDGE('',*,*,#1150,.F.);
#1150 = EDGE_CURVE('',#1151,#1151,#1153,.T.);
#1151 = VERTEX_POINT('',#1152);
#1152 = CARTESIAN_POINT('',(3.706088913246,1.812776775693,9.25));
#1153 = SURFACE_CURVE('',#1154,(#1159,#1166),.PCURVE_S1.);
#1154 = CIRCLE('',#1155,0.675);
#1155 = AXIS2_PLACEMENT_3D('',#1156,#1157,#1158);
#1156 = CARTESIAN_POINT('',(3.031088913246,1.812776775693,9.25));
#1157 = DIRECTION('',(0.,0.,1.));
#1158 = DIRECTION('',(1.,0.,-0.));
#1159 = PCURVE('',#864,#1160);
#1160 = DEFINITIONAL_REPRESENTATION('',(#1161),#1165);
#1161 = CIRCLE('',#1162,0.675);
#1162 = AXIS2_PLACEMENT_2D('',#1163,#1164);
#1163 = CARTESIAN_POINT('',(3.031088913246,1.75));
#1164 = DIRECTION('',(1.,0.));
#1165 = ( GEOMETRIC_REPRESENTATION_CONTEXT(2) 
PARAMETRIC_REPRESENTATION_CONTEXT() REPRESENTATION_CONTEXT('2D SPACE',''
  ) );
#1166 = PCURVE('',#1167,#1172);
#1167 = CYLINDRICAL_SURFACE('',#1168,0.675);
#1168 = AXIS2_PLACEMENT_3D('',#1169,#1170,#1171);
#1169 = CARTESIAN_POINT('',(3.031088913246,1.812776775693,8.749));
#1170 = DIRECTION('',(0.,0.,1.));
#1171 = DIRECTION('',(1.,0.,0.));
#1172 = DEFINITIONAL_REPRESENTATION('',(#1173),#1177);
#1173 = LINE('',#1174,#1175);
#1174 = CARTESIAN_POINT('',(0.,0.501));
#1175 = VECTOR('',#1176,1.);
#1176 = DIRECTION('',(1.,0.));
#1177 = ( GEOMETRIC_REPRESENTATION_CONTEXT(2) 
PARAMETRIC_REPRESENTATION_CONTEXT() REPRESENTATION_CONTEXT('2D SPACE',''
  ) );
#1178 = ADVANCED_FACE('',(#1179,#1182,#1208,#1234,#1260,#1286,#1312,
    #1338,#1364),#914,.F.);
#1179 = FACE_BOUND('',#1180,.F.);
#1180 = EDGE_LOOP('',(#1181));
#1181 = ORIENTED_EDGE('',*,*,#899,.T.);
#1182 = FACE_BOUND('',#1183,.F.);
#1183 = EDGE_LOOP('',(#1184));
#1184 = ORIENTED_EDGE('',*,*,#1185,.F.);
#1185 = EDGE_CURVE('',#1186,#1186,#1188,.T.);
#1186 = VERTEX_POINT('',#1187);
#1187 = CARTESIAN_POINT('',(0.675,-3.437223224307,8.75));
#1188 = SURFACE_CURVE('',#1189,(#1194,#1201),.PCURVE_S1.);
#1189 = CIRCLE('',#1190,0.675);
#1190 = AXIS2_PLACEMENT_3D('',#1191,#1192,#1193);
#1191 = CARTESIAN_POINT('',(-5.365060203905E-17,-3.437223224307,8.75));
#1192 = DIRECTION('',(0.,0.,1.));
#1193 = DIRECTION('',(1.,0.,-0.));
#1194 = PCURVE('',#914,#1195);
#1195 = DEFINITIONAL_REPRESENTATION('',(#1196),#1200);
#1196 = CIRCLE('',#1197,0.675);
#1197 = AXIS2_PLACEMENT_2D('',#1198,#1199);
#1198 = CARTESIAN_POINT('',(-6.429395695524E-16,-3.5));
#1199 = DIRECTION('',(1.,0.));
#1200 = ( GEOMETRIC_REPRESENTATION_CONTEXT(2) 
PARAMETRIC_REPRESENTATION_CONTEXT() REPRESENTATION_CONTEXT('2D SPACE',''
  ) );
#1201 = PCURVE('',#950,#1202);
#1202 = DEFINITIONAL_REPRESENTATION('',(#1203),#1207);
#1203 = LINE('',#1204,#1205);
#1204 = CARTESIAN_POINT('',(0.,1.E-03));
#1205 = VECTOR('',#1206,1.);
#1206 = DIRECTION('',(1.,0.));
#1207 = ( GEOMETRIC_REPRESENTATION_CONTEXT(2) 
PARAMETRIC_REPRESENTATION_CONTEXT() REPRESENTATION_CONTEXT('2D SPACE',''
  ) );
#1208 = FACE_BOUND('',#1209,.F.);
#1209 = EDGE_LOOP('',(#1210));
#1210 = ORIENTED_EDGE('',*,*,#1211,.F.);
#1211 = EDGE_CURVE('',#1212,#1212,#1214,.T.);
#1212 = VERTEX_POINT('',#1213);
#1213 = CARTESIAN_POINT('',(-2.356088913246,-1.687223224307,8.75));
#1214 = SURFACE_CURVE('',#1215,(#1220,#1227),.PCURVE_S1.);
#1215 = CIRCLE('',#1216,0.675);
#1216 = AXIS2_PLACEMENT_3D('',#1217,#1218,#1219);
#1217 = CARTESIAN_POINT('',(-3.031088913246,-1.687223224307,8.75));
#1218 = DIRECTION('',(0.,0.,1.));
#1219 = DIRECTION('',(1.,0.,-0.));
#1220 = PCURVE('',#914,#1221);
#1221 = DEFINITIONAL_REPRESENTATION('',(#1222),#1226);
#1222 = CIRCLE('',#1223,0.675);
#1223 = AXIS2_PLACEMENT_2D('',#1224,#1225);
#1224 = CARTESIAN_POINT('',(-3.031088913246,-1.75));
#1225 = DIRECTION('',(1.,0.));
#1226 = ( GEOMETRIC_REPRESENTATION_CONTEXT(2) 
PARAMETRIC_REPRESENTATION_CONTEXT() REPRESENTATION_CONTEXT('2D SPACE',''
  ) );
#1227 = PCURVE('',#981,#1228);
#1228 = DEFINITIONAL_REPRESENTATION('',(#1229),#1233);
#1229 = LINE('',#1230,#1231);
#1230 = CARTESIAN_POINT('',(0.,1.E-03));
#1231 = VECTOR('',#1232,1.);
#1232 = DIRECTION('',(1.,0.));
#1233 = ( GEOMETRIC_REPRESENTATION_CONTEXT(2) 
PARAMETRIC_REPRESENTATION_CONTEXT() REPRESENTATION_CONTEXT('2D SPACE',''
  ) );
#1234 = FACE_BOUND('',#1235,.F.);
#1235 = EDGE_LOOP('',(#1236));
#1236 = ORIENTED_EDGE('',*,*,#1237,.F.);
#1237 = EDGE_CURVE('',#1238,#1238,#1240,.T.);
#1238 = VERTEX_POINT('',#1239);
#1239 = CARTESIAN_POINT('',(3.706088913246,-1.687223224307,8.75));
#1240 = SURFACE_CURVE('',#1241,(#1246,#1253),.PCURVE_S1.);
#1241 = CIRCLE('',#1242,0.675);
#1242 = AXIS2_PLACEMENT_3D('',#1243,#1244,#1245);
#1243 = CARTESIAN_POINT('',(3.031088913246,-1.687223224307,8.75));
#1244 = DIRECTION('',(0.,0.,1.));
#1245 = DIRECTION('',(1.,0.,-0.));
#1246 = PCURVE('',#914,#1247);
#1247 = DEFINITIONAL_REPRESENTATION('',(#1248),#1252);
#1248 = CIRCLE('',#1249,0.675);
#1249 = AXIS2_PLACEMENT_2D('',#1250,#1251);
#1250 = CARTESIAN_POINT('',(3.031088913246,-1.75));
#1251 = DIRECTION('',(1.,0.));
#1252 = ( GEOMETRIC_REPRESENTATION_CONTEXT(2) 
PARAMETRIC_REPRESENTATION_CONTEXT() REPRESENTATION_CONTEXT('2D SPACE',''
  ) );
#1253 = PCURVE('',#1012,#1254);
#1254 = DEFINITIONAL_REPRESENTATION('',(#1255),#1259);
#1255 = LINE('',#1256,#1257);
#1256 = CARTESIAN_POINT('',(0.,1.E-03));
#1257 = VECTOR('',#1258,1.);
#1258 = DIRECTION('',(1.,0.));
#1259 = ( GEOMETRIC_REPRESENTATION_CONTEXT(2) 
PARAMETRIC_REPRESENTATION_CONTEXT() REPRESENTATION_CONTEXT('2D SPACE',''
  ) );
#1260 = FACE_BOUND('',#1261,.F.);
#1261 = EDGE_LOOP('',(#1262));
#1262 = ORIENTED_EDGE('',*,*,#1263,.F.);
#1263 = EDGE_CURVE('',#1264,#1264,#1266,.T.);
#1264 = VERTEX_POINT('',#1265);
#1265 = CARTESIAN_POINT('',(-2.356088913246,1.812776775693,8.75));
#1266 = SURFACE_CURVE('',#1267,(#1272,#1279),.PCURVE_S1.);
#1267 = CIRCLE('',#1268,0.675);
#1268 = AXIS2_PLACEMENT_3D('',#1269,#1270,#1271);
#1269 = CARTESIAN_POINT('',(-3.031088913246,1.812776775693,8.75));
#1270 = DIRECTION('',(0.,0.,1.));
#1271 = DIRECTION('',(1.,0.,-0.));
#1272 = PCURVE('',#914,#1273);
#1273 = DEFINITIONAL_REPRESENTATION('',(#1274),#1278);
#1274 = CIRCLE('',#1275,0.675);
#1275 = AXIS2_PLACEMENT_2D('',#1276,#1277);
#1276 = CARTESIAN_POINT('',(-3.031088913246,1.75));
#1277 = DIRECTION('',(1.,0.));
#1278 = ( GEOMETRIC_REPRESENTATION_CONTEXT(2) 
PARAMETRIC_REPRESENTATION_CONTEXT() REPRESENTATION_CONTEXT('2D SPACE',''
  ) );
#1279 = PCURVE('',#1043,#1280);
#1280 = DEFINITIONAL_REPRESENTATION('',(#1281),#1285);
#1281 = LINE('',#1282,#1283);
#1282 = CARTESIAN_POINT('',(0.,1.E-03));
#1283 = VECTOR('',#1284,1.);
#1284 = DIRECTION('',(1.,0.));
#1285 = ( GEOMETRIC_REPRESENTATION_CONTEXT(2) 
PARAMETRIC_REPRESENTATION_CONTEXT() REPRESENTATION_CONTEXT('2D SPACE',''
  ) );
#1286 = FACE_BOUND('',#1287,.F.);
#1287 = EDGE_LOOP('',(#1288));
#1288 = ORIENTED_EDGE('',*,*,#1289,.F.);
#1289 = EDGE_CURVE('',#1290,#1290,#1292,.T.);
#1290 = VERTEX_POINT('',#1291);
#1291 = CARTESIAN_POINT('',(1.112,6.27767756926E-02,8.75));
#1292 = SURFACE_CURVE('',#1293,(#1298,#1305),.PCURVE_S1.);
#1293 = CIRCLE('',#1294,1.112);
#1294 = AXIS2_PLACEMENT_3D('',#1295,#1296,#1297);
#1295 = CARTESIAN_POINT('',(5.892889675133E-16,6.27767756926E-02,8.75));
#1296 = DIRECTION('',(0.,0.,1.));
#1297 = DIRECTION('',(1.,0.,-0.));
#1298 = PCURVE('',#914,#1299);
#1299 = DEFINITIONAL_REPRESENTATION('',(#1300),#1304);
#1300 = CIRCLE('',#1301,1.112);
#1301 = AXIS2_PLACEMENT_2D('',#1302,#1303);
#1302 = CARTESIAN_POINT('',(0.,0.));
#1303 = DIRECTION('',(1.,0.));
#1304 = ( GEOMETRIC_REPRESENTATION_CONTEXT(2) 
PARAMETRIC_REPRESENTATION_CONTEXT() REPRESENTATION_CONTEXT('2D SPACE',''
  ) );
#1305 = PCURVE('',#1074,#1306);
#1306 = DEFINITIONAL_REPRESENTATION('',(#1307),#1311);
#1307 = LINE('',#1308,#1309);
#1308 = CARTESIAN_POINT('',(0.,1.E-03));
#1309 = VECTOR('',#1310,1.);
#1310 = DIRECTION('',(1.,0.));
#1311 = ( GEOMETRIC_REPRESENTATION_CONTEXT(2) 
PARAMETRIC_REPRESENTATION_CONTEXT() REPRESENTATION_CONTEXT('2D SPACE',''
  ) );
#1312 = FACE_BOUND('',#1313,.F.);
#1313 = EDGE_LOOP('',(#1314));
#1314 = ORIENTED_EDGE('',*,*,#1315,.F.);
#1315 = EDGE_CURVE('',#1316,#1316,#1318,.T.);
#1316 = VERTEX_POINT('',#1317);
#1317 = CARTESIAN_POINT('',(0.8,2.062776775693,8.75));
#1318 = SURFACE_CURVE('',#1319,(#1324,#1331),.PCURVE_S1.);
#1319 = CIRCLE('',#1320,0.8);
#1320 = AXIS2_PLACEMENT_3D('',#1321,#1322,#1323);
#1321 = CARTESIAN_POINT('',(7.11753647428E-16,2.062776775693,8.75));
#1322 = DIRECTION('',(0.,0.,1.));
#1323 = DIRECTION('',(1.,0.,-0.));
#1324 = PCURVE('',#914,#1325);
#1325 = DEFINITIONAL_REPRESENTATION('',(#1326),#1330);
#1326 = CIRCLE('',#1327,0.8);
#1327 = AXIS2_PLACEMENT_2D('',#1328,#1329);
#1328 = CARTESIAN_POINT('',(1.224646799147E-16,2.));
#1329 = DIRECTION('',(1.,0.));
#1330 = ( GEOMETRIC_REPRESENTATION_CONTEXT(2) 
PARAMETRIC_REPRESENTATION_CONTEXT() REPRESENTATION_CONTEXT('2D SPACE',''
  ) );
#1331 = PCURVE('',#1105,#1332);
#1332 = DEFINITIONAL_REPRESENTATION('',(#1333),#1337);
#1333 = LINE('',#1334,#1335);
#1334 = CARTESIAN_POINT('',(0.,1.E-03));
#1335 = VECTOR('',#1336,1.);
#1336 = DIRECTION('',(1.,0.));
#1337 = ( GEOMETRIC_REPRESENTATION_CONTEXT(2) 
PARAMETRIC_REPRESENTATION_CONTEXT() REPRESENTATION_CONTEXT('2D SPACE',''
  ) );
#1338 = FACE_BOUND('',#1339,.F.);
#1339 = EDGE_LOOP('',(#1340));
#1340 = ORIENTED_EDGE('',*,*,#1341,.F.);
#1341 = EDGE_CURVE('',#1342,#1342,#1344,.T.);
#1342 = VERTEX_POINT('',#1343);
#1343 = CARTESIAN_POINT('',(0.675,3.562776775693,8.75));
#1344 = SURFACE_CURVE('',#1345,(#1350,#1357),.PCURVE_S1.);
#1345 = CIRCLE('',#1346,0.675);
#1346 = AXIS2_PLACEMENT_3D('',#1347,#1348,#1349);
#1347 = CARTESIAN_POINT('',(8.036021573641E-16,3.562776775693,8.75));
#1348 = DIRECTION('',(0.,0.,1.));
#1349 = DIRECTION('',(1.,0.,-0.));
#1350 = PCURVE('',#914,#1351);
#1351 = DEFINITIONAL_REPRESENTATION('',(#1352),#1356);
#1352 = CIRCLE('',#1353,0.675);
#1353 = AXIS2_PLACEMENT_2D('',#1354,#1355);
#1354 = CARTESIAN_POINT('',(2.143131898508E-16,3.5));
#1355 = DIRECTION('',(1.,0.));
#1356 = ( GEOMETRIC_REPRESENTATION_CONTEXT(2) 
PARAMETRIC_REPRESENTATION_CONTEXT() REPRESENTATION_CONTEXT('2D SPACE',''
  ) );
#1357 = PCURVE('',#1136,#1358);
#1358 = DEFINITIONAL_REPRESENTATION('',(#1359),#1363);
#1359 = LINE('',#1360,#1361);
#1360 = CARTESIAN_POINT('',(0.,1.E-03));
#1361 = VECTOR('',#1362,1.);
#1362 = DIRECTION('',(1.,0.));
#1363 = ( GEOMETRIC_REPRESENTATION_CONTEXT(2) 
PARAMETRIC_REPRESENTATION_CONTEXT() REPRESENTATION_CONTEXT('2D SPACE',''
  ) );
#1364 = FACE_BOUND('',#1365,.F.);
#1365 = EDGE_LOOP('',(#1366));
#1366 = ORIENTED_EDGE('',*,*,#1367,.F.);
#1367 = EDGE_CURVE('',#1368,#1368,#1370,.T.);
#1368 = VERTEX_POINT('',#1369);
#1369 = CARTESIAN_POINT('',(3.706088913246,1.812776775693,8.75));
#1370 = SURFACE_CURVE('',#1371,(#1376,#1383),.PCURVE_S1.);
#1371 = CIRCLE('',#1372,0.675);
#1372 = AXIS2_PLACEMENT_3D('',#1373,#1374,#1375);
#1373 = CARTESIAN_POINT('',(3.031088913246,1.812776775693,8.75));
#1374 = DIRECTION('',(0.,0.,1.));
#1375 = DIRECTION('',(1.,0.,-0.));
#1376 = PCURVE('',#914,#1377);
#1377 = DEFINITIONAL_REPRESENTATION('',(#1378),#1382);
#1378 = CIRCLE('',#1379,0.675);
#1379 = AXIS2_PLACEMENT_2D('',#1380,#1381);
#1380 = CARTESIAN_POINT('',(3.031088913246,1.75));
#1381 = DIRECTION('',(1.,0.));
#1382 = ( GEOMETRIC_REPRESENTATION_CONTEXT(2) 
PARAMETRIC_REPRESENTATION_CONTEXT() REPRESENTATION_CONTEXT('2D SPACE',''
  ) );
#1383 = PCURVE('',#1167,#1384);
#1384 = DEFINITIONAL_REPRESENTATION('',(#1385),#1389);
#1385 = LINE('',#1386,#1387);
#1386 = CARTESIAN_POINT('',(0.,1.E-03));
#1387 = VECTOR('',#1388,1.);
#1388 = DIRECTION('',(1.,0.));
#1389 = ( GEOMETRIC_REPRESENTATION_CONTEXT(2) 
PARAMETRIC_REPRESENTATION_CONTEXT() REPRESENTATION_CONTEXT('2D SPACE',''
  ) );
#1390 = ADVANCED_FACE('',(#1391),#950,.F.);
#1391 = FACE_BOUND('',#1392,.F.);
#1392 = EDGE_LOOP('',(#1393,#1394,#1415,#1416));
#1393 = ORIENTED_EDGE('',*,*,#933,.F.);
#1394 = ORIENTED_EDGE('',*,*,#1395,.F.);
#1395 = EDGE_CURVE('',#1186,#934,#1396,.T.);
#1396 = SEAM_CURVE('',#1397,(#1401,#1408),.PCURVE_S1.);
#1397 = LINE('',#1398,#1399);
#1398 = CARTESIAN_POINT('',(0.675,-3.437223224307,8.749));
#1399 = VECTOR('',#1400,1.);
#1400 = DIRECTION('',(0.,0.,1.));
#1401 = PCURVE('',#950,#1402);
#1402 = DEFINITIONAL_REPRESENTATION('',(#1403),#1407);
#1403 = LINE('',#1404,#1405);
#1404 = CARTESIAN_POINT('',(6.28318530718,-0.));
#1405 = VECTOR('',#1406,1.);
#1406 = DIRECTION('',(0.,1.));
#1407 = ( GEOMETRIC_REPRESENTATION_CONTEXT(2) 
PARAMETRIC_REPRESENTATION_CONTEXT() REPRESENTATION_CONTEXT('2D SPACE',''
  ) );
#1408 = PCURVE('',#950,#1409);
#1409 = DEFINITIONAL_REPRESENTATION('',(#1410),#1414);
#1410 = LINE('',#1411,#1412);
#1411 = CARTESIAN_POINT('',(0.,-0.));
#1412 = VECTOR('',#1413,1.);
#1413 = DIRECTION('',(0.,1.));
#1414 = ( GEOMETRIC_REPRESENTATION_CONTEXT(2) 
PARAMETRIC_REPRESENTATION_CONTEXT() REPRESENTATION_CONTEXT('2D SPACE',''
  ) );
#1415 = ORIENTED_EDGE('',*,*,#1185,.T.);
#1416 = ORIENTED_EDGE('',*,*,#1395,.T.);
#1417 = ADVANCED_FACE('',(#1418),#981,.F.);
#1418 = FACE_BOUND('',#1419,.F.);
#1419 = EDGE_LOOP('',(#1420,#1421,#1442,#1443));
#1420 = ORIENTED_EDGE('',*,*,#964,.F.);
#1421 = ORIENTED_EDGE('',*,*,#1422,.F.);
#1422 = EDGE_CURVE('',#1212,#965,#1423,.T.);
#1423 = SEAM_CURVE('',#1424,(#1428,#1435),.PCURVE_S1.);
#1424 = LINE('',#1425,#1426);
#1425 = CARTESIAN_POINT('',(-2.356088913246,-1.687223224307,8.749));
#1426 = VECTOR('',#1427,1.);
#1427 = DIRECTION('',(0.,0.,1.));
#1428 = PCURVE('',#981,#1429);
#1429 = DEFINITIONAL_REPRESENTATION('',(#1430),#1434);
#1430 = LINE('',#1431,#1432);
#1431 = CARTESIAN_POINT('',(6.28318530718,-0.));
#1432 = VECTOR('',#1433,1.);
#1433 = DIRECTION('',(0.,1.));
#1434 = ( GEOMETRIC_REPRESENTATION_CONTEXT(2) 
PARAMETRIC_REPRESENTATION_CONTEXT() REPRESENTATION_CONTEXT('2D SPACE',''
  ) );
#1435 = PCURVE('',#981,#1436);
#1436 = DEFINITIONAL_REPRESENTATION('',(#1437),#1441);
#1437 = LINE('',#1438,#1439);
#1438 = CARTESIAN_POINT('',(0.,-0.));
#1439 = VECTOR('',#1440,1.);
#1440 = DIRECTION('',(0.,1.));
#1441 = ( GEOMETRIC_REPRESENTATION_CONTEXT(2) 
PARAMETRIC_REPRESENTATION_CONTEXT() REPRESENTATION_CONTEXT('2D SPACE',''
  ) );
#1442 = ORIENTED_EDGE('',*,*,#1211,.T.);
#1443 = ORIENTED_EDGE('',*,*,#1422,.T.);
#1444 = ADVANCED_FACE('',(#1445),#1012,.F.);
#1445 = FACE_BOUND('',#1446,.F.);
#1446 = EDGE_LOOP('',(#1447,#1448,#1469,#1470));
#1447 = ORIENTED_EDGE('',*,*,#995,.F.);
#1448 = ORIENTED_EDGE('',*,*,#1449,.F.);
#1449 = EDGE_CURVE('',#1238,#996,#1450,.T.);
#1450 = SEAM_CURVE('',#1451,(#1455,#1462),.PCURVE_S1.);
#1451 = LINE('',#1452,#1453);
#1452 = CARTESIAN_POINT('',(3.706088913246,-1.687223224307,8.749));
#1453 = VECTOR('',#1454,1.);
#1454 = DIRECTION('',(0.,0.,1.));
#1455 = PCURVE('',#1012,#1456);
#1456 = DEFINITIONAL_REPRESENTATION('',(#1457),#1461);
#1457 = LINE('',#1458,#1459);
#1458 = CARTESIAN_POINT('',(6.28318530718,-0.));
#1459 = VECTOR('',#1460,1.);
#1460 = DIRECTION('',(0.,1.));
#1461 = ( GEOMETRIC_REPRESENTATION_CONTEXT(2) 
PARAMETRIC_REPRESENTATION_CONTEXT() REPRESENTATION_CONTEXT('2D SPACE',''
  ) );
#1462 = PCURVE('',#1012,#1463);
#1463 = DEFINITIONAL_REPRESENTATION('',(#1464),#1468);
#1464 = LINE('',#1465,#1466);
#1465 = CARTESIAN_POINT('',(0.,-0.));
#1466 = VECTOR('',#1467,1.);
#1467 = DIRECTION('',(0.,1.));
#1468 = ( GEOMETRIC_REPRESENTATION_CONTEXT(2) 
PARAMETRIC_REPRESENTATION_CONTEXT() REPRESENTATION_CONTEXT('2D SPACE',''
  ) );
#1469 = ORIENTED_EDGE('',*,*,#1237,.T.);
#1470 = ORIENTED_EDGE('',*,*,#1449,.T.);
#1471 = ADVANCED_FACE('',(#1472),#1043,.F.);
#1472 = FACE_BOUND('',#1473,.F.);
#1473 = EDGE_LOOP('',(#1474,#1475,#1496,#1497));
#1474 = ORIENTED_EDGE('',*,*,#1026,.F.);
#1475 = ORIENTED_EDGE('',*,*,#1476,.F.);
#1476 = EDGE_CURVE('',#1264,#1027,#1477,.T.);
#1477 = SEAM_CURVE('',#1478,(#1482,#1489),.PCURVE_S1.);
#1478 = LINE('',#1479,#1480);
#1479 = CARTESIAN_POINT('',(-2.356088913246,1.812776775693,8.749));
#1480 = VECTOR('',#1481,1.);
#1481 = DIRECTION('',(0.,0.,1.));
#1482 = PCURVE('',#1043,#1483);
#1483 = DEFINITIONAL_REPRESENTATION('',(#1484),#1488);
#1484 = LINE('',#1485,#1486);
#1485 = CARTESIAN_POINT('',(6.28318530718,-0.));
#1486 = VECTOR('',#1487,1.);
#1487 = DIRECTION('',(0.,1.));
#1488 = ( GEOMETRIC_REPRESENTATION_CONTEXT(2) 
PARAMETRIC_REPRESENTATION_CONTEXT() REPRESENTATION_CONTEXT('2D SPACE',''
  ) );
#1489 = PCURVE('',#1043,#1490);
#1490 = DEFINITIONAL_REPRESENTATION('',(#1491),#1495);
#1491 = LINE('',#1492,#1493);
#1492 = CARTESIAN_POINT('',(0.,-0.));
#1493 = VECTOR('',#1494,1.);
#1494 = DIRECTION('',(0.,1.));
#1495 = ( GEOMETRIC_REPRESENTATION_CONTEXT(2) 
PARAMETRIC_REPRESENTATION_CONTEXT() REPRESENTATION_CONTEXT('2D SPACE',''
  ) );
#1496 = ORIENTED_EDGE('',*,*,#1263,.T.);
#1497 = ORIENTED_EDGE('',*,*,#1476,.T.);
#1498 = ADVANCED_FACE('',(#1499),#1074,.F.);
#1499 = FACE_BOUND('',#1500,.F.);
#1500 = EDGE_LOOP('',(#1501,#1502,#1523,#1524));
#1501 = ORIENTED_EDGE('',*,*,#1057,.F.);
#1502 = ORIENTED_EDGE('',*,*,#1503,.F.);
#1503 = EDGE_CURVE('',#1290,#1058,#1504,.T.);
#1504 = SEAM_CURVE('',#1505,(#1509,#1516),.PCURVE_S1.);
#1505 = LINE('',#1506,#1507);
#1506 = CARTESIAN_POINT('',(1.112,6.27767756926E-02,8.749));
#1507 = VECTOR('',#1508,1.);
#1508 = DIRECTION('',(0.,0.,1.));
#1509 = PCURVE('',#1074,#1510);
#1510 = DEFINITIONAL_REPRESENTATION('',(#1511),#1515);
#1511 = LINE('',#1512,#1513);
#1512 = CARTESIAN_POINT('',(6.28318530718,-0.));
#1513 = VECTOR('',#1514,1.);
#1514 = DIRECTION('',(0.,1.));
#1515 = ( GEOMETRIC_REPRESENTATION_CONTEXT(2) 
PARAMETRIC_REPRESENTATION_CONTEXT() REPRESENTATION_CONTEXT('2D SPACE',''
  ) );
#1516 = PCURVE('',#1074,#1517);
#1517 = DEFINITIONAL_REPRESENTATION('',(#1518),#1522);
#1518 = LINE('',#1519,#1520);
#1519 = CARTESIAN_POINT('',(0.,-0.));
#1520 = VECTOR('',#1521,1.);
#1521 = DIRECTION('',(0.,1.));
#1522 = ( GEOMETRIC_REPRESENTATION_CONTEXT(2) 
PARAMETRIC_REPRESENTATION_CONTEXT() REPRESENTATION_CONTEXT('2D SPACE',''
  ) );
#1523 = ORIENTED_EDGE('',*,*,#1289,.T.);
#1524 = ORIENTED_EDGE('',*,*,#1503,.T.);
#1525 = ADVANCED_FACE('',(#1526),#1105,.F.);
#1526 = FACE_BOUND('',#1527,.F.);
#1527 = EDGE_LOOP('',(#1528,#1529,#1550,#1551));
#1528 = ORIENTED_EDGE('',*,*,#1088,.F.);
#1529 = ORIENTED_EDGE('',*,*,#1530,.F.);
#1530 = EDGE_CURVE('',#1316,#1089,#1531,.T.);
#1531 = SEAM_CURVE('',#1532,(#1536,#1543),.PCURVE_S1.);
#1532 = LINE('',#1533,#1534);
#1533 = CARTESIAN_POINT('',(0.8,2.062776775693,8.749));
#1534 = VECTOR('',#1535,1.);
#1535 = DIRECTION('',(0.,0.,1.));
#1536 = PCURVE('',#1105,#1537);
#1537 = DEFINITIONAL_REPRESENTATION('',(#1538),#1542);
#1538 = LINE('',#1539,#1540);
#1539 = CARTESIAN_POINT('',(6.28318530718,-0.));
#1540 = VECTOR('',#1541,1.);
#1541 = DIRECTION('',(0.,1.));
#1542 = ( GEOMETRIC_REPRESENTATION_CONTEXT(2) 
PARAMETRIC_REPRESENTATION_CONTEXT() REPRESENTATION_CONTEXT('2D SPACE',''
  ) );
#1543 = PCURVE('',#1105,#1544);
#1544 = DEFINITIONAL_REPRESENTATION('',(#1545),#1549);
#1545 = LINE('',#1546,#1547);
#1546 = CARTESIAN_POINT('',(0.,-0.));
#1547 = VECTOR('',#1548,1.);
#1548 = DIRECTION('',(0.,1.));
#1549 = ( GEOMETRIC_REPRESENTATION_CONTEXT(2) 
PARAMETRIC_REPRESENTATION_CONTEXT() REPRESENTATION_CONTEXT('2D SPACE',''
  ) );
#1550 = ORIENTED_EDGE('',*,*,#1315,.T.);
#1551 = ORIENTED_EDGE('',*,*,#1530,.T.);
#1552 = ADVANCED_FACE('',(#1553),#1136,.F.);
#1553 = FACE_BOUND('',#1554,.F.);
#1554 = EDGE_LOOP('',(#1555,#1556,#1577,#1578));
#1555 = ORIENTED_EDGE('',*,*,#1119,.F.);
#1556 = ORIENTED_EDGE('',*,*,#1557,.F.);
#1557 = EDGE_CURVE('',#1342,#1120,#1558,.T.);
#1558 = SEAM_CURVE('',#1559,(#1563,#1570),.PCURVE_S1.);
#1559 = LINE('',#1560,#1561);
#1560 = CARTESIAN_POINT('',(0.675,3.562776775693,8.749));
#1561 = VECTOR('',#1562,1.);
#1562 = DIRECTION('',(0.,0.,1.));
#1563 = PCURVE('',#1136,#1564);
#1564 = DEFINITIONAL_REPRESENTATION('',(#1565),#1569);
#1565 = LINE('',#1566,#1567);
#1566 = CARTESIAN_POINT('',(6.28318530718,-0.));
#1567 = VECTOR('',#1568,1.);
#1568 = DIRECTION('',(0.,1.));
#1569 = ( GEOMETRIC_REPRESENTATION_CONTEXT(2) 
PARAMETRIC_REPRESENTATION_CONTEXT() REPRESENTATION_CONTEXT('2D SPACE',''
  ) );
#1570 = PCURVE('',#1136,#1571);
#1571 = DEFINITIONAL_REPRESENTATION('',(#1572),#1576);
#1572 = LINE('',#1573,#1574);
#1573 = CARTESIAN_POINT('',(0.,-0.));
#1574 = VECTOR('',#1575,1.);
#1575 = DIRECTION('',(0.,1.));
#1576 = ( GEOMETRIC_REPRESENTATION_CONTEXT(2) 
PARAMETRIC_REPRESENTATION_CONTEXT() REPRESENTATION_CONTEXT('2D SPACE',''
  ) );
#1577 = ORIENTED_EDGE('',*,*,#1341,.T.);
#1578 = ORIENTED_EDGE('',*,*,#1557,.T.);
#1579 = ADVANCED_FACE('',(#1580),#1167,.F.);
#1580 = FACE_BOUND('',#1581,.F.);
#1581 = EDGE_LOOP('',(#1582,#1583,#1604,#1605));
#1582 = ORIENTED_EDGE('',*,*,#1150,.F.);
#1583 = ORIENTED_EDGE('',*,*,#1584,.F.);
#1584 = EDGE_CURVE('',#1368,#1151,#1585,.T.);
#1585 = SEAM_CURVE('',#1586,(#1590,#1597),.PCURVE_S1.);
#1586 = LINE('',#1587,#1588);
#1587 = CARTESIAN_POINT('',(3.706088913246,1.812776775693,8.749));
#1588 = VECTOR('',#1589,1.);
#1589 = DIRECTION('',(0.,0.,1.));
#1590 = PCURVE('',#1167,#1591);
#1591 = DEFINITIONAL_REPRESENTATION('',(#1592),#1596);
#1592 = LINE('',#1593,#1594);
#1593 = CARTESIAN_POINT('',(6.28318530718,-0.));
#1594 = VECTOR('',#1595,1.);
#1595 = DIRECTION('',(0.,1.));
#1596 = ( GEOMETRIC_REPRESENTATION_CONTEXT(2) 
PARAMETRIC_REPRESENTATION_CONTEXT() REPRESENTATION_CONTEXT('2D SPACE',''
  ) );
#1597 = PCURVE('',#1167,#1598);
#1598 = DEFINITIONAL_REPRESENTATION('',(#1599),#1603);
#1599 = LINE('',#1600,#1601);
#1600 = CARTESIAN_POINT('',(0.,-0.));
#1601 = VECTOR('',#1602,1.);
#1602 = DIRECTION('',(0.,1.));
#1603 = ( GEOMETRIC_REPRESENTATION_CONTEXT(2) 
PARAMETRIC_REPRESENTATION_CONTEXT() REPRESENTATION_CONTEXT('2D SPACE',''
  ) );
#1604 = ORIENTED_EDGE('',*,*,#1367,.T.);
#1605 = ORIENTED_EDGE('',*,*,#1584,.T.);
#1606 = ( GEOMETRIC_REPRESENTATION_CONTEXT(3) 
GLOBAL_UNCERTAINTY_ASSIGNED_CONTEXT((#1610)) 
GLOBAL_UNIT_ASSIGNED_CONTEXT((#1607,#1608,#1609)) REPRESENTATION_CONTEXT
('Context #1','3D Context with UNIT and UNCERTAINTY') );
#1607 = ( LENGTH_UNIT() NAMED_UNIT(*) SI_UNIT(.MILLI.,.METRE.) );
#1608 = ( NAMED_UNIT(*) PLANE_ANGLE_UNIT() SI_UNIT($,.RADIAN.) );
#1609 = ( NAMED_UNIT(*) SI_UNIT($,.STERADIAN.) SOLID_ANGLE_UNIT() );
#1610 = UNCERTAINTY_MEASURE_WITH_UNIT(LENGTH_MEASURE(1.E-07),#1607,
  'distance_accuracy_value','confusion accuracy');
#1611 = CONTEXT_DEPENDENT_SHAPE_REPRESENTATION(#1612,#1614);
#1612 = ( REPRESENTATION_RELATIONSHIP('','',#835,#59) 
REPRESENTATION_RELATIONSHIP_WITH_TRANSFORMATION(#1613) 
SHAPE_REPRESENTATION_RELATIONSHIP() );
#1613 = ITEM_DEFINED_TRANSFORMATION('','',#11,#64);
#1614 = PRODUCT_DEFINITION_SHAPE('Placement','Placement of an item',
  #1615);
#1615 = NEXT_ASSEMBLY_USAGE_OCCURRENCE('2','','',#54,#830,$);
#1616 = PRODUCT_RELATED_PRODUCT_CATEGORY('part',$,(#832));
#1617 = SHAPE_DEFINITION_REPRESENTATION(#1618,#1624);
#1618 = PRODUCT_DEFINITION_SHAPE('','',#1619);
#1619 = PRODUCT_DEFINITION('design','',#1620,#1623);
#1620 = PRODUCT_DEFINITION_FORMATION('','',#1621);
#1621 = PRODUCT('Open CASCADE STEP translator 7.8 1.2',
  'Open CASCADE STEP translator 7.8 1.2','',(#1622));
#1622 = PRODUCT_CONTEXT('',#2,'mechanical');
#1623 = PRODUCT_DEFINITION_CONTEXT('part definition',#2,'design');
#1624 = ADVANCED_BREP_SHAPE_REPRESENTATION('',(#11,#1625),#2395);
#1625 = MANIFOLD_SOLID_BREP('',#1626);
#1626 = CLOSED_SHELL('',(#1627,#1715,#1967,#2179,#2206,#2233,#2260,#2287
    ,#2314,#2341,#2368));
#1627 = ADVANCED_FACE('',(#1628),#1641,.T.);
#1628 = FACE_BOUND('',#1629,.T.);
#1629 = EDGE_LOOP('',(#1630,#1664,#1687,#1714));
#1630 = ORIENTED_EDGE('',*,*,#1631,.F.);
#1631 = EDGE_CURVE('',#1632,#1632,#1634,.T.);
#1632 = VERTEX_POINT('',#1633);
#1633 = CARTESIAN_POINT('',(5.,6.27767756926E-02,9.25));
#1634 = SURFACE_CURVE('',#1635,(#1640,#1652),.PCURVE_S1.);
#1635 = CIRCLE('',#1636,5.);
#1636 = AXIS2_PLACEMENT_3D('',#1637,#1638,#1639);
#1637 = CARTESIAN_POINT('',(5.892889675133E-16,6.27767756926E-02,9.25));
#1638 = DIRECTION('',(0.,0.,1.));
#1639 = DIRECTION('',(1.,0.,0.));
#1640 = PCURVE('',#1641,#1646);
#1641 = CYLINDRICAL_SURFACE('',#1642,5.);
#1642 = AXIS2_PLACEMENT_3D('',#1643,#1644,#1645);
#1643 = CARTESIAN_POINT('',(5.892889675133E-16,6.27767756926E-02,8.75));
#1644 = DIRECTION('',(0.,0.,1.));
#1645 = DIRECTION('',(1.,0.,0.));
#1646 = DEFINITIONAL_REPRESENTATION('',(#1647),#1651);
#1647 = LINE('',#1648,#1649);
#1648 = CARTESIAN_POINT('',(0.,0.5));
#1649 = VECTOR('',#1650,1.);
#1650 = DIRECTION('',(1.,0.));
#1651 = ( GEOMETRIC_REPRESENTATION_CONTEXT(2) 
PARAMETRIC_REPRESENTATION_CONTEXT() REPRESENTATION_CONTEXT('2D SPACE',''
  ) );
#1652 = PCURVE('',#1653,#1658);
#1653 = PLANE('',#1654);
#1654 = AXIS2_PLACEMENT_3D('',#1655,#1656,#1657);
#1655 = CARTESIAN_POINT('',(5.892889675133E-16,6.27767756926E-02,9.25));
#1656 = DIRECTION('',(0.,0.,1.));
#1657 = DIRECTION('',(1.,0.,0.));
#1658 = DEFINITIONAL_REPRESENTATION('',(#1659),#1663);
#1659 = CIRCLE('',#1660,5.);
#1660 = AXIS2_PLACEMENT_2D('',#1661,#1662);
#1661 = CARTESIAN_POINT('',(0.,0.));
#1662 = DIRECTION('',(1.,0.));
#1663 = ( GEOMETRIC_REPRESENTATION_CONTEXT(2) 
PARAMETRIC_REPRESENTATION_CONTEXT() REPRESENTATION_CONTEXT('2D SPACE',''
  ) );
#1664 = ORIENTED_EDGE('',*,*,#1665,.F.);
#1665 = EDGE_CURVE('',#1666,#1632,#1668,.T.);
#1666 = VERTEX_POINT('',#1667);
#1667 = CARTESIAN_POINT('',(5.,6.27767756926E-02,8.75));
#1668 = SEAM_CURVE('',#1669,(#1673,#1680),.PCURVE_S1.);
#1669 = LINE('',#1670,#1671);
#1670 = CARTESIAN_POINT('',(5.,6.27767756926E-02,8.75));
#1671 = VECTOR('',#1672,1.);
#1672 = DIRECTION('',(0.,0.,1.));
#1673 = PCURVE('',#1641,#1674);
#1674 = DEFINITIONAL_REPRESENTATION('',(#1675),#1679);
#1675 = LINE('',#1676,#1677);
#1676 = CARTESIAN_POINT('',(6.28318530718,-0.));
#1677 = VECTOR('',#1678,1.);
#1678 = DIRECTION('',(0.,1.));
#1679 = ( GEOMETRIC_REPRESENTATION_CONTEXT(2) 
PARAMETRIC_REPRESENTATION_CONTEXT() REPRESENTATION_CONTEXT('2D SPACE',''
  ) );
#1680 = PCURVE('',#1641,#1681);
#1681 = DEFINITIONAL_REPRESENTATION('',(#1682),#1686);
#1682 = LINE('',#1683,#1684);
#1683 = CARTESIAN_POINT('',(0.,-0.));
#1684 = VECTOR('',#1685,1.);
#1685 = DIRECTION('',(0.,1.));
#1686 = ( GEOMETRIC_REPRESENTATION_CONTEXT(2) 
PARAMETRIC_REPRESENTATION_CONTEXT() REPRESENTATION_CONTEXT('2D SPACE',''
  ) );
#1687 = ORIENTED_EDGE('',*,*,#1688,.T.);
#1688 = EDGE_CURVE('',#1666,#1666,#1689,.T.);
#1689 = SURFACE_CURVE('',#1690,(#1695,#1702),.PCURVE_S1.);
#1690 = CIRCLE('',#1691,5.);
#1691 = AXIS2_PLACEMENT_3D('',#1692,#1693,#1694);
#1692 = CARTESIAN_POINT('',(5.892889675133E-16,6.27767756926E-02,8.75));
#1693 = DIRECTION('',(0.,0.,1.));
#1694 = DIRECTION('',(1.,0.,0.));
#1695 = PCURVE('',#1641,#1696);
#1696 = DEFINITIONAL_REPRESENTATION('',(#1697),#1701);
#1697 = LINE('',#1698,#1699);
#1698 = CARTESIAN_POINT('',(0.,0.));
#1699 = VECTOR('',#1700,1.);
#1700 = DIRECTION('',(1.,0.));
#1701 = ( GEOMETRIC_REPRESENTATION_CONTEXT(2) 
PARAMETRIC_REPRESENTATION_CONTEXT() REPRESENTATION_CONTEXT('2D SPACE',''
  ) );
#1702 = PCURVE('',#1703,#1708);
#1703 = PLANE('',#1704);
#1704 = AXIS2_PLACEMENT_3D('',#1705,#1706,#1707);
#1705 = CARTESIAN_POINT('',(5.892889675133E-16,6.27767756926E-02,8.75));
#1706 = DIRECTION('',(0.,0.,1.));
#1707 = DIRECTION('',(1.,0.,0.));
#1708 = DEFINITIONAL_REPRESENTATION('',(#1709),#1713);
#1709 = CIRCLE('',#1710,5.);
#1710 = AXIS2_PLACEMENT_2D('',#1711,#1712);
#1711 = CARTESIAN_POINT('',(0.,0.));
#1712 = DIRECTION('',(1.,0.));
#1713 = ( GEOMETRIC_REPRESENTATION_CONTEXT(2) 
PARAMETRIC_REPRESENTATION_CONTEXT() REPRESENTATION_CONTEXT('2D SPACE',''
  ) );
#1714 = ORIENTED_EDGE('',*,*,#1665,.T.);
#1715 = ADVANCED_FACE('',(#1716,#1719,#1750,#1781,#1812,#1843,#1874,
    #1905,#1936),#1653,.T.);
#1716 = FACE_BOUND('',#1717,.T.);
#1717 = EDGE_LOOP('',(#1718));
#1718 = ORIENTED_EDGE('',*,*,#1631,.T.);
#1719 = FACE_BOUND('',#1720,.T.);
#1720 = EDGE_LOOP('',(#1721));
#1721 = ORIENTED_EDGE('',*,*,#1722,.F.);
#1722 = EDGE_CURVE('',#1723,#1723,#1725,.T.);
#1723 = VERTEX_POINT('',#1724);
#1724 = CARTESIAN_POINT('',(0.675,-3.437223224307,9.25));
#1725 = SURFACE_CURVE('',#1726,(#1731,#1738),.PCURVE_S1.);
#1726 = CIRCLE('',#1727,0.675);
#1727 = AXIS2_PLACEMENT_3D('',#1728,#1729,#1730);
#1728 = CARTESIAN_POINT('',(-5.365060203905E-17,-3.437223224307,9.25));
#1729 = DIRECTION('',(0.,0.,1.));
#1730 = DIRECTION('',(1.,0.,-0.));
#1731 = PCURVE('',#1653,#1732);
#1732 = DEFINITIONAL_REPRESENTATION('',(#1733),#1737);
#1733 = CIRCLE('',#1734,0.675);
#1734 = AXIS2_PLACEMENT_2D('',#1735,#1736);
#1735 = CARTESIAN_POINT('',(-6.429395695524E-16,-3.5));
#1736 = DIRECTION('',(1.,0.));
#1737 = ( GEOMETRIC_REPRESENTATION_CONTEXT(2) 
PARAMETRIC_REPRESENTATION_CONTEXT() REPRESENTATION_CONTEXT('2D SPACE',''
  ) );
#1738 = PCURVE('',#1739,#1744);
#1739 = CYLINDRICAL_SURFACE('',#1740,0.675);
#1740 = AXIS2_PLACEMENT_3D('',#1741,#1742,#1743);
#1741 = CARTESIAN_POINT('',(-5.365060203905E-17,-3.437223224307,8.749));
#1742 = DIRECTION('',(0.,0.,1.));
#1743 = DIRECTION('',(1.,0.,0.));
#1744 = DEFINITIONAL_REPRESENTATION('',(#1745),#1749);
#1745 = LINE('',#1746,#1747);
#1746 = CARTESIAN_POINT('',(0.,0.501));
#1747 = VECTOR('',#1748,1.);
#1748 = DIRECTION('',(1.,0.));
#1749 = ( GEOMETRIC_REPRESENTATION_CONTEXT(2) 
PARAMETRIC_REPRESENTATION_CONTEXT() REPRESENTATION_CONTEXT('2D SPACE',''
  ) );
#1750 = FACE_BOUND('',#1751,.T.);
#1751 = EDGE_LOOP('',(#1752));
#1752 = ORIENTED_EDGE('',*,*,#1753,.F.);
#1753 = EDGE_CURVE('',#1754,#1754,#1756,.T.);
#1754 = VERTEX_POINT('',#1755);
#1755 = CARTESIAN_POINT('',(-2.356088913246,-1.687223224307,9.25));
#1756 = SURFACE_CURVE('',#1757,(#1762,#1769),.PCURVE_S1.);
#1757 = CIRCLE('',#1758,0.675);
#1758 = AXIS2_PLACEMENT_3D('',#1759,#1760,#1761);
#1759 = CARTESIAN_POINT('',(-3.031088913246,-1.687223224307,9.25));
#1760 = DIRECTION('',(0.,0.,1.));
#1761 = DIRECTION('',(1.,0.,-0.));
#1762 = PCURVE('',#1653,#1763);
#1763 = DEFINITIONAL_REPRESENTATION('',(#1764),#1768);
#1764 = CIRCLE('',#1765,0.675);
#1765 = AXIS2_PLACEMENT_2D('',#1766,#1767);
#1766 = CARTESIAN_POINT('',(-3.031088913246,-1.75));
#1767 = DIRECTION('',(1.,0.));
#1768 = ( GEOMETRIC_REPRESENTATION_CONTEXT(2) 
PARAMETRIC_REPRESENTATION_CONTEXT() REPRESENTATION_CONTEXT('2D SPACE',''
  ) );
#1769 = PCURVE('',#1770,#1775);
#1770 = CYLINDRICAL_SURFACE('',#1771,0.675);
#1771 = AXIS2_PLACEMENT_3D('',#1772,#1773,#1774);
#1772 = CARTESIAN_POINT('',(-3.031088913246,-1.687223224307,8.749));
#1773 = DIRECTION('',(0.,0.,1.));
#1774 = DIRECTION('',(1.,0.,0.));
#1775 = DEFINITIONAL_REPRESENTATION('',(#1776),#1780);
#1776 = LINE('',#1777,#1778);
#1777 = CARTESIAN_POINT('',(0.,0.501));
#1778 = VECTOR('',#1779,1.);
#1779 = DIRECTION('',(1.,0.));
#1780 = ( GEOMETRIC_REPRESENTATION_CONTEXT(2) 
PARAMETRIC_REPRESENTATION_CONTEXT() REPRESENTATION_CONTEXT('2D SPACE',''
  ) );
#1781 = FACE_BOUND('',#1782,.T.);
#1782 = EDGE_LOOP('',(#1783));
#1783 = ORIENTED_EDGE('',*,*,#1784,.F.);
#1784 = EDGE_CURVE('',#1785,#1785,#1787,.T.);
#1785 = VERTEX_POINT('',#1786);
#1786 = CARTESIAN_POINT('',(3.706088913246,-1.687223224307,9.25));
#1787 = SURFACE_CURVE('',#1788,(#1793,#1800),.PCURVE_S1.);
#1788 = CIRCLE('',#1789,0.675);
#1789 = AXIS2_PLACEMENT_3D('',#1790,#1791,#1792);
#1790 = CARTESIAN_POINT('',(3.031088913246,-1.687223224307,9.25));
#1791 = DIRECTION('',(0.,0.,1.));
#1792 = DIRECTION('',(1.,0.,-0.));
#1793 = PCURVE('',#1653,#1794);
#1794 = DEFINITIONAL_REPRESENTATION('',(#1795),#1799);
#1795 = CIRCLE('',#1796,0.675);
#1796 = AXIS2_PLACEMENT_2D('',#1797,#1798);
#1797 = CARTESIAN_POINT('',(3.031088913246,-1.75));
#1798 = DIRECTION('',(1.,0.));
#1799 = ( GEOMETRIC_REPRESENTATION_CONTEXT(2) 
PARAMETRIC_REPRESENTATION_CONTEXT() REPRESENTATION_CONTEXT('2D SPACE',''
  ) );
#1800 = PCURVE('',#1801,#1806);
#1801 = CYLINDRICAL_SURFACE('',#1802,0.675);
#1802 = AXIS2_PLACEMENT_3D('',#1803,#1804,#1805);
#1803 = CARTESIAN_POINT('',(3.031088913246,-1.687223224307,8.749));
#1804 = DIRECTION('',(0.,0.,1.));
#1805 = DIRECTION('',(1.,0.,0.));
#1806 = DEFINITIONAL_REPRESENTATION('',(#1807),#1811);
#1807 = LINE('',#1808,#1809);
#1808 = CARTESIAN_POINT('',(0.,0.501));
#1809 = VECTOR('',#1810,1.);
#1810 = DIRECTION('',(1.,0.));
#1811 = ( GEOMETRIC_REPRESENTATION_CONTEXT(2) 
PARAMETRIC_REPRESENTATION_CONTEXT() REPRESENTATION_CONTEXT('2D SPACE',''
  ) );
#1812 = FACE_BOUND('',#1813,.T.);
#1813 = EDGE_LOOP('',(#1814));
#1814 = ORIENTED_EDGE('',*,*,#1815,.F.);
#1815 = EDGE_CURVE('',#1816,#1816,#1818,.T.);
#1816 = VERTEX_POINT('',#1817);
#1817 = CARTESIAN_POINT('',(-2.356088913246,1.812776775693,9.25));
#1818 = SURFACE_CURVE('',#1819,(#1824,#1831),.PCURVE_S1.);
#1819 = CIRCLE('',#1820,0.675);
#1820 = AXIS2_PLACEMENT_3D('',#1821,#1822,#1823);
#1821 = CARTESIAN_POINT('',(-3.031088913246,1.812776775693,9.25));
#1822 = DIRECTION('',(0.,0.,1.));
#1823 = DIRECTION('',(1.,0.,-0.));
#1824 = PCURVE('',#1653,#1825);
#1825 = DEFINITIONAL_REPRESENTATION('',(#1826),#1830);
#1826 = CIRCLE('',#1827,0.675);
#1827 = AXIS2_PLACEMENT_2D('',#1828,#1829);
#1828 = CARTESIAN_POINT('',(-3.031088913246,1.75));
#1829 = DIRECTION('',(1.,0.));
#1830 = ( GEOMETRIC_REPRESENTATION_CONTEXT(2) 
PARAMETRIC_REPRESENTATION_CONTEXT() REPRESENTATION_CONTEXT('2D SPACE',''
  ) );
#1831 = PCURVE('',#1832,#1837);
#1832 = CYLINDRICAL_SURFACE('',#1833,0.675);
#1833 = AXIS2_PLACEMENT_3D('',#1834,#1835,#1836);
#1834 = CARTESIAN_POINT('',(-3.031088913246,1.812776775693,8.749));
#1835 = DIRECTION('',(0.,0.,1.));
#1836 = DIRECTION('',(1.,0.,0.));
#1837 = DEFINITIONAL_REPRESENTATION('',(#1838),#1842);
#1838 = LINE('',#1839,#1840);
#1839 = CARTESIAN_POINT('',(0.,0.501));
#1840 = VECTOR('',#1841,1.);
#1841 = DIRECTION('',(1.,0.));
#1842 = ( GEOMETRIC_REPRESENTATION_CONTEXT(2) 
PARAMETRIC_REPRESENTATION_CONTEXT() REPRESENTATION_CONTEXT('2D SPACE',''
  ) );
#1843 = FACE_BOUND('',#1844,.T.);
#1844 = EDGE_LOOP('',(#1845));
#1845 = ORIENTED_EDGE('',*,*,#1846,.F.);
#1846 = EDGE_CURVE('',#1847,#1847,#1849,.T.);
#1847 = VERTEX_POINT('',#1848);
#1848 = CARTESIAN_POINT('',(1.112,6.27767756926E-02,9.25));
#1849 = SURFACE_CURVE('',#1850,(#1855,#1862),.PCURVE_S1.);
#1850 = CIRCLE('',#1851,1.112);
#1851 = AXIS2_PLACEMENT_3D('',#1852,#1853,#1854);
#1852 = CARTESIAN_POINT('',(5.892889675133E-16,6.27767756926E-02,9.25));
#1853 = DIRECTION('',(0.,0.,1.));
#1854 = DIRECTION('',(1.,0.,-0.));
#1855 = PCURVE('',#1653,#1856);
#1856 = DEFINITIONAL_REPRESENTATION('',(#1857),#1861);
#1857 = CIRCLE('',#1858,1.112);
#1858 = AXIS2_PLACEMENT_2D('',#1859,#1860);
#1859 = CARTESIAN_POINT('',(0.,0.));
#1860 = DIRECTION('',(1.,0.));
#1861 = ( GEOMETRIC_REPRESENTATION_CONTEXT(2) 
PARAMETRIC_REPRESENTATION_CONTEXT() REPRESENTATION_CONTEXT('2D SPACE',''
  ) );
#1862 = PCURVE('',#1863,#1868);
#1863 = CYLINDRICAL_SURFACE('',#1864,1.112);
#1864 = AXIS2_PLACEMENT_3D('',#1865,#1866,#1867);
#1865 = CARTESIAN_POINT('',(5.892889675133E-16,6.27767756926E-02,8.749)
  );
#1866 = DIRECTION('',(0.,0.,1.));
#1867 = DIRECTION('',(1.,0.,0.));
#1868 = DEFINITIONAL_REPRESENTATION('',(#1869),#1873);
#1869 = LINE('',#1870,#1871);
#1870 = CARTESIAN_POINT('',(0.,0.501));
#1871 = VECTOR('',#1872,1.);
#1872 = DIRECTION('',(1.,0.));
#1873 = ( GEOMETRIC_REPRESENTATION_CONTEXT(2) 
PARAMETRIC_REPRESENTATION_CONTEXT() REPRESENTATION_CONTEXT('2D SPACE',''
  ) );
#1874 = FACE_BOUND('',#1875,.T.);
#1875 = EDGE_LOOP('',(#1876));
#1876 = ORIENTED_EDGE('',*,*,#1877,.F.);
#1877 = EDGE_CURVE('',#1878,#1878,#1880,.T.);
#1878 = VERTEX_POINT('',#1879);
#1879 = CARTESIAN_POINT('',(0.8,2.062776775693,9.25));
#1880 = SURFACE_CURVE('',#1881,(#1886,#1893),.PCURVE_S1.);
#1881 = CIRCLE('',#1882,0.8);
#1882 = AXIS2_PLACEMENT_3D('',#1883,#1884,#1885);
#1883 = CARTESIAN_POINT('',(7.11753647428E-16,2.062776775693,9.25));
#1884 = DIRECTION('',(0.,0.,1.));
#1885 = DIRECTION('',(1.,0.,-0.));
#1886 = PCURVE('',#1653,#1887);
#1887 = DEFINITIONAL_REPRESENTATION('',(#1888),#1892);
#1888 = CIRCLE('',#1889,0.8);
#1889 = AXIS2_PLACEMENT_2D('',#1890,#1891);
#1890 = CARTESIAN_POINT('',(1.224646799147E-16,2.));
#1891 = DIRECTION('',(1.,0.));
#1892 = ( GEOMETRIC_REPRESENTATION_CONTEXT(2) 
PARAMETRIC_REPRESENTATION_CONTEXT() REPRESENTATION_CONTEXT('2D SPACE',''
  ) );
#1893 = PCURVE('',#1894,#1899);
#1894 = CYLINDRICAL_SURFACE('',#1895,0.8);
#1895 = AXIS2_PLACEMENT_3D('',#1896,#1897,#1898);
#1896 = CARTESIAN_POINT('',(7.11753647428E-16,2.062776775693,8.749));
#1897 = DIRECTION('',(0.,0.,1.));
#1898 = DIRECTION('',(1.,0.,0.));
#1899 = DEFINITIONAL_REPRESENTATION('',(#1900),#1904);
#1900 = LINE('',#1901,#1902);
#1901 = CARTESIAN_POINT('',(0.,0.501));
#1902 = VECTOR('',#1903,1.);
#1903 = DIRECTION('',(1.,0.));
#1904 = ( GEOMETRIC_REPRESENTATION_CONTEXT(2) 
PARAMETRIC_REPRESENTATION_CONTEXT() REPRESENTATION_CONTEXT('2D SPACE',''
  ) );
#1905 = FACE_BOUND('',#1906,.T.);
#1906 = EDGE_LOOP('',(#1907));
#1907 = ORIENTED_EDGE('',*,*,#1908,.F.);
#1908 = EDGE_CURVE('',#1909,#1909,#1911,.T.);
#1909 = VERTEX_POINT('',#1910);
#1910 = CARTESIAN_POINT('',(0.675,3.562776775693,9.25));
#1911 = SURFACE_CURVE('',#1912,(#1917,#1924),.PCURVE_S1.);
#1912 = CIRCLE('',#1913,0.675);
#1913 = AXIS2_PLACEMENT_3D('',#1914,#1915,#1916);
#1914 = CARTESIAN_POINT('',(8.036021573641E-16,3.562776775693,9.25));
#1915 = DIRECTION('',(0.,0.,1.));
#1916 = DIRECTION('',(1.,0.,-0.));
#1917 = PCURVE('',#1653,#1918);
#1918 = DEFINITIONAL_REPRESENTATION('',(#1919),#1923);
#1919 = CIRCLE('',#1920,0.675);
#1920 = AXIS2_PLACEMENT_2D('',#1921,#1922);
#1921 = CARTESIAN_POINT('',(2.143131898508E-16,3.5));
#1922 = DIRECTION('',(1.,0.));
#1923 = ( GEOMETRIC_REPRESENTATION_CONTEXT(2) 
PARAMETRIC_REPRESENTATION_CONTEXT() REPRESENTATION_CONTEXT('2D SPACE',''
  ) );
#1924 = PCURVE('',#1925,#1930);
#1925 = CYLINDRICAL_SURFACE('',#1926,0.675);
#1926 = AXIS2_PLACEMENT_3D('',#1927,#1928,#1929);
#1927 = CARTESIAN_POINT('',(8.036021573641E-16,3.562776775693,8.749));
#1928 = DIRECTION('',(0.,0.,1.));
#1929 = DIRECTION('',(1.,0.,0.));
#1930 = DEFINITIONAL_REPRESENTATION('',(#1931),#1935);
#1931 = LINE('',#1932,#1933);
#1932 = CARTESIAN_POINT('',(0.,0.501));
#1933 = VECTOR('',#1934,1.);
#1934 = DIRECTION('',(1.,0.));
#1935 = ( GEOMETRIC_REPRESENTATION_CONTEXT(2) 
PARAMETRIC_REPRESENTATION_CONTEXT() REPRESENTATION_CONTEXT('2D SPACE',''
  ) );
#1936 = FACE_BOUND('',#1937,.T.);
#1937 = EDGE_LOOP('',(#1938));
#1938 = ORIENTED_EDGE('',*,*,#1939,.F.);
#1939 = EDGE_CURVE('',#1940,#1940,#1942,.T.);
#1940 = VERTEX_POINT('',#1941);
#1941 = CARTESIAN_POINT('',(3.706088913246,1.812776775693,9.25));
#1942 = SURFACE_CURVE('',#1943,(#1948,#1955),.PCURVE_S1.);
#1943 = CIRCLE('',#1944,0.675);
#1944 = AXIS2_PLACEMENT_3D('',#1945,#1946,#1947);
#1945 = CARTESIAN_POINT('',(3.031088913246,1.812776775693,9.25));
#1946 = DIRECTION('',(0.,0.,1.));
#1947 = DIRECTION('',(1.,0.,-0.));
#1948 = PCURVE('',#1653,#1949);
#1949 = DEFINITIONAL_REPRESENTATION('',(#1950),#1954);
#1950 = CIRCLE('',#1951,0.675);
#1951 = AXIS2_PLACEMENT_2D('',#1952,#1953);
#1952 = CARTESIAN_POINT('',(3.031088913246,1.75));
#1953 = DIRECTION('',(1.,0.));
#1954 = ( GEOMETRIC_REPRESENTATION_CONTEXT(2) 
PARAMETRIC_REPRESENTATION_CONTEXT() REPRESENTATION_CONTEXT('2D SPACE',''
  ) );
#1955 = PCURVE('',#1956,#1961);
#1956 = CYLINDRICAL_SURFACE('',#1957,0.675);
#1957 = AXIS2_PLACEMENT_3D('',#1958,#1959,#1960);
#1958 = CARTESIAN_POINT('',(3.031088913246,1.812776775693,8.749));
#1959 = DIRECTION('',(0.,0.,1.));
#1960 = DIRECTION('',(1.,0.,0.));
#1961 = DEFINITIONAL_REPRESENTATION('',(#1962),#1966);
#1962 = LINE('',#1963,#1964);
#1963 = CARTESIAN_POINT('',(0.,0.501));
#1964 = VECTOR('',#1965,1.);
#1965 = DIRECTION('',(1.,0.));
#1966 = ( GEOMETRIC_REPRESENTATION_CONTEXT(2) 
PARAMETRIC_REPRESENTATION_CONTEXT() REPRESENTATION_CONTEXT('2D SPACE',''
  ) );
#1967 = ADVANCED_FACE('',(#1968,#1971,#1997,#2023,#2049,#2075,#2101,
    #2127,#2153),#1703,.F.);
#1968 = FACE_BOUND('',#1969,.F.);
#1969 = EDGE_LOOP('',(#1970));
#1970 = ORIENTED_EDGE('',*,*,#1688,.T.);
#1971 = FACE_BOUND('',#1972,.F.);
#1972 = EDGE_LOOP('',(#1973));
#1973 = ORIENTED_EDGE('',*,*,#1974,.F.);
#1974 = EDGE_CURVE('',#1975,#1975,#1977,.T.);
#1975 = VERTEX_POINT('',#1976);
#1976 = CARTESIAN_POINT('',(0.675,-3.437223224307,8.75));
#1977 = SURFACE_CURVE('',#1978,(#1983,#1990),.PCURVE_S1.);
#1978 = CIRCLE('',#1979,0.675);
#1979 = AXIS2_PLACEMENT_3D('',#1980,#1981,#1982);
#1980 = CARTESIAN_POINT('',(-5.365060203905E-17,-3.437223224307,8.75));
#1981 = DIRECTION('',(0.,0.,1.));
#1982 = DIRECTION('',(1.,0.,-0.));
#1983 = PCURVE('',#1703,#1984);
#1984 = DEFINITIONAL_REPRESENTATION('',(#1985),#1989);
#1985 = CIRCLE('',#1986,0.675);
#1986 = AXIS2_PLACEMENT_2D('',#1987,#1988);
#1987 = CARTESIAN_POINT('',(-6.429395695524E-16,-3.5));
#1988 = DIRECTION('',(1.,0.));
#1989 = ( GEOMETRIC_REPRESENTATION_CONTEXT(2) 
PARAMETRIC_REPRESENTATION_CONTEXT() REPRESENTATION_CONTEXT('2D SPACE',''
  ) );
#1990 = PCURVE('',#1739,#1991);
#1991 = DEFINITIONAL_REPRESENTATION('',(#1992),#1996);
#1992 = LINE('',#1993,#1994);
#1993 = CARTESIAN_POINT('',(0.,1.E-03));
#1994 = VECTOR('',#1995,1.);
#1995 = DIRECTION('',(1.,0.));
#1996 = ( GEOMETRIC_REPRESENTATION_CONTEXT(2) 
PARAMETRIC_REPRESENTATION_CONTEXT() REPRESENTATION_CONTEXT('2D SPACE',''
  ) );
#1997 = FACE_BOUND('',#1998,.F.);
#1998 = EDGE_LOOP('',(#1999));
#1999 = ORIENTED_EDGE('',*,*,#2000,.F.);
#2000 = EDGE_CURVE('',#2001,#2001,#2003,.T.);
#2001 = VERTEX_POINT('',#2002);
#2002 = CARTESIAN_POINT('',(-2.356088913246,-1.687223224307,8.75));
#2003 = SURFACE_CURVE('',#2004,(#2009,#2016),.PCURVE_S1.);
#2004 = CIRCLE('',#2005,0.675);
#2005 = AXIS2_PLACEMENT_3D('',#2006,#2007,#2008);
#2006 = CARTESIAN_POINT('',(-3.031088913246,-1.687223224307,8.75));
#2007 = DIRECTION('',(0.,0.,1.));
#2008 = DIRECTION('',(1.,0.,-0.));
#2009 = PCURVE('',#1703,#2010);
#2010 = DEFINITIONAL_REPRESENTATION('',(#2011),#2015);
#2011 = CIRCLE('',#2012,0.675);
#2012 = AXIS2_PLACEMENT_2D('',#2013,#2014);
#2013 = CARTESIAN_POINT('',(-3.031088913246,-1.75));
#2014 = DIRECTION('',(1.,0.));
#2015 = ( GEOMETRIC_REPRESENTATION_CONTEXT(2) 
PARAMETRIC_REPRESENTATION_CONTEXT() REPRESENTATION_CONTEXT('2D SPACE',''
  ) );
#2016 = PCURVE('',#1770,#2017);
#2017 = DEFINITIONAL_REPRESENTATION('',(#2018),#2022);
#2018 = LINE('',#2019,#2020);
#2019 = CARTESIAN_POINT('',(0.,1.E-03));
#2020 = VECTOR('',#2021,1.);
#2021 = DIRECTION('',(1.,0.));
#2022 = ( GEOMETRIC_REPRESENTATION_CONTEXT(2) 
PARAMETRIC_REPRESENTATION_CONTEXT() REPRESENTATION_CONTEXT('2D SPACE',''
  ) );
#2023 = FACE_BOUND('',#2024,.F.);
#2024 = EDGE_LOOP('',(#2025));
#2025 = ORIENTED_EDGE('',*,*,#2026,.F.);
#2026 = EDGE_CURVE('',#2027,#2027,#2029,.T.);
#2027 = VERTEX_POINT('',#2028);
#2028 = CARTESIAN_POINT('',(3.706088913246,-1.687223224307,8.75));
#2029 = SURFACE_CURVE('',#2030,(#2035,#2042),.PCURVE_S1.);
#2030 = CIRCLE('',#2031,0.675);
#2031 = AXIS2_PLACEMENT_3D('',#2032,#2033,#2034);
#2032 = CARTESIAN_POINT('',(3.031088913246,-1.687223224307,8.75));
#2033 = DIRECTION('',(0.,0.,1.));
#2034 = DIRECTION('',(1.,0.,-0.));
#2035 = PCURVE('',#1703,#2036);
#2036 = DEFINITIONAL_REPRESENTATION('',(#2037),#2041);
#2037 = CIRCLE('',#2038,0.675);
#2038 = AXIS2_PLACEMENT_2D('',#2039,#2040);
#2039 = CARTESIAN_POINT('',(3.031088913246,-1.75));
#2040 = DIRECTION('',(1.,0.));
#2041 = ( GEOMETRIC_REPRESENTATION_CONTEXT(2) 
PARAMETRIC_REPRESENTATION_CONTEXT() REPRESENTATION_CONTEXT('2D SPACE',''
  ) );
#2042 = PCURVE('',#1801,#2043);
#2043 = DEFINITIONAL_REPRESENTATION('',(#2044),#2048);
#2044 = LINE('',#2045,#2046);
#2045 = CARTESIAN_POINT('',(0.,1.E-03));
#2046 = VECTOR('',#2047,1.);
#2047 = DIRECTION('',(1.,0.));
#2048 = ( GEOMETRIC_REPRESENTATION_CONTEXT(2) 
PARAMETRIC_REPRESENTATION_CONTEXT() REPRESENTATION_CONTEXT('2D SPACE',''
  ) );
#2049 = FACE_BOUND('',#2050,.F.);
#2050 = EDGE_LOOP('',(#2051));
#2051 = ORIENTED_EDGE('',*,*,#2052,.F.);
#2052 = EDGE_CURVE('',#2053,#2053,#2055,.T.);
#2053 = VERTEX_POINT('',#2054);
#2054 = CARTESIAN_POINT('',(-2.356088913246,1.812776775693,8.75));
#2055 = SURFACE_CURVE('',#2056,(#2061,#2068),.PCURVE_S1.);
#2056 = CIRCLE('',#2057,0.675);
#2057 = AXIS2_PLACEMENT_3D('',#2058,#2059,#2060);
#2058 = CARTESIAN_POINT('',(-3.031088913246,1.812776775693,8.75));
#2059 = DIRECTION('',(0.,0.,1.));
#2060 = DIRECTION('',(1.,0.,-0.));
#2061 = PCURVE('',#1703,#2062);
#2062 = DEFINITIONAL_REPRESENTATION('',(#2063),#2067);
#2063 = CIRCLE('',#2064,0.675);
#2064 = AXIS2_PLACEMENT_2D('',#2065,#2066);
#2065 = CARTESIAN_POINT('',(-3.031088913246,1.75));
#2066 = DIRECTION('',(1.,0.));
#2067 = ( GEOMETRIC_REPRESENTATION_CONTEXT(2) 
PARAMETRIC_REPRESENTATION_CONTEXT() REPRESENTATION_CONTEXT('2D SPACE',''
  ) );
#2068 = PCURVE('',#1832,#2069);
#2069 = DEFINITIONAL_REPRESENTATION('',(#2070),#2074);
#2070 = LINE('',#2071,#2072);
#2071 = CARTESIAN_POINT('',(0.,1.E-03));
#2072 = VECTOR('',#2073,1.);
#2073 = DIRECTION('',(1.,0.));
#2074 = ( GEOMETRIC_REPRESENTATION_CONTEXT(2) 
PARAMETRIC_REPRESENTATION_CONTEXT() REPRESENTATION_CONTEXT('2D SPACE',''
  ) );
#2075 = FACE_BOUND('',#2076,.F.);
#2076 = EDGE_LOOP('',(#2077));
#2077 = ORIENTED_EDGE('',*,*,#2078,.F.);
#2078 = EDGE_CURVE('',#2079,#2079,#2081,.T.);
#2079 = VERTEX_POINT('',#2080);
#2080 = CARTESIAN_POINT('',(1.112,6.27767756926E-02,8.75));
#2081 = SURFACE_CURVE('',#2082,(#2087,#2094),.PCURVE_S1.);
#2082 = CIRCLE('',#2083,1.112);
#2083 = AXIS2_PLACEMENT_3D('',#2084,#2085,#2086);
#2084 = CARTESIAN_POINT('',(5.892889675133E-16,6.27767756926E-02,8.75));
#2085 = DIRECTION('',(0.,0.,1.));
#2086 = DIRECTION('',(1.,0.,-0.));
#2087 = PCURVE('',#1703,#2088);
#2088 = DEFINITIONAL_REPRESENTATION('',(#2089),#2093);
#2089 = CIRCLE('',#2090,1.112);
#2090 = AXIS2_PLACEMENT_2D('',#2091,#2092);
#2091 = CARTESIAN_POINT('',(0.,0.));
#2092 = DIRECTION('',(1.,0.));
#2093 = ( GEOMETRIC_REPRESENTATION_CONTEXT(2) 
PARAMETRIC_REPRESENTATION_CONTEXT() REPRESENTATION_CONTEXT('2D SPACE',''
  ) );
#2094 = PCURVE('',#1863,#2095);
#2095 = DEFINITIONAL_REPRESENTATION('',(#2096),#2100);
#2096 = LINE('',#2097,#2098);
#2097 = CARTESIAN_POINT('',(0.,1.E-03));
#2098 = VECTOR('',#2099,1.);
#2099 = DIRECTION('',(1.,0.));
#2100 = ( GEOMETRIC_REPRESENTATION_CONTEXT(2) 
PARAMETRIC_REPRESENTATION_CONTEXT() REPRESENTATION_CONTEXT('2D SPACE',''
  ) );
#2101 = FACE_BOUND('',#2102,.F.);
#2102 = EDGE_LOOP('',(#2103));
#2103 = ORIENTED_EDGE('',*,*,#2104,.F.);
#2104 = EDGE_CURVE('',#2105,#2105,#2107,.T.);
#2105 = VERTEX_POINT('',#2106);
#2106 = CARTESIAN_POINT('',(0.8,2.062776775693,8.75));
#2107 = SURFACE_CURVE('',#2108,(#2113,#2120),.PCURVE_S1.);
#2108 = CIRCLE('',#2109,0.8);
#2109 = AXIS2_PLACEMENT_3D('',#2110,#2111,#2112);
#2110 = CARTESIAN_POINT('',(7.11753647428E-16,2.062776775693,8.75));
#2111 = DIRECTION('',(0.,0.,1.));
#2112 = DIRECTION('',(1.,0.,-0.));
#2113 = PCURVE('',#1703,#2114);
#2114 = DEFINITIONAL_REPRESENTATION('',(#2115),#2119);
#2115 = CIRCLE('',#2116,0.8);
#2116 = AXIS2_PLACEMENT_2D('',#2117,#2118);
#2117 = CARTESIAN_POINT('',(1.224646799147E-16,2.));
#2118 = DIRECTION('',(1.,0.));
#2119 = ( GEOMETRIC_REPRESENTATION_CONTEXT(2) 
PARAMETRIC_REPRESENTATION_CONTEXT() REPRESENTATION_CONTEXT('2D SPACE',''
  ) );
#2120 = PCURVE('',#1894,#2121);
#2121 = DEFINITIONAL_REPRESENTATION('',(#2122),#2126);
#2122 = LINE('',#2123,#2124);
#2123 = CARTESIAN_POINT('',(0.,1.E-03));
#2124 = VECTOR('',#2125,1.);
#2125 = DIRECTION('',(1.,0.));
#2126 = ( GEOMETRIC_REPRESENTATION_CONTEXT(2) 
PARAMETRIC_REPRESENTATION_CONTEXT() REPRESENTATION_CONTEXT('2D SPACE',''
  ) );
#2127 = FACE_BOUND('',#2128,.F.);
#2128 = EDGE_LOOP('',(#2129));
#2129 = ORIENTED_EDGE('',*,*,#2130,.F.);
#2130 = EDGE_CURVE('',#2131,#2131,#2133,.T.);
#2131 = VERTEX_POINT('',#2132);
#2132 = CARTESIAN_POINT('',(0.675,3.562776775693,8.75));
#2133 = SURFACE_CURVE('',#2134,(#2139,#2146),.PCURVE_S1.);
#2134 = CIRCLE('',#2135,0.675);
#2135 = AXIS2_PLACEMENT_3D('',#2136,#2137,#2138);
#2136 = CARTESIAN_POINT('',(8.036021573641E-16,3.562776775693,8.75));
#2137 = DIRECTION('',(0.,0.,1.));
#2138 = DIRECTION('',(1.,0.,-0.));
#2139 = PCURVE('',#1703,#2140);
#2140 = DEFINITIONAL_REPRESENTATION('',(#2141),#2145);
#2141 = CIRCLE('',#2142,0.675);
#2142 = AXIS2_PLACEMENT_2D('',#2143,#2144);
#2143 = CARTESIAN_POINT('',(2.143131898508E-16,3.5));
#2144 = DIRECTION('',(1.,0.));
#2145 = ( GEOMETRIC_REPRESENTATION_CONTEXT(2) 
PARAMETRIC_REPRESENTATION_CONTEXT() REPRESENTATION_CONTEXT('2D SPACE',''
  ) );
#2146 = PCURVE('',#1925,#2147);
#2147 = DEFINITIONAL_REPRESENTATION('',(#2148),#2152);
#2148 = LINE('',#2149,#2150);
#2149 = CARTESIAN_POINT('',(0.,1.E-03));
#2150 = VECTOR('',#2151,1.);
#2151 = DIRECTION('',(1.,0.));
#2152 = ( GEOMETRIC_REPRESENTATION_CONTEXT(2) 
PARAMETRIC_REPRESENTATION_CONTEXT() REPRESENTATION_CONTEXT('2D SPACE',''
  ) );
#2153 = FACE_BOUND('',#2154,.F.);
#2154 = EDGE_LOOP('',(#2155));
#2155 = ORIENTED_EDGE('',*,*,#2156,.F.);
#2156 = EDGE_CURVE('',#2157,#2157,#2159,.T.);
#2157 = VERTEX_POINT('',#2158);
#2158 = CARTESIAN_POINT('',(3.706088913246,1.812776775693,8.75));
#2159 = SURFACE_CURVE('',#2160,(#2165,#2172),.PCURVE_S1.);
#2160 = CIRCLE('',#2161,0.675);
#2161 = AXIS2_PLACEMENT_3D('',#2162,#2163,#2164);
#2162 = CARTESIAN_POINT('',(3.031088913246,1.812776775693,8.75));
#2163 = DIRECTION('',(0.,0.,1.));
#2164 = DIRECTION('',(1.,0.,-0.));
#2165 = PCURVE('',#1703,#2166);
#2166 = DEFINITIONAL_REPRESENTATION('',(#2167),#2171);
#2167 = CIRCLE('',#2168,0.675);
#2168 = AXIS2_PLACEMENT_2D('',#2169,#2170);
#2169 = CARTESIAN_POINT('',(3.031088913246,1.75));
#2170 = DIRECTION('',(1.,0.));
#2171 = ( GEOMETRIC_REPRESENTATION_CONTEXT(2) 
PARAMETRIC_REPRESENTATION_CONTEXT() REPRESENTATION_CONTEXT('2D SPACE',''
  ) );
#2172 = PCURVE('',#1956,#2173);
#2173 = DEFINITIONAL_REPRESENTATION('',(#2174),#2178);
#2174 = LINE('',#2175,#2176);
#2175 = CARTESIAN_POINT('',(0.,1.E-03));
#2176 = VECTOR('',#2177,1.);
#2177 = DIRECTION('',(1.,0.));
#2178 = ( GEOMETRIC_REPRESENTATION_CONTEXT(2) 
PARAMETRIC_REPRESENTATION_CONTEXT() REPRESENTATION_CONTEXT('2D SPACE',''
  ) );
#2179 = ADVANCED_FACE('',(#2180),#1739,.F.);
#2180 = FACE_BOUND('',#2181,.F.);
#2181 = EDGE_LOOP('',(#2182,#2183,#2204,#2205));
#2182 = ORIENTED_EDGE('',*,*,#1722,.F.);
#2183 = ORIENTED_EDGE('',*,*,#2184,.F.);
#2184 = EDGE_CURVE('',#1975,#1723,#2185,.T.);
#2185 = SEAM_CURVE('',#2186,(#2190,#2197),.PCURVE_S1.);
#2186 = LINE('',#2187,#2188);
#2187 = CARTESIAN_POINT('',(0.675,-3.437223224307,8.749));
#2188 = VECTOR('',#2189,1.);
#2189 = DIRECTION('',(0.,0.,1.));
#2190 = PCURVE('',#1739,#2191);
#2191 = DEFINITIONAL_REPRESENTATION('',(#2192),#2196);
#2192 = LINE('',#2193,#2194);
#2193 = CARTESIAN_POINT('',(6.28318530718,-0.));
#2194 = VECTOR('',#2195,1.);
#2195 = DIRECTION('',(0.,1.));
#2196 = ( GEOMETRIC_REPRESENTATION_CONTEXT(2) 
PARAMETRIC_REPRESENTATION_CONTEXT() REPRESENTATION_CONTEXT('2D SPACE',''
  ) );
#2197 = PCURVE('',#1739,#2198);
#2198 = DEFINITIONAL_REPRESENTATION('',(#2199),#2203);
#2199 = LINE('',#2200,#2201);
#2200 = CARTESIAN_POINT('',(0.,-0.));
#2201 = VECTOR('',#2202,1.);
#2202 = DIRECTION('',(0.,1.));
#2203 = ( GEOMETRIC_REPRESENTATION_CONTEXT(2) 
PARAMETRIC_REPRESENTATION_CONTEXT() REPRESENTATION_CONTEXT('2D SPACE',''
  ) );
#2204 = ORIENTED_EDGE('',*,*,#1974,.T.);
#2205 = ORIENTED_EDGE('',*,*,#2184,.T.);
#2206 = ADVANCED_FACE('',(#2207),#1770,.F.);
#2207 = FACE_BOUND('',#2208,.F.);
#2208 = EDGE_LOOP('',(#2209,#2210,#2231,#2232));
#2209 = ORIENTED_EDGE('',*,*,#1753,.F.);
#2210 = ORIENTED_EDGE('',*,*,#2211,.F.);
#2211 = EDGE_CURVE('',#2001,#1754,#2212,.T.);
#2212 = SEAM_CURVE('',#2213,(#2217,#2224),.PCURVE_S1.);
#2213 = LINE('',#2214,#2215);
#2214 = CARTESIAN_POINT('',(-2.356088913246,-1.687223224307,8.749));
#2215 = VECTOR('',#2216,1.);
#2216 = DIRECTION('',(0.,0.,1.));
#2217 = PCURVE('',#1770,#2218);
#2218 = DEFINITIONAL_REPRESENTATION('',(#2219),#2223);
#2219 = LINE('',#2220,#2221);
#2220 = CARTESIAN_POINT('',(6.28318530718,-0.));
#2221 = VECTOR('',#2222,1.);
#2222 = DIRECTION('',(0.,1.));
#2223 = ( GEOMETRIC_REPRESENTATION_CONTEXT(2) 
PARAMETRIC_REPRESENTATION_CONTEXT() REPRESENTATION_CONTEXT('2D SPACE',''
  ) );
#2224 = PCURVE('',#1770,#2225);
#2225 = DEFINITIONAL_REPRESENTATION('',(#2226),#2230);
#2226 = LINE('',#2227,#2228);
#2227 = CARTESIAN_POINT('',(0.,-0.));
#2228 = VECTOR('',#2229,1.);
#2229 = DIRECTION('',(0.,1.));
#2230 = ( GEOMETRIC_REPRESENTATION_CONTEXT(2) 
PARAMETRIC_REPRESENTATION_CONTEXT() REPRESENTATION_CONTEXT('2D SPACE',''
  ) );
#2231 = ORIENTED_EDGE('',*,*,#2000,.T.);
#2232 = ORIENTED_EDGE('',*,*,#2211,.T.);
#2233 = ADVANCED_FACE('',(#2234),#1801,.F.);
#2234 = FACE_BOUND('',#2235,.F.);
#2235 = EDGE_LOOP('',(#2236,#2237,#2258,#2259));
#2236 = ORIENTED_EDGE('',*,*,#1784,.F.);
#2237 = ORIENTED_EDGE('',*,*,#2238,.F.);
#2238 = EDGE_CURVE('',#2027,#1785,#2239,.T.);
#2239 = SEAM_CURVE('',#2240,(#2244,#2251),.PCURVE_S1.);
#2240 = LINE('',#2241,#2242);
#2241 = CARTESIAN_POINT('',(3.706088913246,-1.687223224307,8.749));
#2242 = VECTOR('',#2243,1.);
#2243 = DIRECTION('',(0.,0.,1.));
#2244 = PCURVE('',#1801,#2245);
#2245 = DEFINITIONAL_REPRESENTATION('',(#2246),#2250);
#2246 = LINE('',#2247,#2248);
#2247 = CARTESIAN_POINT('',(6.28318530718,-0.));
#2248 = VECTOR('',#2249,1.);
#2249 = DIRECTION('',(0.,1.));
#2250 = ( GEOMETRIC_REPRESENTATION_CONTEXT(2) 
PARAMETRIC_REPRESENTATION_CONTEXT() REPRESENTATION_CONTEXT('2D SPACE',''
  ) );
#2251 = PCURVE('',#1801,#2252);
#2252 = DEFINITIONAL_REPRESENTATION('',(#2253),#2257);
#2253 = LINE('',#2254,#2255);
#2254 = CARTESIAN_POINT('',(0.,-0.));
#2255 = VECTOR('',#2256,1.);
#2256 = DIRECTION('',(0.,1.));
#2257 = ( GEOMETRIC_REPRESENTATION_CONTEXT(2) 
PARAMETRIC_REPRESENTATION_CONTEXT() REPRESENTATION_CONTEXT('2D SPACE',''
  ) );
#2258 = ORIENTED_EDGE('',*,*,#2026,.T.);
#2259 = ORIENTED_EDGE('',*,*,#2238,.T.);
#2260 = ADVANCED_FACE('',(#2261),#1832,.F.);
#2261 = FACE_BOUND('',#2262,.F.);
#2262 = EDGE_LOOP('',(#2263,#2264,#2285,#2286));
#2263 = ORIENTED_EDGE('',*,*,#1815,.F.);
#2264 = ORIENTED_EDGE('',*,*,#2265,.F.);
#2265 = EDGE_CURVE('',#2053,#1816,#2266,.T.);
#2266 = SEAM_CURVE('',#2267,(#2271,#2278),.PCURVE_S1.);
#2267 = LINE('',#2268,#2269);
#2268 = CARTESIAN_POINT('',(-2.356088913246,1.812776775693,8.749));
#2269 = VECTOR('',#2270,1.);
#2270 = DIRECTION('',(0.,0.,1.));
#2271 = PCURVE('',#1832,#2272);
#2272 = DEFINITIONAL_REPRESENTATION('',(#2273),#2277);
#2273 = LINE('',#2274,#2275);
#2274 = CARTESIAN_POINT('',(6.28318530718,-0.));
#2275 = VECTOR('',#2276,1.);
#2276 = DIRECTION('',(0.,1.));
#2277 = ( GEOMETRIC_REPRESENTATION_CONTEXT(2) 
PARAMETRIC_REPRESENTATION_CONTEXT() REPRESENTATION_CONTEXT('2D SPACE',''
  ) );
#2278 = PCURVE('',#1832,#2279);
#2279 = DEFINITIONAL_REPRESENTATION('',(#2280),#2284);
#2280 = LINE('',#2281,#2282);
#2281 = CARTESIAN_POINT('',(0.,-0.));
#2282 = VECTOR('',#2283,1.);
#2283 = DIRECTION('',(0.,1.));
#2284 = ( GEOMETRIC_REPRESENTATION_CONTEXT(2) 
PARAMETRIC_REPRESENTATION_CONTEXT() REPRESENTATION_CONTEXT('2D SPACE',''
  ) );
#2285 = ORIENTED_EDGE('',*,*,#2052,.T.);
#2286 = ORIENTED_EDGE('',*,*,#2265,.T.);
#2287 = ADVANCED_FACE('',(#2288),#1863,.F.);
#2288 = FACE_BOUND('',#2289,.F.);
#2289 = EDGE_LOOP('',(#2290,#2291,#2312,#2313));
#2290 = ORIENTED_EDGE('',*,*,#1846,.F.);
#2291 = ORIENTED_EDGE('',*,*,#2292,.F.);
#2292 = EDGE_CURVE('',#2079,#1847,#2293,.T.);
#2293 = SEAM_CURVE('',#2294,(#2298,#2305),.PCURVE_S1.);
#2294 = LINE('',#2295,#2296);
#2295 = CARTESIAN_POINT('',(1.112,6.27767756926E-02,8.749));
#2296 = VECTOR('',#2297,1.);
#2297 = DIRECTION('',(0.,0.,1.));
#2298 = PCURVE('',#1863,#2299);
#2299 = DEFINITIONAL_REPRESENTATION('',(#2300),#2304);
#2300 = LINE('',#2301,#2302);
#2301 = CARTESIAN_POINT('',(6.28318530718,-0.));
#2302 = VECTOR('',#2303,1.);
#2303 = DIRECTION('',(0.,1.));
#2304 = ( GEOMETRIC_REPRESENTATION_CONTEXT(2) 
PARAMETRIC_REPRESENTATION_CONTEXT() REPRESENTATION_CONTEXT('2D SPACE',''
  ) );
#2305 = PCURVE('',#1863,#2306);
#2306 = DEFINITIONAL_REPRESENTATION('',(#2307),#2311);
#2307 = LINE('',#2308,#2309);
#2308 = CARTESIAN_POINT('',(0.,-0.));
#2309 = VECTOR('',#2310,1.);
#2310 = DIRECTION('',(0.,1.));
#2311 = ( GEOMETRIC_REPRESENTATION_CONTEXT(2) 
PARAMETRIC_REPRESENTATION_CONTEXT() REPRESENTATION_CONTEXT('2D SPACE',''
  ) );
#2312 = ORIENTED_EDGE('',*,*,#2078,.T.);
#2313 = ORIENTED_EDGE('',*,*,#2292,.T.);
#2314 = ADVANCED_FACE('',(#2315),#1894,.F.);
#2315 = FACE_BOUND('',#2316,.F.);
#2316 = EDGE_LOOP('',(#2317,#2318,#2339,#2340));
#2317 = ORIENTED_EDGE('',*,*,#1877,.F.);
#2318 = ORIENTED_EDGE('',*,*,#2319,.F.);
#2319 = EDGE_CURVE('',#2105,#1878,#2320,.T.);
#2320 = SEAM_CURVE('',#2321,(#2325,#2332),.PCURVE_S1.);
#2321 = LINE('',#2322,#2323);
#2322 = CARTESIAN_POINT('',(0.8,2.062776775693,8.749));
#2323 = VECTOR('',#2324,1.);
#2324 = DIRECTION('',(0.,0.,1.));
#2325 = PCURVE('',#1894,#2326);
#2326 = DEFINITIONAL_REPRESENTATION('',(#2327),#2331);
#2327 = LINE('',#2328,#2329);
#2328 = CARTESIAN_POINT('',(6.28318530718,-0.));
#2329 = VECTOR('',#2330,1.);
#2330 = DIRECTION('',(0.,1.));
#2331 = ( GEOMETRIC_REPRESENTATION_CONTEXT(2) 
PARAMETRIC_REPRESENTATION_CONTEXT() REPRESENTATION_CONTEXT('2D SPACE',''
  ) );
#2332 = PCURVE('',#1894,#2333);
#2333 = DEFINITIONAL_REPRESENTATION('',(#2334),#2338);
#2334 = LINE('',#2335,#2336);
#2335 = CARTESIAN_POINT('',(0.,-0.));
#2336 = VECTOR('',#2337,1.);
#2337 = DIRECTION('',(0.,1.));
#2338 = ( GEOMETRIC_REPRESENTATION_CONTEXT(2) 
PARAMETRIC_REPRESENTATION_CONTEXT() REPRESENTATION_CONTEXT('2D SPACE',''
  ) );
#2339 = ORIENTED_EDGE('',*,*,#2104,.T.);
#2340 = ORIENTED_EDGE('',*,*,#2319,.T.);
#2341 = ADVANCED_FACE('',(#2342),#1925,.F.);
#2342 = FACE_BOUND('',#2343,.F.);
#2343 = EDGE_LOOP('',(#2344,#2345,#2366,#2367));
#2344 = ORIENTED_EDGE('',*,*,#1908,.F.);
#2345 = ORIENTED_EDGE('',*,*,#2346,.F.);
#2346 = EDGE_CURVE('',#2131,#1909,#2347,.T.);
#2347 = SEAM_CURVE('',#2348,(#2352,#2359),.PCURVE_S1.);
#2348 = LINE('',#2349,#2350);
#2349 = CARTESIAN_POINT('',(0.675,3.562776775693,8.749));
#2350 = VECTOR('',#2351,1.);
#2351 = DIRECTION('',(0.,0.,1.));
#2352 = PCURVE('',#1925,#2353);
#2353 = DEFINITIONAL_REPRESENTATION('',(#2354),#2358);
#2354 = LINE('',#2355,#2356);
#2355 = CARTESIAN_POINT('',(6.28318530718,-0.));
#2356 = VECTOR('',#2357,1.);
#2357 = DIRECTION('',(0.,1.));
#2358 = ( GEOMETRIC_REPRESENTATION_CONTEXT(2) 
PARAMETRIC_REPRESENTATION_CONTEXT() REPRESENTATION_CONTEXT('2D SPACE',''
  ) );
#2359 = PCURVE('',#1925,#2360);
#2360 = DEFINITIONAL_REPRESENTATION('',(#2361),#2365);
#2361 = LINE('',#2362,#2363);
#2362 = CARTESIAN_POINT('',(0.,-0.));
#2363 = VECTOR('',#2364,1.);
#2364 = DIRECTION('',(0.,1.));
#2365 = ( GEOMETRIC_REPRESENTATION_CONTEXT(2) 
PARAMETRIC_REPRESENTATION_CONTEXT() REPRESENTATION_CONTEXT('2D SPACE',''
  ) );
#2366 = ORIENTED_EDGE('',*,*,#2130,.T.);
#2367 = ORIENTED_EDGE('',*,*,#2346,.T.);
#2368 = ADVANCED_FACE('',(#2369),#1956,.F.);
#2369 = FACE_BOUND('',#2370,.F.);
#2370 = EDGE_LOOP('',(#2371,#2372,#2393,#2394));
#2371 = ORIENTED_EDGE('',*,*,#1939,.F.);
#2372 = ORIENTED_EDGE('',*,*,#2373,.F.);
#2373 = EDGE_CURVE('',#2157,#1940,#2374,.T.);
#2374 = SEAM_CURVE('',#2375,(#2379,#2386),.PCURVE_S1.);
#2375 = LINE('',#2376,#2377);
#2376 = CARTESIAN_POINT('',(3.706088913246,1.812776775693,8.749));
#2377 = VECTOR('',#2378,1.);
#2378 = DIRECTION('',(0.,0.,1.));
#2379 = PCURVE('',#1956,#2380);
#2380 = DEFINITIONAL_REPRESENTATION('',(#2381),#2385);
#2381 = LINE('',#2382,#2383);
#2382 = CARTESIAN_POINT('',(6.28318530718,-0.));
#2383 = VECTOR('',#2384,1.);
#2384 = DIRECTION('',(0.,1.));
#2385 = ( GEOMETRIC_REPRESENTATION_CONTEXT(2) 
PARAMETRIC_REPRESENTATION_CONTEXT() REPRESENTATION_CONTEXT('2D SPACE',''
  ) );
#2386 = PCURVE('',#1956,#2387);
#2387 = DEFINITIONAL_REPRESENTATION('',(#2388),#2392);
#2388 = LINE('',#2389,#2390);
#2389 = CARTESIAN_POINT('',(0.,-0.));
#2390 = VECTOR('',#2391,1.);
#2391 = DIRECTION('',(0.,1.));
#2392 = ( GEOMETRIC_REPRESENTATION_CONTEXT(2) 
PARAMETRIC_REPRESENTATION_CONTEXT() REPRESENTATION_CONTEXT('2D SPACE',''
  ) );
#2393 = ORIENTED_EDGE('',*,*,#2156,.T.);
#2394 = ORIENTED_EDGE('',*,*,#2373,.T.);
#2395 = ( GEOMETRIC_REPRESENTATION_CONTEXT(3) 
GLOBAL_UNCERTAINTY_ASSIGNED_CONTEXT((#2399)) 
GLOBAL_UNIT_ASSIGNED_CONTEXT((#2396,#2397,#2398)) REPRESENTATION_CONTEXT
('Context #1','3D Context with UNIT and UNCERTAINTY') );
#2396 = ( LENGTH_UNIT() NAMED_UNIT(*) SI_UNIT(.MILLI.,.METRE.) );
#2397 = ( NAMED_UNIT(*) PLANE_ANGLE_UNIT() SI_UNIT($,.RADIAN.) );
#2398 = ( NAMED_UNIT(*) SI_UNIT($,.STERADIAN.) SOLID_ANGLE_UNIT() );
#2399 = UNCERTAINTY_MEASURE_WITH_UNIT(LENGTH_MEASURE(1.E-07),#2396,
  'distance_accuracy_value','confusion accuracy');
#2400 = CONTEXT_DEPENDENT_SHAPE_REPRESENTATION(#2401,#2403);
#2401 = ( REPRESENTATION_RELATIONSHIP('','',#1624,#10) 
REPRESENTATION_RELATIONSHIP_WITH_TRANSFORMATION(#2402) 
SHAPE_REPRESENTATION_RELATIONSHIP() );
#2402 = ITEM_DEFINED_TRANSFORMATION('','',#11,#19);
#2403 = PRODUCT_DEFINITION_SHAPE('Placement','Placement of an item',
  #2404);
#2404 = NEXT_ASSEMBLY_USAGE_OCCURRENCE('5','','',#5,#1619,$);
#2405 = PRODUCT_RELATED_PRODUCT_CATEGORY('part',$,(#1621));
ENDSEC;
END-ISO-10303-21;
