ISO-10303-21;
HEADER;
FILE_DESCRIPTION(('Open CASCADE Model'),'2;1');
FILE_NAME('Open CASCADE Shape Model','2026-04-29T19:38:15',('Author'),(
    'Open CASCADE'),'Open CASCADE STEP processor 7.8','Open CASCADE 7.8'
  ,'Unknown');
FILE_SCHEMA(('AUTOMOTIVE_DESIGN { 1 0 10303 214 1 1 1 1 }'));
ENDSEC;
DATA;
#1 = APPLICATION_PROTOCOL_DEFINITION('international standard',
  'automotive_design',2000,#2);
#2 = APPLICATION_CONTEXT(
  'core data for automotive mechanical design processes');
#3 = SHAPE_DEFINITION_REPRESENTATION(#4,#10);
#4 = PRODUCT_DEFINITION_SHAPE('','',#5);
#5 = PRODUCT_DEFINITION('design','',#6,#9);
#6 = PRODUCT_DEFINITION_FORMATION('','',#7);
#7 = PRODUCT('Open CASCADE STEP translator 7.8 2',
  'Open CASCADE STEP translator 7.8 2','',(#8));
#8 = PRODUCT_CONTEXT('',#2,'mechanical');
#9 = PRODUCT_DEFINITION_CONTEXT('part definition',#2,'design');
#10 = SHAPE_REPRESENTATION('',(#11,#15,#19),#23);
#11 = AXIS2_PLACEMENT_3D('',#12,#13,#14);
#12 = CARTESIAN_POINT('',(0.,0.,0.));
#13 = DIRECTION('',(0.,0.,1.));
#14 = DIRECTION('',(1.,0.,-0.));
#15 = AXIS2_PLACEMENT_3D('',#16,#17,#18);
#16 = CARTESIAN_POINT('',(0.,0.,0.));
#17 = DIRECTION('',(0.,0.,1.));
#18 = DIRECTION('',(1.,0.,-0.));
#19 = AXIS2_PLACEMENT_3D('',#20,#21,#22);
#20 = CARTESIAN_POINT('',(0.,0.,0.));
#21 = DIRECTION('',(0.,0.,1.));
#22 = DIRECTION('',(1.,0.,-0.));
#23 = ( GEOMETRIC_REPRESENTATION_CONTEXT(3) 
GLOBAL_UNCERTAINTY_ASSIGNED_CONTEXT((#27)) GLOBAL_UNIT_ASSIGNED_CONTEXT(
(#24,#25,#26)) REPRESENTATION_CONTEXT('Context #1',
  '3D Context with UNIT and UNCERTAINTY') );
#24 = ( LENGTH_UNIT() NAMED_UNIT(*) SI_UNIT(.MILLI.,.METRE.) );
#25 = ( NAMED_UNIT(*) PLANE_ANGLE_UNIT() SI_UNIT($,.RADIAN.) );
#26 = ( NAMED_UNIT(*) SI_UNIT($,.STERADIAN.) SOLID_ANGLE_UNIT() );
#27 = UNCERTAINTY_MEASURE_WITH_UNIT(LENGTH_MEASURE(1.E-07),#24,
  'distance_accuracy_value','confusion accuracy');
#28 = PRODUCT_RELATED_PRODUCT_CATEGORY('part',$,(#7));
#29 = SHAPE_DEFINITION_REPRESENTATION(#30,#36);
#30 = PRODUCT_DEFINITION_SHAPE('','',#31);
#31 = PRODUCT_DEFINITION('design','',#32,#35);
#32 = PRODUCT_DEFINITION_FORMATION('','',#33);
#33 = PRODUCT('Open CASCADE STEP translator 7.8 2.1',
  'Open CASCADE STEP translator 7.8 2.1','',(#34));
#34 = PRODUCT_CONTEXT('',#2,'mechanical');
#35 = PRODUCT_DEFINITION_CONTEXT('part definition',#2,'design');
#36 = SHAPE_REPRESENTATION('',(#11,#37,#41),#45);
#37 = AXIS2_PLACEMENT_3D('',#38,#39,#40);
#38 = CARTESIAN_POINT('',(0.,0.,0.));
#39 = DIRECTION('',(0.,0.,1.));
#40 = DIRECTION('',(1.,0.,-0.));
#41 = AXIS2_PLACEMENT_3D('',#42,#43,#44);
#42 = CARTESIAN_POINT('',(0.,0.,0.));
#43 = DIRECTION('',(0.,0.,1.));
#44 = DIRECTION('',(1.,0.,-0.));
#45 = ( GEOMETRIC_REPRESENTATION_CONTEXT(3) 
GLOBAL_UNCERTAINTY_ASSIGNED_CONTEXT((#49)) GLOBAL_UNIT_ASSIGNED_CONTEXT(
(#46,#47,#48)) REPRESENTATION_CONTEXT('Context #1',
  '3D Context with UNIT and UNCERTAINTY') );
#46 = ( LENGTH_UNIT() NAMED_UNIT(*) SI_UNIT(.MILLI.,.METRE.) );
#47 = ( NAMED_UNIT(*) PLANE_ANGLE_UNIT() SI_UNIT($,.RADIAN.) );
#48 = ( NAMED_UNIT(*) SI_UNIT($,.STERADIAN.) SOLID_ANGLE_UNIT() );
#49 = UNCERTAINTY_MEASURE_WITH_UNIT(LENGTH_MEASURE(1.E-07),#46,
  'distance_accuracy_value','confusion accuracy');
#50 = CONTEXT_DEPENDENT_SHAPE_REPRESENTATION(#51,#53);
#51 = ( REPRESENTATION_RELATIONSHIP('','',#36,#10) 
REPRESENTATION_RELATIONSHIP_WITH_TRANSFORMATION(#52) 
SHAPE_REPRESENTATION_RELATIONSHIP() );
#52 = ITEM_DEFINED_TRANSFORMATION('','',#11,#15);
#53 = PRODUCT_DEFINITION_SHAPE('Placement','Placement of an item',#54);
#54 = NEXT_ASSEMBLY_USAGE_OCCURRENCE('8','','',#5,#31,$);
#55 = PRODUCT_RELATED_PRODUCT_CATEGORY('part',$,(#33));
#56 = SHAPE_DEFINITION_REPRESENTATION(#57,#63);
#57 = PRODUCT_DEFINITION_SHAPE('','',#58);
#58 = PRODUCT_DEFINITION('design','',#59,#62);
#59 = PRODUCT_DEFINITION_FORMATION('','',#60);
#60 = PRODUCT('Open CASCADE STEP translator 7.8 2.1.1',
  'Open CASCADE STEP translator 7.8 2.1.1','',(#61));
#61 = PRODUCT_CONTEXT('',#2,'mechanical');
#62 = PRODUCT_DEFINITION_CONTEXT('part definition',#2,'design');
#63 = ADVANCED_BREP_SHAPE_REPRESENTATION('',(#11,#64),#794);
#64 = BREP_WITH_VOIDS('',#65,(#429));
#65 = CLOSED_SHELL('',(#66,#277,#425));
#66 = ADVANCED_FACE('',(#67),#80,.T.);
#67 = FACE_BOUND('',#68,.F.);
#68 = EDGE_LOOP('',(#69,#226,#249,#276));
#69 = ORIENTED_EDGE('',*,*,#70,.F.);
#70 = EDGE_CURVE('',#71,#71,#73,.T.);
#71 = VERTEX_POINT('',#72);
#72 = CARTESIAN_POINT('',(4.99949218831,-1.451317757244E-16,
    -3.288825804539));
#73 = SURFACE_CURVE('',#74,(#79,#91),.PCURVE_S1.);
#74 = CIRCLE('',#75,5.);
#75 = AXIS2_PLACEMENT_3D('',#76,#77,#78);
#76 = CARTESIAN_POINT('',(-5.078116903292E-04,-1.451317757244E-16,
    -3.288825804539));
#77 = DIRECTION('',(0.,0.,1.));
#78 = DIRECTION('',(1.,0.,0.));
#79 = PCURVE('',#80,#85);
#80 = CYLINDRICAL_SURFACE('',#81,5.);
#81 = AXIS2_PLACEMENT_3D('',#82,#83,#84);
#82 = CARTESIAN_POINT('',(-5.078116903292E-04,-1.451317757244E-16,
    -3.288825804539));
#83 = DIRECTION('',(-0.,-0.,-1.));
#84 = DIRECTION('',(1.,0.,0.));
#85 = DEFINITIONAL_REPRESENTATION('',(#86),#90);
#86 = LINE('',#87,#88);
#87 = CARTESIAN_POINT('',(-0.,0.));
#88 = VECTOR('',#89,1.);
#89 = DIRECTION('',(-1.,0.));
#90 = ( GEOMETRIC_REPRESENTATION_CONTEXT(2) 
PARAMETRIC_REPRESENTATION_CONTEXT() REPRESENTATION_CONTEXT('2D SPACE',''
  ) );
#91 = PCURVE('',#92,#220);
#92 = SURFACE_OF_REVOLUTION('',#93,#217);
#93 = B_SPLINE_CURVE_WITH_KNOTS('',3,(#94,#95,#96,#97,#98,#99,#100,#101,
    #102,#103,#104,#105,#106,#107,#108,#109,#110,#111,#112,#113,#114,
    #115,#116,#117,#118,#119,#120,#121,#122,#123,#124,#125,#126,#127,
    #128,#129,#130,#131,#132,#133,#134,#135,#136,#137,#138,#139,#140,
    #141,#142,#143,#144,#145,#146,#147,#148,#149,#150,#151,#152,#153,
    #154,#155,#156,#157,#158,#159,#160,#161,#162,#163,#164,#165,#166,
    #167,#168,#169,#170,#171,#172,#173,#174,#175,#176,#177,#178,#179,
    #180,#181,#182,#183,#184,#185,#186,#187,#188,#189,#190,#191,#192,
    #193,#194,#195,#196,#197,#198,#199,#200,#201,#202,#203,#204,#205,
    #206,#207,#208,#209,#210,#211,#212,#213,#214,#215,#216),
  .UNSPECIFIED.,.F.,.F.,(4,1,1,1,1,1,1,1,1,1,1,1,1,1,1,1,1,1,1,1,1,1,1,1
    ,1,1,1,1,1,1,1,1,1,1,1,1,1,1,1,1,1,1,1,1,1,1,1,1,1,1,1,1,1,1,1,1,1,1
    ,1,1,1,1,1,1,1,1,1,1,1,1,1,1,1,1,1,1,1,1,1,1,1,1,1,1,1,1,1,1,1,1,1,1
    ,1,1,1,1,1,1,1,1,1,1,1,1,1,1,1,1,1,1,1,1,1,1,1,1,1,1,1,1,4),(0.,
    3.019460270217E-03,6.038920540434E-03,9.05838081065E-03,
    1.207784108087E-02,1.509730135108E-02,1.81167616213E-02,
    2.113622189152E-02,2.415568216173E-02,2.717514243195E-02,
    3.019460270217E-02,3.321406297238E-02,3.62335232426E-02,
    3.925298351282E-02,4.227244378303E-02,4.529190405325E-02,
    4.831136432347E-02,5.133082459368E-02,5.43502848639E-02,
    5.736974513412E-02,6.038920540434E-02,6.340866567455E-02,
    6.642812594477E-02,6.944758621499E-02,7.24670464852E-02,
    7.548650675542E-02,7.850596702564E-02,8.152542729585E-02,
    8.454488756607E-02,8.756434783629E-02,9.05838081065E-02,
    9.360326837672E-02,9.662272864694E-02,9.964218891715E-02,
    0.102661649187,0.105681109458,0.108700569728,0.111720029998,
    0.114739490268,0.117758950538,0.120778410809,0.202869620788,
    0.284960830768,0.367052040748,0.449143250728,0.531234460707,
    0.613325670687,0.695416880667,0.777508090647,0.859599300626,
    0.941690510606,1.023781720586,1.105872930566,1.187964140545,
    1.270055350525,1.352146560505,1.434237770485,1.516328980465,
    1.598420190444,1.680511400424,1.762602610404,1.844693820384,
    1.926785030363,2.008876240343,2.090967450323,2.173058660303,
    2.255149870282,2.337241080262,2.419332290242,2.501423500222,
    2.583514710201,2.665605920181,2.747697130161,2.829788340141,
    2.91187955012,2.9939707601,3.07606197008,3.15815318006,
    3.240244390039,3.322335600019,3.404426809999,3.486518019979,
    3.568609229958,3.650700439938,3.732791649918,3.814882859898,
    3.896974069877,3.979065279857,4.061156489837,4.143247699817,
    4.225338909796,4.307430119776,4.389521329756,4.471612539736,
    4.553703749715,4.635794959695,4.717886169675,4.799977379655,
    4.882068589635,4.964159799614,5.046251009594,5.128342219574,
    5.210433429554,5.292524639533,5.374615849513,5.456707059493,
    5.538798269473,5.620889479452,5.702980689432,5.785071899412,
    5.867163109392,5.949254319371,6.031345529351,6.113436739331,
    6.195527949311,6.27761915929,6.35971036927,6.44180157925,
    6.52389278923,6.605983999209,6.688075209189),.UNSPECIFIED.);
#94 = CARTESIAN_POINT('',(4.99949218831,-1.451317757244E-16,
    -3.288825804539));
#95 = CARTESIAN_POINT('',(4.999492188437,-1.451317757244E-16,
    -3.289832293958));
#96 = CARTESIAN_POINT('',(4.999484169573,-1.451317757244E-16,
    -3.291845272794));
#97 = CARTESIAN_POINT('',(4.99944808636,-1.451317757244E-16,
    -3.294864549399));
#98 = CARTESIAN_POINT('',(4.999387950073,-1.451317757244E-16,
    -3.297883442714));
#99 = CARTESIAN_POINT('',(4.999303764649,-1.451317757244E-16,
    -3.300901761126));
#100 = CARTESIAN_POINT('',(4.999195535397,-1.451317757244E-16,
    -3.303919313056));
#101 = CARTESIAN_POINT('',(4.999063269198,-1.451317757244E-16,
    -3.306935906975));
#102 = CARTESIAN_POINT('',(4.998906974443,-1.451317757244E-16,
    -3.309951351415));
#103 = CARTESIAN_POINT('',(4.998726661053,-1.451317757244E-16,
    -3.31296545498));
#104 = CARTESIAN_POINT('',(4.998522340474,-1.451317757244E-16,
    -3.31597802636));
#105 = CARTESIAN_POINT('',(4.998294025673,-1.451317757244E-16,
    -3.318988874342));
#106 = CARTESIAN_POINT('',(4.998041731142,-1.451317757244E-16,
    -3.321997807823));
#107 = CARTESIAN_POINT('',(4.997765472895,-1.451317757244E-16,
    -3.325004635819));
#108 = CARTESIAN_POINT('',(4.997465268467,-1.451317757244E-16,
    -3.328009167483));
#109 = CARTESIAN_POINT('',(4.997141136911,-1.451317757244E-16,
    -3.331011212112));
#110 = CARTESIAN_POINT('',(4.996793098802,-1.451317757244E-16,
    -3.334010579161));
#111 = CARTESIAN_POINT('',(4.996421176229,-1.451317757244E-16,
    -3.337007078255));
#112 = CARTESIAN_POINT('',(4.996025392799,-1.451317757244E-16,
    -3.340000519201));
#113 = CARTESIAN_POINT('',(4.995605773634,-1.451317757244E-16,
    -3.342990712));
#114 = CARTESIAN_POINT('',(4.995162345366,-1.451317757244E-16,
    -3.34597746686));
#115 = CARTESIAN_POINT('',(4.994695136142,-1.451317757244E-16,
    -3.348960594206));
#116 = CARTESIAN_POINT('',(4.994204175616,-1.451317757244E-16,
    -3.351939904693));
#117 = CARTESIAN_POINT('',(4.99368949495,-1.451317757244E-16,
    -3.354915209221));
#118 = CARTESIAN_POINT('',(4.993151126812,-1.451317757244E-16,
    -3.357886318941));
#119 = CARTESIAN_POINT('',(4.992589105372,-1.451317757244E-16,
    -3.360853045272));
#120 = CARTESIAN_POINT('',(4.992003466304,-1.451317757244E-16,
    -3.36381519991));
#121 = CARTESIAN_POINT('',(4.991394246778,-1.451317757244E-16,
    -3.366772594843));
#122 = CARTESIAN_POINT('',(4.990761485464,-1.451317757244E-16,
    -3.36972504236));
#123 = CARTESIAN_POINT('',(4.990105222522,-1.451317757244E-16,
    -3.372672355063));
#124 = CARTESIAN_POINT('',(4.989425499611,-1.451317757244E-16,
    -3.375614345883));
#125 = CARTESIAN_POINT('',(4.98872235986,-1.451317757244E-16,
    -3.378550828082));
#126 = CARTESIAN_POINT('',(4.987995847948,-1.451317757244E-16,
    -3.381481615293));
#127 = CARTESIAN_POINT('',(4.987246009804,-1.451317757244E-16,
    -3.384406521433));
#128 = CARTESIAN_POINT('',(4.98647289371,-1.451317757244E-16,
    -3.387325361081));
#129 = CARTESIAN_POINT('',(4.985676546166,-1.451317757244E-16,
    -3.390237948124));
#130 = CARTESIAN_POINT('',(4.984857027311,-1.451317757244E-16,
    -3.393144100861));
#131 = CARTESIAN_POINT('',(4.984014353362,-1.451317757244E-16,
    -3.396043623019));
#132 = CARTESIAN_POINT('',(4.983148711407,-1.451317757244E-16,
    -3.398936374656));
#133 = CARTESIAN_POINT('',(4.982259657779,-1.451317757244E-16,
    -3.401822007591));
#134 = CARTESIAN_POINT('',(4.981349109751,-1.451317757244E-16,
    -3.40470095287));
#135 = CARTESIAN_POINT('',(4.972214147138,-1.451317757244E-16,
    -3.432621430642));
#136 = CARTESIAN_POINT('',(4.954257872799,-1.451317757244E-16,
    -3.485387078983));
#137 = CARTESIAN_POINT('',(4.926745209832,-1.451317757244E-16,
    -3.562733213512));
#138 = CARTESIAN_POINT('',(4.89798559971,-1.451317757244E-16,
    -3.639625762936));
#139 = CARTESIAN_POINT('',(4.868036738737,-1.451317757244E-16,
    -3.716062403485));
#140 = CARTESIAN_POINT('',(4.836892391349,-1.451317757244E-16,
    -3.792019986519));
#141 = CARTESIAN_POINT('',(4.804563823386,-1.451317757244E-16,
    -3.867481090678));
#142 = CARTESIAN_POINT('',(4.771057979763,-1.451317757244E-16,
    -3.942426913047));
#143 = CARTESIAN_POINT('',(4.7363833293,-1.451317757244E-16,
    -4.016839179712));
#144 = CARTESIAN_POINT('',(4.700548296082,-1.451317757244E-16,
    -4.090699639536));
#145 = CARTESIAN_POINT('',(4.663561677146,-1.451317757244E-16,
    -4.163990205475));
#146 = CARTESIAN_POINT('',(4.625432527863,-1.451317757244E-16,
    -4.236692922338));
#147 = CARTESIAN_POINT('',(4.586170189848,-1.451317757244E-16,
    -4.308789981012));
#148 = CARTESIAN_POINT('',(4.545784280602,-1.451317757244E-16,
    -4.380263720194));
#149 = CARTESIAN_POINT('',(4.504284693316,-1.451317757244E-16,
    -4.45109663142));
#150 = CARTESIAN_POINT('',(4.461681593871,-1.451317757244E-16,
    -4.521271363166));
#151 = CARTESIAN_POINT('',(4.417985418501,-1.451317757244E-16,
    -4.590770725147));
#152 = CARTESIAN_POINT('',(4.373206871195,-1.451317757244E-16,
    -4.65957769252));
#153 = CARTESIAN_POINT('',(4.327356921089,-1.451317757244E-16,
    -4.727675410051));
#154 = CARTESIAN_POINT('',(4.28044679977,-1.451317757244E-16,
    -4.79504719625));
#155 = CARTESIAN_POINT('',(4.232487998531,-1.451317757244E-16,
    -4.861676547452));
#156 = CARTESIAN_POINT('',(4.183492265554,-1.451317757244E-16,
    -4.927547141861));
#157 = CARTESIAN_POINT('',(4.133471603031,-1.451317757244E-16,
    -4.992642843552));
#158 = CARTESIAN_POINT('',(4.082438264226,-1.451317757244E-16,
    -5.056947706418));
#159 = CARTESIAN_POINT('',(4.030404750471,-1.451317757244E-16,
    -5.12044597808));
#160 = CARTESIAN_POINT('',(3.977383808105,-1.451317757244E-16,
    -5.183122103746));
#161 = CARTESIAN_POINT('',(3.923388425354,-1.451317757244E-16,
    -5.244960730019));
#162 = CARTESIAN_POINT('',(3.868431829143,-1.451317757244E-16,
    -5.30594670866));
#163 = CARTESIAN_POINT('',(3.812527481863,-1.451317757244E-16,
    -5.366065100296));
#164 = CARTESIAN_POINT('',(3.755689078068,-1.451317757244E-16,
    -5.425301178085));
#165 = CARTESIAN_POINT('',(3.697930541122,-1.451317757244E-16,
    -5.483640431317));
#166 = CARTESIAN_POINT('',(3.63926601979,-1.451317757244E-16,
    -5.541068568974));
#167 = CARTESIAN_POINT('',(3.57970988477,-1.451317757244E-16,
    -5.597571523227));
#168 = CARTESIAN_POINT('',(3.519276725174,-1.451317757244E-16,
    -5.653135452884));
#169 = CARTESIAN_POINT('',(3.457981344951,-1.451317757244E-16,
    -5.707746746782));
#170 = CARTESIAN_POINT('',(3.395838759265,-1.451317757244E-16,
    -5.761392027116));
#171 = CARTESIAN_POINT('',(3.332864190816,-1.451317757244E-16,
    -5.814058152723));
#172 = CARTESIAN_POINT('',(3.269073066107,-1.451317757244E-16,
    -5.865732222296));
#173 = CARTESIAN_POINT('',(3.204481011671,-1.451317757244E-16,
    -5.916401577546));
#174 = CARTESIAN_POINT('',(3.139103850236,-1.451317757244E-16,
    -5.966053806303));
#175 = CARTESIAN_POINT('',(3.072957596858,-1.451317757244E-16,
    -6.014676745558));
#176 = CARTESIAN_POINT('',(3.006058454988,-1.451317757244E-16,
    -6.062258484438));
#177 = CARTESIAN_POINT('',(2.938422812511,-1.451317757244E-16,
    -6.10878736713));
#178 = CARTESIAN_POINT('',(2.870067237726,-1.451317757244E-16,
    -6.154251995729));
#179 = CARTESIAN_POINT('',(2.801008475292,-1.451317757244E-16,
    -6.198641233038));
#180 = CARTESIAN_POINT('',(2.73126344212,-1.451317757244E-16,
    -6.241944205288));
#181 = CARTESIAN_POINT('',(2.660849223237,-1.451317757244E-16,
    -6.284150304811));
#182 = CARTESIAN_POINT('',(2.589783067594,-1.451317757244E-16,
    -6.325249192628));
#183 = CARTESIAN_POINT('',(2.518082383841,-1.451317757244E-16,
    -6.365230800991));
#184 = CARTESIAN_POINT('',(2.44576473607,-1.451317757244E-16,
    -6.404085335843));
#185 = CARTESIAN_POINT('',(2.372847839502,-1.451317757244E-16,
    -6.441803279221));
#186 = CARTESIAN_POINT('',(2.299349556154,-1.451317757244E-16,
    -6.478375391586));
#187 = CARTESIAN_POINT('',(2.225287890464,-1.451317757244E-16,
    -6.513792714084));
#188 = CARTESIAN_POINT('',(2.150680984874,-1.451317757244E-16,
    -6.548046570745));
#189 = CARTESIAN_POINT('',(2.075547115395,-1.451317757244E-16,
    -6.581128570608));
#190 = CARTESIAN_POINT('',(1.999904687122,-1.451317757244E-16,
    -6.61303060977));
#191 = CARTESIAN_POINT('',(1.923772229729,-1.451317757244E-16,
    -6.643744873381));
#192 = CARTESIAN_POINT('',(1.847168392931,-1.451317757244E-16,
    -6.67326383755));
#193 = CARTESIAN_POINT('',(1.770111941913,-1.451317757244E-16,
    -6.701580271193));
#194 = CARTESIAN_POINT('',(1.692621752733,-1.451317757244E-16,
    -6.728687237801));
#195 = CARTESIAN_POINT('',(1.614716807702,-1.451317757244E-16,
    -6.754578097143));
#196 = CARTESIAN_POINT('',(1.536416190728,-1.451317757244E-16,
    -6.77924650689));
#197 = CARTESIAN_POINT('',(1.457739082648,-1.451317757244E-16,
    -6.802686424167));
#198 = CARTESIAN_POINT('',(1.378704756524,-1.451317757244E-16,
    -6.824892107039));
#199 = CARTESIAN_POINT('',(1.299332572921,-1.451317757244E-16,
    -6.845858115911));
#200 = CARTESIAN_POINT('',(1.219641975173,-1.451317757244E-16,
    -6.865579314866));
#201 = CARTESIAN_POINT('',(1.139652484607,-1.451317757244E-16,
    -6.88405087292));
#202 = CARTESIAN_POINT('',(1.059383695774,-1.451317757244E-16,
    -6.901268265203));
#203 = CARTESIAN_POINT('',(0.978855271639,-1.451317757244E-16,
    -6.917227274076));
#204 = CARTESIAN_POINT('',(0.898086938771,-1.451317757244E-16,
    -6.931923990154));
#205 = CARTESIAN_POINT('',(0.817098482506,-1.451317757244E-16,
    -6.94535481327));
#206 = CARTESIAN_POINT('',(0.735909742103,-1.451317757244E-16,
    -6.957516453357));
#207 = CARTESIAN_POINT('',(0.654540605884,-1.451317757244E-16,
    -6.96840593125));
#208 = CARTESIAN_POINT('',(0.57301100636,-1.451317757244E-16,
    -6.978020579412));
#209 = CARTESIAN_POINT('',(0.491340915353,-1.451317757244E-16,
    -6.986358042632));
#210 = CARTESIAN_POINT('',(0.409550339095,-1.451317757244E-16,
    -6.993416278405));
#211 = CARTESIAN_POINT('',(0.327659313344,-1.451317757244E-16,
    -6.999193558194));
#212 = CARTESIAN_POINT('',(0.245687898422,-1.451317757244E-16,
    -7.003688464992));
#213 = CARTESIAN_POINT('',(0.163656174506,-1.451317757244E-16,
    -7.006899904356));
#214 = CARTESIAN_POINT('',(8.158423594373E-02,-1.451317757244E-16,
    -7.00882706479));
#215 = CARTESIAN_POINT('',(2.685620476702E-02,-1.451317757244E-16,
    -7.009255399461));
#216 = CARTESIAN_POINT('',(-5.078116903288E-04,-1.451317757244E-16,
    -7.009255373237));
#217 = AXIS1_PLACEMENT('',#218,#219);
#218 = CARTESIAN_POINT('',(-5.078116903292E-04,-1.451317757244E-16,
    -3.288825804539));
#219 = DIRECTION('',(0.,0.,1.));
#220 = DEFINITIONAL_REPRESENTATION('',(#221),#225);
#221 = LINE('',#222,#223);
#222 = CARTESIAN_POINT('',(0.,0.));
#223 = VECTOR('',#224,1.);
#224 = DIRECTION('',(1.,0.));
#225 = ( GEOMETRIC_REPRESENTATION_CONTEXT(2) 
PARAMETRIC_REPRESENTATION_CONTEXT() REPRESENTATION_CONTEXT('2D SPACE',''
  ) );
#226 = ORIENTED_EDGE('',*,*,#227,.F.);
#227 = EDGE_CURVE('',#228,#71,#230,.T.);
#228 = VERTEX_POINT('',#229);
#229 = CARTESIAN_POINT('',(4.99949218831,-1.451317757244E-16,
    6.211174195461));
#230 = SEAM_CURVE('',#231,(#235,#242),.PCURVE_S1.);
#231 = LINE('',#232,#233);
#232 = CARTESIAN_POINT('',(4.99949218831,-1.451317757244E-16,
    6.211174195461));
#233 = VECTOR('',#234,1.);
#234 = DIRECTION('',(0.,0.,-1.));
#235 = PCURVE('',#80,#236);
#236 = DEFINITIONAL_REPRESENTATION('',(#237),#241);
#237 = LINE('',#238,#239);
#238 = CARTESIAN_POINT('',(-0.,-9.5));
#239 = VECTOR('',#240,1.);
#240 = DIRECTION('',(0.,1.));
#241 = ( GEOMETRIC_REPRESENTATION_CONTEXT(2) 
PARAMETRIC_REPRESENTATION_CONTEXT() REPRESENTATION_CONTEXT('2D SPACE',''
  ) );
#242 = PCURVE('',#80,#243);
#243 = DEFINITIONAL_REPRESENTATION('',(#244),#248);
#244 = LINE('',#245,#246);
#245 = CARTESIAN_POINT('',(-6.28318530718,-9.5));
#246 = VECTOR('',#247,1.);
#247 = DIRECTION('',(0.,1.));
#248 = ( GEOMETRIC_REPRESENTATION_CONTEXT(2) 
PARAMETRIC_REPRESENTATION_CONTEXT() REPRESENTATION_CONTEXT('2D SPACE',''
  ) );
#249 = ORIENTED_EDGE('',*,*,#250,.T.);
#250 = EDGE_CURVE('',#228,#228,#251,.T.);
#251 = SURFACE_CURVE('',#252,(#257,#264),.PCURVE_S1.);
#252 = CIRCLE('',#253,5.);
#253 = AXIS2_PLACEMENT_3D('',#254,#255,#256);
#254 = CARTESIAN_POINT('',(-5.078116903292E-04,-1.451317757244E-16,
    6.211174195461));
#255 = DIRECTION('',(0.,0.,1.));
#256 = DIRECTION('',(1.,0.,0.));
#257 = PCURVE('',#80,#258);
#258 = DEFINITIONAL_REPRESENTATION('',(#259),#263);
#259 = LINE('',#260,#261);
#260 = CARTESIAN_POINT('',(-0.,-9.5));
#261 = VECTOR('',#262,1.);
#262 = DIRECTION('',(-1.,0.));
#263 = ( GEOMETRIC_REPRESENTATION_CONTEXT(2) 
PARAMETRIC_REPRESENTATION_CONTEXT() REPRESENTATION_CONTEXT('2D SPACE',''
  ) );
#264 = PCURVE('',#265,#270);
#265 = PLANE('',#266);
#266 = AXIS2_PLACEMENT_3D('',#267,#268,#269);
#267 = CARTESIAN_POINT('',(-5.078116903294E-04,-7.575154907437E-17,
    6.211174195461));
#268 = DIRECTION('',(0.,0.,1.));
#269 = DIRECTION('',(1.,0.,-0.));
#270 = DEFINITIONAL_REPRESENTATION('',(#271),#275);
#271 = CIRCLE('',#272,5.);
#272 = AXIS2_PLACEMENT_2D('',#273,#274);
#273 = CARTESIAN_POINT('',(2.734357879008E-16,-6.938022664999E-17));
#274 = DIRECTION('',(1.,0.));
#275 = ( GEOMETRIC_REPRESENTATION_CONTEXT(2) 
PARAMETRIC_REPRESENTATION_CONTEXT() REPRESENTATION_CONTEXT('2D SPACE',''
  ) );
#276 = ORIENTED_EDGE('',*,*,#227,.T.);
#277 = ADVANCED_FACE('',(#278),#92,.F.);
#278 = FACE_BOUND('',#279,.F.);
#279 = EDGE_LOOP('',(#280,#423,#424));
#280 = ORIENTED_EDGE('',*,*,#281,.F.);
#281 = EDGE_CURVE('',#71,#282,#284,.T.);
#282 = VERTEX_POINT('',#283);
#283 = CARTESIAN_POINT('',(-5.078116903288E-04,-1.451317757244E-16,
    -7.009255373237));
#284 = SEAM_CURVE('',#285,(#409,#416),.PCURVE_S1.);
#285 = B_SPLINE_CURVE_WITH_KNOTS('',3,(#286,#287,#288,#289,#290,#291,
    #292,#293,#294,#295,#296,#297,#298,#299,#300,#301,#302,#303,#304,
    #305,#306,#307,#308,#309,#310,#311,#312,#313,#314,#315,#316,#317,
    #318,#319,#320,#321,#322,#323,#324,#325,#326,#327,#328,#329,#330,
    #331,#332,#333,#334,#335,#336,#337,#338,#339,#340,#341,#342,#343,
    #344,#345,#346,#347,#348,#349,#350,#351,#352,#353,#354,#355,#356,
    #357,#358,#359,#360,#361,#362,#363,#364,#365,#366,#367,#368,#369,
    #370,#371,#372,#373,#374,#375,#376,#377,#378,#379,#380,#381,#382,
    #383,#384,#385,#386,#387,#388,#389,#390,#391,#392,#393,#394,#395,
    #396,#397,#398,#399,#400,#401,#402,#403,#404,#405,#406,#407,#408),
  .UNSPECIFIED.,.F.,.F.,(4,1,1,1,1,1,1,1,1,1,1,1,1,1,1,1,1,1,1,1,1,1,1,1
    ,1,1,1,1,1,1,1,1,1,1,1,1,1,1,1,1,1,1,1,1,1,1,1,1,1,1,1,1,1,1,1,1,1,1
    ,1,1,1,1,1,1,1,1,1,1,1,1,1,1,1,1,1,1,1,1,1,1,1,1,1,1,1,1,1,1,1,1,1,1
    ,1,1,1,1,1,1,1,1,1,1,1,1,1,1,1,1,1,1,1,1,1,1,1,1,1,1,1,1,4),(0.,
    3.019460270217E-03,6.038920540434E-03,9.05838081065E-03,
    1.207784108087E-02,1.509730135108E-02,1.81167616213E-02,
    2.113622189152E-02,2.415568216173E-02,2.717514243195E-02,
    3.019460270217E-02,3.321406297238E-02,3.62335232426E-02,
    3.925298351282E-02,4.227244378303E-02,4.529190405325E-02,
    4.831136432347E-02,5.133082459368E-02,5.43502848639E-02,
    5.736974513412E-02,6.038920540434E-02,6.340866567455E-02,
    6.642812594477E-02,6.944758621499E-02,7.24670464852E-02,
    7.548650675542E-02,7.850596702564E-02,8.152542729585E-02,
    8.454488756607E-02,8.756434783629E-02,9.05838081065E-02,
    9.360326837672E-02,9.662272864694E-02,9.964218891715E-02,
    0.102661649187,0.105681109458,0.108700569728,0.111720029998,
    0.114739490268,0.117758950538,0.120778410809,0.202869620788,
    0.284960830768,0.367052040748,0.449143250728,0.531234460707,
    0.613325670687,0.695416880667,0.777508090647,0.859599300626,
    0.941690510606,1.023781720586,1.105872930566,1.187964140545,
    1.270055350525,1.352146560505,1.434237770485,1.516328980465,
    1.598420190444,1.680511400424,1.762602610404,1.844693820384,
    1.926785030363,2.008876240343,2.090967450323,2.173058660303,
    2.255149870282,2.337241080262,2.419332290242,2.501423500222,
    2.583514710201,2.665605920181,2.747697130161,2.829788340141,
    2.91187955012,2.9939707601,3.07606197008,3.15815318006,
    3.240244390039,3.322335600019,3.404426809999,3.486518019979,
    3.568609229958,3.650700439938,3.732791649918,3.814882859898,
    3.896974069877,3.979065279857,4.061156489837,4.143247699817,
    4.225338909796,4.307430119776,4.389521329756,4.471612539736,
    4.553703749715,4.635794959695,4.717886169675,4.799977379655,
    4.882068589635,4.964159799614,5.046251009594,5.128342219574,
    5.210433429554,5.292524639533,5.374615849513,5.456707059493,
    5.538798269473,5.620889479452,5.702980689432,5.785071899412,
    5.867163109392,5.949254319371,6.031345529351,6.113436739331,
    6.195527949311,6.27761915929,6.35971036927,6.44180157925,
    6.52389278923,6.605983999209,6.688075209189),.UNSPECIFIED.);
#286 = CARTESIAN_POINT('',(4.99949218831,-1.451317757244E-16,
    -3.288825804539));
#287 = CARTESIAN_POINT('',(4.999492188437,-1.451317757244E-16,
    -3.289832293958));
#288 = CARTESIAN_POINT('',(4.999484169573,-1.451317757244E-16,
    -3.291845272794));
#289 = CARTESIAN_POINT('',(4.99944808636,-1.451317757244E-16,
    -3.294864549399));
#290 = CARTESIAN_POINT('',(4.999387950073,-1.451317757244E-16,
    -3.297883442714));
#291 = CARTESIAN_POINT('',(4.999303764649,-1.451317757244E-16,
    -3.300901761126));
#292 = CARTESIAN_POINT('',(4.999195535397,-1.451317757244E-16,
    -3.303919313056));
#293 = CARTESIAN_POINT('',(4.999063269198,-1.451317757244E-16,
    -3.306935906975));
#294 = CARTESIAN_POINT('',(4.998906974443,-1.451317757244E-16,
    -3.309951351415));
#295 = CARTESIAN_POINT('',(4.998726661053,-1.451317757244E-16,
    -3.31296545498));
#296 = CARTESIAN_POINT('',(4.998522340474,-1.451317757244E-16,
    -3.31597802636));
#297 = CARTESIAN_POINT('',(4.998294025673,-1.451317757244E-16,
    -3.318988874342));
#298 = CARTESIAN_POINT('',(4.998041731142,-1.451317757244E-16,
    -3.321997807823));
#299 = CARTESIAN_POINT('',(4.997765472895,-1.451317757244E-16,
    -3.325004635819));
#300 = CARTESIAN_POINT('',(4.997465268467,-1.451317757244E-16,
    -3.328009167483));
#301 = CARTESIAN_POINT('',(4.997141136911,-1.451317757244E-16,
    -3.331011212112));
#302 = CARTESIAN_POINT('',(4.996793098802,-1.451317757244E-16,
    -3.334010579161));
#303 = CARTESIAN_POINT('',(4.996421176229,-1.451317757244E-16,
    -3.337007078255));
#304 = CARTESIAN_POINT('',(4.996025392799,-1.451317757244E-16,
    -3.340000519201));
#305 = CARTESIAN_POINT('',(4.995605773634,-1.451317757244E-16,
    -3.342990712));
#306 = CARTESIAN_POINT('',(4.995162345366,-1.451317757244E-16,
    -3.34597746686));
#307 = CARTESIAN_POINT('',(4.994695136142,-1.451317757244E-16,
    -3.348960594206));
#308 = CARTESIAN_POINT('',(4.994204175616,-1.451317757244E-16,
    -3.351939904693));
#309 = CARTESIAN_POINT('',(4.99368949495,-1.451317757244E-16,
    -3.354915209221));
#310 = CARTESIAN_POINT('',(4.993151126812,-1.451317757244E-16,
    -3.357886318941));
#311 = CARTESIAN_POINT('',(4.992589105372,-1.451317757244E-16,
    -3.360853045272));
#312 = CARTESIAN_POINT('',(4.992003466304,-1.451317757244E-16,
    -3.36381519991));
#313 = CARTESIAN_POINT('',(4.991394246778,-1.451317757244E-16,
    -3.366772594843));
#314 = CARTESIAN_POINT('',(4.990761485464,-1.451317757244E-16,
    -3.36972504236));
#315 = CARTESIAN_POINT('',(4.990105222522,-1.451317757244E-16,
    -3.372672355063));
#316 = CARTESIAN_POINT('',(4.989425499611,-1.451317757244E-16,
    -3.375614345883));
#317 = CARTESIAN_POINT('',(4.98872235986,-1.451317757244E-16,
    -3.378550828082));
#318 = CARTESIAN_POINT('',(4.987995847948,-1.451317757244E-16,
    -3.381481615293));
#319 = CARTESIAN_POINT('',(4.987246009804,-1.451317757244E-16,
    -3.384406521433));
#320 = CARTESIAN_POINT('',(4.98647289371,-1.451317757244E-16,
    -3.387325361081));
#321 = CARTESIAN_POINT('',(4.985676546166,-1.451317757244E-16,
    -3.390237948124));
#322 = CARTESIAN_POINT('',(4.984857027311,-1.451317757244E-16,
    -3.393144100861));
#323 = CARTESIAN_POINT('',(4.984014353362,-1.451317757244E-16,
    -3.396043623019));
#324 = CARTESIAN_POINT('',(4.983148711407,-1.451317757244E-16,
    -3.398936374656));
#325 = CARTESIAN_POINT('',(4.982259657779,-1.451317757244E-16,
    -3.401822007591));
#326 = CARTESIAN_POINT('',(4.981349109751,-1.451317757244E-16,
    -3.40470095287));
#327 = CARTESIAN_POINT('',(4.972214147138,-1.451317757244E-16,
    -3.432621430642));
#328 = CARTESIAN_POINT('',(4.954257872799,-1.451317757244E-16,
    -3.485387078983));
#329 = CARTESIAN_POINT('',(4.926745209832,-1.451317757244E-16,
    -3.562733213512));
#330 = CARTESIAN_POINT('',(4.89798559971,-1.451317757244E-16,
    -3.639625762936));
#331 = CARTESIAN_POINT('',(4.868036738737,-1.451317757244E-16,
    -3.716062403485));
#332 = CARTESIAN_POINT('',(4.836892391349,-1.451317757244E-16,
    -3.792019986519));
#333 = CARTESIAN_POINT('',(4.804563823386,-1.451317757244E-16,
    -3.867481090678));
#334 = CARTESIAN_POINT('',(4.771057979763,-1.451317757244E-16,
    -3.942426913047));
#335 = CARTESIAN_POINT('',(4.7363833293,-1.451317757244E-16,
    -4.016839179712));
#336 = CARTESIAN_POINT('',(4.700548296082,-1.451317757244E-16,
    -4.090699639536));
#337 = CARTESIAN_POINT('',(4.663561677146,-1.451317757244E-16,
    -4.163990205475));
#338 = CARTESIAN_POINT('',(4.625432527863,-1.451317757244E-16,
    -4.236692922338));
#339 = CARTESIAN_POINT('',(4.586170189848,-1.451317757244E-16,
    -4.308789981012));
#340 = CARTESIAN_POINT('',(4.545784280602,-1.451317757244E-16,
    -4.380263720194));
#341 = CARTESIAN_POINT('',(4.504284693316,-1.451317757244E-16,
    -4.45109663142));
#342 = CARTESIAN_POINT('',(4.461681593871,-1.451317757244E-16,
    -4.521271363166));
#343 = CARTESIAN_POINT('',(4.417985418501,-1.451317757244E-16,
    -4.590770725147));
#344 = CARTESIAN_POINT('',(4.373206871195,-1.451317757244E-16,
    -4.65957769252));
#345 = CARTESIAN_POINT('',(4.327356921089,-1.451317757244E-16,
    -4.727675410051));
#346 = CARTESIAN_POINT('',(4.28044679977,-1.451317757244E-16,
    -4.79504719625));
#347 = CARTESIAN_POINT('',(4.232487998531,-1.451317757244E-16,
    -4.861676547452));
#348 = CARTESIAN_POINT('',(4.183492265554,-1.451317757244E-16,
    -4.927547141861));
#349 = CARTESIAN_POINT('',(4.133471603031,-1.451317757244E-16,
    -4.992642843552));
#350 = CARTESIAN_POINT('',(4.082438264226,-1.451317757244E-16,
    -5.056947706418));
#351 = CARTESIAN_POINT('',(4.030404750471,-1.451317757244E-16,
    -5.12044597808));
#352 = CARTESIAN_POINT('',(3.977383808105,-1.451317757244E-16,
    -5.183122103746));
#353 = CARTESIAN_POINT('',(3.923388425354,-1.451317757244E-16,
    -5.244960730019));
#354 = CARTESIAN_POINT('',(3.868431829143,-1.451317757244E-16,
    -5.30594670866));
#355 = CARTESIAN_POINT('',(3.812527481863,-1.451317757244E-16,
    -5.366065100296));
#356 = CARTESIAN_POINT('',(3.755689078068,-1.451317757244E-16,
    -5.425301178085));
#357 = CARTESIAN_POINT('',(3.697930541122,-1.451317757244E-16,
    -5.483640431317));
#358 = CARTESIAN_POINT('',(3.63926601979,-1.451317757244E-16,
    -5.541068568974));
#359 = CARTESIAN_POINT('',(3.57970988477,-1.451317757244E-16,
    -5.597571523227));
#360 = CARTESIAN_POINT('',(3.519276725174,-1.451317757244E-16,
    -5.653135452884));
#361 = CARTESIAN_POINT('',(3.457981344951,-1.451317757244E-16,
    -5.707746746782));
#362 = CARTESIAN_POINT('',(3.395838759265,-1.451317757244E-16,
    -5.761392027116));
#363 = CARTESIAN_POINT('',(3.332864190816,-1.451317757244E-16,
    -5.814058152723));
#364 = CARTESIAN_POINT('',(3.269073066107,-1.451317757244E-16,
    -5.865732222296));
#365 = CARTESIAN_POINT('',(3.204481011671,-1.451317757244E-16,
    -5.916401577546));
#366 = CARTESIAN_POINT('',(3.139103850236,-1.451317757244E-16,
    -5.966053806303));
#367 = CARTESIAN_POINT('',(3.072957596858,-1.451317757244E-16,
    -6.014676745558));
#368 = CARTESIAN_POINT('',(3.006058454988,-1.451317757244E-16,
    -6.062258484438));
#369 = CARTESIAN_POINT('',(2.938422812511,-1.451317757244E-16,
    -6.10878736713));
#370 = CARTESIAN_POINT('',(2.870067237726,-1.451317757244E-16,
    -6.154251995729));
#371 = CARTESIAN_POINT('',(2.801008475292,-1.451317757244E-16,
    -6.198641233038));
#372 = CARTESIAN_POINT('',(2.73126344212,-1.451317757244E-16,
    -6.241944205288));
#373 = CARTESIAN_POINT('',(2.660849223237,-1.451317757244E-16,
    -6.284150304811));
#374 = CARTESIAN_POINT('',(2.589783067594,-1.451317757244E-16,
    -6.325249192628));
#375 = CARTESIAN_POINT('',(2.518082383841,-1.451317757244E-16,
    -6.365230800991));
#376 = CARTESIAN_POINT('',(2.44576473607,-1.451317757244E-16,
    -6.404085335843));
#377 = CARTESIAN_POINT('',(2.372847839502,-1.451317757244E-16,
    -6.441803279221));
#378 = CARTESIAN_POINT('',(2.299349556154,-1.451317757244E-16,
    -6.478375391586));
#379 = CARTESIAN_POINT('',(2.225287890464,-1.451317757244E-16,
    -6.513792714084));
#380 = CARTESIAN_POINT('',(2.150680984874,-1.451317757244E-16,
    -6.548046570745));
#381 = CARTESIAN_POINT('',(2.075547115395,-1.451317757244E-16,
    -6.581128570608));
#382 = CARTESIAN_POINT('',(1.999904687122,-1.451317757244E-16,
    -6.61303060977));
#383 = CARTESIAN_POINT('',(1.923772229729,-1.451317757244E-16,
    -6.643744873381));
#384 = CARTESIAN_POINT('',(1.847168392931,-1.451317757244E-16,
    -6.67326383755));
#385 = CARTESIAN_POINT('',(1.770111941913,-1.451317757244E-16,
    -6.701580271193));
#386 = CARTESIAN_POINT('',(1.692621752733,-1.451317757244E-16,
    -6.728687237801));
#387 = CARTESIAN_POINT('',(1.614716807702,-1.451317757244E-16,
    -6.754578097143));
#388 = CARTESIAN_POINT('',(1.536416190728,-1.451317757244E-16,
    -6.77924650689));
#389 = CARTESIAN_POINT('',(1.457739082648,-1.451317757244E-16,
    -6.802686424167));
#390 = CARTESIAN_POINT('',(1.378704756524,-1.451317757244E-16,
    -6.824892107039));
#391 = CARTESIAN_POINT('',(1.299332572921,-1.451317757244E-16,
    -6.845858115911));
#392 = CARTESIAN_POINT('',(1.219641975173,-1.451317757244E-16,
    -6.865579314866));
#393 = CARTESIAN_POINT('',(1.139652484607,-1.451317757244E-16,
    -6.88405087292));
#394 = CARTESIAN_POINT('',(1.059383695774,-1.451317757244E-16,
    -6.901268265203));
#395 = CARTESIAN_POINT('',(0.978855271639,-1.451317757244E-16,
    -6.917227274076));
#396 = CARTESIAN_POINT('',(0.898086938771,-1.451317757244E-16,
    -6.931923990154));
#397 = CARTESIAN_POINT('',(0.817098482506,-1.451317757244E-16,
    -6.94535481327));
#398 = CARTESIAN_POINT('',(0.735909742103,-1.451317757244E-16,
    -6.957516453357));
#399 = CARTESIAN_POINT('',(0.654540605884,-1.451317757244E-16,
    -6.96840593125));
#400 = CARTESIAN_POINT('',(0.57301100636,-1.451317757244E-16,
    -6.978020579412));
#401 = CARTESIAN_POINT('',(0.491340915353,-1.451317757244E-16,
    -6.986358042632));
#402 = CARTESIAN_POINT('',(0.409550339095,-1.451317757244E-16,
    -6.993416278405));
#403 = CARTESIAN_POINT('',(0.327659313344,-1.451317757244E-16,
    -6.999193558194));
#404 = CARTESIAN_POINT('',(0.245687898422,-1.451317757244E-16,
    -7.003688464992));
#405 = CARTESIAN_POINT('',(0.163656174506,-1.451317757244E-16,
    -7.006899904356));
#406 = CARTESIAN_POINT('',(8.158423594373E-02,-1.451317757244E-16,
    -7.00882706479));
#407 = CARTESIAN_POINT('',(2.685620476702E-02,-1.451317757244E-16,
    -7.009255399461));
#408 = CARTESIAN_POINT('',(-5.078116903288E-04,-1.451317757244E-16,
    -7.009255373237));
#409 = PCURVE('',#92,#410);
#410 = DEFINITIONAL_REPRESENTATION('',(#411),#415);
#411 = LINE('',#412,#413);
#412 = CARTESIAN_POINT('',(0.,0.));
#413 = VECTOR('',#414,1.);
#414 = DIRECTION('',(0.,1.));
#415 = ( GEOMETRIC_REPRESENTATION_CONTEXT(2) 
PARAMETRIC_REPRESENTATION_CONTEXT() REPRESENTATION_CONTEXT('2D SPACE',''
  ) );
#416 = PCURVE('',#92,#417);
#417 = DEFINITIONAL_REPRESENTATION('',(#418),#422);
#418 = LINE('',#419,#420);
#419 = CARTESIAN_POINT('',(6.28318530718,0.));
#420 = VECTOR('',#421,1.);
#421 = DIRECTION('',(0.,1.));
#422 = ( GEOMETRIC_REPRESENTATION_CONTEXT(2) 
PARAMETRIC_REPRESENTATION_CONTEXT() REPRESENTATION_CONTEXT('2D SPACE',''
  ) );
#423 = ORIENTED_EDGE('',*,*,#70,.T.);
#424 = ORIENTED_EDGE('',*,*,#281,.T.);
#425 = ADVANCED_FACE('',(#426),#265,.T.);
#426 = FACE_BOUND('',#427,.T.);
#427 = EDGE_LOOP('',(#428));
#428 = ORIENTED_EDGE('',*,*,#250,.T.);
#429 = ORIENTED_CLOSED_SHELL('',*,#430,.F.);
#430 = CLOSED_SHELL('',(#431,#642,#790));
#431 = ADVANCED_FACE('',(#432),#446,.T.);
#432 = FACE_BOUND('',#433,.F.);
#433 = EDGE_LOOP('',(#434,#464,#491,#492));
#434 = ORIENTED_EDGE('',*,*,#435,.T.);
#435 = EDGE_CURVE('',#436,#438,#440,.T.);
#436 = VERTEX_POINT('',#437);
#437 = CARTESIAN_POINT('',(4.50449218831,-1.451317757244E-16,
    -3.288825804539));
#438 = VERTEX_POINT('',#439);
#439 = CARTESIAN_POINT('',(4.50449218831,-1.451317757244E-16,
    5.711174195461));
#440 = SEAM_CURVE('',#441,(#445,#457),.PCURVE_S1.);
#441 = LINE('',#442,#443);
#442 = CARTESIAN_POINT('',(4.50449218831,-1.451317757244E-16,
    -3.288825804539));
#443 = VECTOR('',#444,1.);
#444 = DIRECTION('',(0.,0.,1.));
#445 = PCURVE('',#446,#451);
#446 = CYLINDRICAL_SURFACE('',#447,4.505);
#447 = AXIS2_PLACEMENT_3D('',#448,#449,#450);
#448 = CARTESIAN_POINT('',(-5.078116903292E-04,-1.451317757244E-16,
    -3.288825804539));
#449 = DIRECTION('',(-0.,-0.,-1.));
#450 = DIRECTION('',(1.,0.,0.));
#451 = DEFINITIONAL_REPRESENTATION('',(#452),#456);
#452 = LINE('',#453,#454);
#453 = CARTESIAN_POINT('',(-0.,0.));
#454 = VECTOR('',#455,1.);
#455 = DIRECTION('',(-0.,-1.));
#456 = ( GEOMETRIC_REPRESENTATION_CONTEXT(2) 
PARAMETRIC_REPRESENTATION_CONTEXT() REPRESENTATION_CONTEXT('2D SPACE',''
  ) );
#457 = PCURVE('',#446,#458);
#458 = DEFINITIONAL_REPRESENTATION('',(#459),#463);
#459 = LINE('',#460,#461);
#460 = CARTESIAN_POINT('',(-6.28318530718,0.));
#461 = VECTOR('',#462,1.);
#462 = DIRECTION('',(-0.,-1.));
#463 = ( GEOMETRIC_REPRESENTATION_CONTEXT(2) 
PARAMETRIC_REPRESENTATION_CONTEXT() REPRESENTATION_CONTEXT('2D SPACE',''
  ) );
#464 = ORIENTED_EDGE('',*,*,#465,.T.);
#465 = EDGE_CURVE('',#438,#438,#466,.T.);
#466 = SURFACE_CURVE('',#467,(#472,#479),.PCURVE_S1.);
#467 = CIRCLE('',#468,4.505);
#468 = AXIS2_PLACEMENT_3D('',#469,#470,#471);
#469 = CARTESIAN_POINT('',(-5.078116903292E-04,-1.451317757244E-16,
    5.711174195461));
#470 = DIRECTION('',(0.,0.,1.));
#471 = DIRECTION('',(1.,0.,0.));
#472 = PCURVE('',#446,#473);
#473 = DEFINITIONAL_REPRESENTATION('',(#474),#478);
#474 = LINE('',#475,#476);
#475 = CARTESIAN_POINT('',(-0.,-9.));
#476 = VECTOR('',#477,1.);
#477 = DIRECTION('',(-1.,0.));
#478 = ( GEOMETRIC_REPRESENTATION_CONTEXT(2) 
PARAMETRIC_REPRESENTATION_CONTEXT() REPRESENTATION_CONTEXT('2D SPACE',''
  ) );
#479 = PCURVE('',#480,#485);
#480 = PLANE('',#481);
#481 = AXIS2_PLACEMENT_3D('',#482,#483,#484);
#482 = CARTESIAN_POINT('',(-5.078116903295E-04,-2.549458318779E-17,
    5.711174195461));
#483 = DIRECTION('',(0.,0.,1.));
#484 = DIRECTION('',(1.,0.,-0.));
#485 = DEFINITIONAL_REPRESENTATION('',(#486),#490);
#486 = CIRCLE('',#487,4.505);
#487 = AXIS2_PLACEMENT_2D('',#488,#489);
#488 = CARTESIAN_POINT('',(3.035766082959E-16,-1.196371925366E-16));
#489 = DIRECTION('',(1.,0.));
#490 = ( GEOMETRIC_REPRESENTATION_CONTEXT(2) 
PARAMETRIC_REPRESENTATION_CONTEXT() REPRESENTATION_CONTEXT('2D SPACE',''
  ) );
#491 = ORIENTED_EDGE('',*,*,#435,.F.);
#492 = ORIENTED_EDGE('',*,*,#493,.F.);
#493 = EDGE_CURVE('',#436,#436,#494,.T.);
#494 = SURFACE_CURVE('',#495,(#500,#507),.PCURVE_S1.);
#495 = CIRCLE('',#496,4.505);
#496 = AXIS2_PLACEMENT_3D('',#497,#498,#499);
#497 = CARTESIAN_POINT('',(-5.078116903292E-04,-1.451317757244E-16,
    -3.288825804539));
#498 = DIRECTION('',(0.,0.,1.));
#499 = DIRECTION('',(1.,0.,0.));
#500 = PCURVE('',#446,#501);
#501 = DEFINITIONAL_REPRESENTATION('',(#502),#506);
#502 = LINE('',#503,#504);
#503 = CARTESIAN_POINT('',(-0.,0.));
#504 = VECTOR('',#505,1.);
#505 = DIRECTION('',(-1.,0.));
#506 = ( GEOMETRIC_REPRESENTATION_CONTEXT(2) 
PARAMETRIC_REPRESENTATION_CONTEXT() REPRESENTATION_CONTEXT('2D SPACE',''
  ) );
#507 = PCURVE('',#508,#636);
#508 = SURFACE_OF_REVOLUTION('',#509,#633);
#509 = B_SPLINE_CURVE_WITH_KNOTS('',3,(#510,#511,#512,#513,#514,#515,
    #516,#517,#518,#519,#520,#521,#522,#523,#524,#525,#526,#527,#528,
    #529,#530,#531,#532,#533,#534,#535,#536,#537,#538,#539,#540,#541,
    #542,#543,#544,#545,#546,#547,#548,#549,#550,#551,#552,#553,#554,
    #555,#556,#557,#558,#559,#560,#561,#562,#563,#564,#565,#566,#567,
    #568,#569,#570,#571,#572,#573,#574,#575,#576,#577,#578,#579,#580,
    #581,#582,#583,#584,#585,#586,#587,#588,#589,#590,#591,#592,#593,
    #594,#595,#596,#597,#598,#599,#600,#601,#602,#603,#604,#605,#606,
    #607,#608,#609,#610,#611,#612,#613,#614,#615,#616,#617,#618,#619,
    #620,#621,#622,#623,#624,#625,#626,#627,#628,#629,#630,#631,#632),
  .UNSPECIFIED.,.F.,.F.,(4,1,1,1,1,1,1,1,1,1,1,1,1,1,1,1,1,1,1,1,1,1,1,1
    ,1,1,1,1,1,1,1,1,1,1,1,1,1,1,1,1,1,1,1,1,1,1,1,1,1,1,1,1,1,1,1,1,1,1
    ,1,1,1,1,1,1,1,1,1,1,1,1,1,1,1,1,1,1,1,1,1,1,1,1,1,1,1,1,1,1,1,1,1,1
    ,1,1,1,1,1,1,1,1,1,1,1,1,1,1,1,1,1,1,1,1,1,1,1,1,1,1,1,1,4),(0.,
    5.294007015428E-03,1.058801403086E-02,1.588202104629E-02,
    2.117602806171E-02,2.647003507714E-02,3.176404209257E-02,
    3.7058049108E-02,4.235205612343E-02,4.764606313886E-02,
    5.294007015428E-02,5.823407716971E-02,6.352808418514E-02,
    6.882209120057E-02,7.4116098216E-02,7.941010523143E-02,
    8.470411224685E-02,8.999811926228E-02,9.529212627771E-02,
    0.100586133293,0.105880140309,0.111174147324,0.116468154339,
    0.121762161355,0.12705616837,0.132350175386,0.137644182401,
    0.142938189417,0.148232196432,0.153526203447,0.158820210463,
    0.164114217478,0.169408224494,0.174702231509,0.179996238525,
    0.18529024554,0.190584252555,0.195878259571,0.201172266586,
    0.206466273602,0.211760280617,0.278112860268,0.344465439918,
    0.410818019569,0.47717059922,0.54352317887,0.609875758521,
    0.676228338171,0.742580917822,0.808933497473,0.875286077123,
    0.941638656774,1.007991236424,1.074343816075,1.140696395725,
    1.207048975376,1.273401555027,1.339754134677,1.406106714328,
    1.472459293978,1.538811873629,1.60516445328,1.67151703293,
    1.737869612581,1.804222192231,1.870574771882,1.936927351533,
    2.003279931183,2.069632510834,2.135985090484,2.202337670135,
    2.268690249786,2.335042829436,2.401395409087,2.467747988737,
    2.534100568388,2.600453148039,2.666805727689,2.73315830734,
    2.79951088699,2.865863466641,2.932216046292,2.998568625942,
    3.064921205593,3.131273785243,3.197626364894,3.263978944545,
    3.330331524195,3.396684103846,3.463036683496,3.529389263147,
    3.595741842798,3.662094422448,3.728447002099,3.794799581749,
    3.8611521614,3.927504741051,3.993857320701,4.060209900352,
    4.126562480002,4.192915059653,4.259267639304,4.325620218954,
    4.391972798605,4.458325378255,4.524677957906,4.591030537557,
    4.657383117207,4.723735696858,4.790088276508,4.856440856159,
    4.922793435809,4.98914601546,5.055498595111,5.121851174761,
    5.188203754412,5.254556334062,5.320908913713,5.387261493364,
    5.453614073014,5.519966652665),.UNSPECIFIED.);
#510 = CARTESIAN_POINT('',(4.50449218831,-1.451317757244E-16,
    -3.288825804539));
#511 = CARTESIAN_POINT('',(4.504492189512,-1.451317757244E-16,
    -3.290590487911));
#512 = CARTESIAN_POINT('',(4.504467537425,-1.451317757244E-16,
    -3.294119854583));
#513 = CARTESIAN_POINT('',(4.504356618876,-1.451317757244E-16,
    -3.299412871702));
#514 = CARTESIAN_POINT('',(4.504171777305,-1.451317757244E-16,
    -3.304703823109));
#515 = CARTESIAN_POINT('',(4.503913049916,-1.451317757244E-16,
    -3.309991676481));
#516 = CARTESIAN_POINT('',(4.503580486885,-1.451317757244E-16,
    -3.315275400074));
#517 = CARTESIAN_POINT('',(4.503174153182,-1.451317757244E-16,
    -3.320553962954));
#518 = CARTESIAN_POINT('',(4.502694128067,-1.451317757244E-16,
    -3.325826335196));
#519 = CARTESIAN_POINT('',(4.502140505206,-1.451317757244E-16,
    -3.33109148808));
#520 = CARTESIAN_POINT('',(4.501513392617,-1.451317757244E-16,
    -3.336348394296));
#521 = CARTESIAN_POINT('',(4.500812912659,-1.451317757244E-16,
    -3.341596028144));
#522 = CARTESIAN_POINT('',(4.500039202008,-1.451317757244E-16,
    -3.34683336573));
#523 = CARTESIAN_POINT('',(4.499192411625,-1.451317757244E-16,
    -3.352059385173));
#524 = CARTESIAN_POINT('',(4.498272706732,-1.451317757244E-16,
    -3.357273066796));
#525 = CARTESIAN_POINT('',(4.497280266777,-1.451317757244E-16,
    -3.362473393334));
#526 = CARTESIAN_POINT('',(4.4962152854,-1.451317757244E-16,
    -3.367659350125));
#527 = CARTESIAN_POINT('',(4.495077970395,-1.451317757244E-16,
    -3.37282992531));
#528 = CARTESIAN_POINT('',(4.493868543668,-1.451317757244E-16,
    -3.377984110033));
#529 = CARTESIAN_POINT('',(4.492587241198,-1.451317757244E-16,
    -3.383120898635));
#530 = CARTESIAN_POINT('',(4.491234312985,-1.451317757244E-16,
    -3.388239288853));
#531 = CARTESIAN_POINT('',(4.489810023007,-1.451317757244E-16,
    -3.39333828201));
#532 = CARTESIAN_POINT('',(4.488314649163,-1.451317757244E-16,
    -3.398416883219));
#533 = CARTESIAN_POINT('',(4.486748483223,-1.451317757244E-16,
    -3.403474101566));
#534 = CARTESIAN_POINT('',(4.48511183077,-1.451317757244E-16,
    -3.408508950314));
#535 = CARTESIAN_POINT('',(4.483405011139,-1.451317757244E-16,
    -3.413520447088));
#536 = CARTESIAN_POINT('',(4.481628357356,-1.451317757244E-16,
    -3.418507614069));
#537 = CARTESIAN_POINT('',(4.479782216072,-1.451317757244E-16,
    -3.423469478187));
#538 = CARTESIAN_POINT('',(4.477866947499,-1.451317757244E-16,
    -3.428405071309));
#539 = CARTESIAN_POINT('',(4.475882925332,-1.451317757244E-16,
    -3.433313430424));
#540 = CARTESIAN_POINT('',(4.473830536691,-1.451317757244E-16,
    -3.438193597843));
#541 = CARTESIAN_POINT('',(4.471710181995,-1.451317757244E-16,
    -3.443044621352));
#542 = CARTESIAN_POINT('',(4.469522275085,-1.451317757244E-16,
    -3.447865554525));
#543 = CARTESIAN_POINT('',(4.46726724237,-1.451317757244E-16,
    -3.452655456421));
#544 = CARTESIAN_POINT('',(4.464945525655,-1.451317757244E-16,
    -3.457413393593));
#545 = CARTESIAN_POINT('',(4.462557571167,-1.451317757244E-16,
    -3.462138433462));
#546 = CARTESIAN_POINT('',(4.460103870115,-1.451317757244E-16,
    -3.466829669906));
#547 = CARTESIAN_POINT('',(4.457584806899,-1.451317757244E-16,
    -3.471486128611));
#548 = CARTESIAN_POINT('',(4.455001225152,-1.451317757244E-16,
    -3.476107121163));
#549 = CARTESIAN_POINT('',(4.452352314822,-1.451317757244E-16,
    -3.480690924398));
#550 = CARTESIAN_POINT('',(4.449643497213,-1.451317757244E-16,
    -3.485239709974));
#551 = CARTESIAN_POINT('',(4.436144272657,-1.451317757244E-16,
    -3.507046965908));
#552 = CARTESIAN_POINT('',(4.411413242526,-1.451317757244E-16,
    -3.545835376275));
#553 = CARTESIAN_POINT('',(4.375214623018,-1.451317757244E-16,
    -3.601445181769));
#554 = CARTESIAN_POINT('',(4.338267251676,-1.451317757244E-16,
    -3.656561800643));
#555 = CARTESIAN_POINT('',(4.300638495845,-1.451317757244E-16,
    -3.711214866396));
#556 = CARTESIAN_POINT('',(4.262317910936,-1.451317757244E-16,
    -3.765385328637));
#557 = CARTESIAN_POINT('',(4.223316041942,-1.451317757244E-16,
    -3.819067278896));
#558 = CARTESIAN_POINT('',(4.183637948417,-1.451317757244E-16,
    -3.872251386211));
#559 = CARTESIAN_POINT('',(4.143290297167,-1.451317757244E-16,
    -3.924929337298));
#560 = CARTESIAN_POINT('',(4.102279460491,-1.451317757244E-16,
    -3.97709264854));
#561 = CARTESIAN_POINT('',(4.060612024448,-1.451317757244E-16,
    -4.028732986026));
#562 = CARTESIAN_POINT('',(4.018294651342,-1.451317757244E-16,
    -4.079842081499));
#563 = CARTESIAN_POINT('',(3.975334115215,-1.451317757244E-16,
    -4.130411756554));
#564 = CARTESIAN_POINT('',(3.931737290974,-1.451317757244E-16,
    -4.180433917818));
#565 = CARTESIAN_POINT('',(3.887511155907,-1.451317757244E-16,
    -4.229900559892));
#566 = CARTESIAN_POINT('',(3.842662787872,-1.451317757244E-16,
    -4.278803766184));
#567 = CARTESIAN_POINT('',(3.797199364345,-1.451317757244E-16,
    -4.327135710302));
#568 = CARTESIAN_POINT('',(3.751128161223,-1.451317757244E-16,
    -4.374888657269));
#569 = CARTESIAN_POINT('',(3.704456551678,-1.451317757244E-16,
    -4.422054964773));
#570 = CARTESIAN_POINT('',(3.657192004966,-1.451317757244E-16,
    -4.468627084384));
#571 = CARTESIAN_POINT('',(3.609342085236,-1.451317757244E-16,
    -4.51459756277));
#572 = CARTESIAN_POINT('',(3.560914450323,-1.451317757244E-16,
    -4.559959042879));
#573 = CARTESIAN_POINT('',(3.511916850513,-1.451317757244E-16,
    -4.604704265127));
#574 = CARTESIAN_POINT('',(3.462357127314,-1.451317757244E-16,
    -4.648826068552));
#575 = CARTESIAN_POINT('',(3.412243212191,-1.451317757244E-16,
    -4.692317391964));
#576 = CARTESIAN_POINT('',(3.361583125304,-1.451317757244E-16,
    -4.735171275075));
#577 = CARTESIAN_POINT('',(3.31038497422,-1.451317757244E-16,
    -4.77738085961));
#578 = CARTESIAN_POINT('',(3.258656952618,-1.451317757244E-16,
    -4.818939390409));
#579 = CARTESIAN_POINT('',(3.206407338975,-1.451317757244E-16,
    -4.859840216504));
#580 = CARTESIAN_POINT('',(3.153644495244,-1.451317757244E-16,
    -4.900076792185));
#581 = CARTESIAN_POINT('',(3.100376865516,-1.451317757244E-16,
    -4.939642678049));
#582 = CARTESIAN_POINT('',(3.046612974665,-1.451317757244E-16,
    -4.978531542028));
#583 = CARTESIAN_POINT('',(2.992361426987,-1.451317757244E-16,
    -5.016737160406));
#584 = CARTESIAN_POINT('',(2.937630904821,-1.451317757244E-16,
    -5.054253418808));
#585 = CARTESIAN_POINT('',(2.882430167161,-1.451317757244E-16,
    -5.091074313188));
#586 = CARTESIAN_POINT('',(2.826768048255,-1.451317757244E-16,
    -5.127193950782));
#587 = CARTESIAN_POINT('',(2.770653456187,-1.451317757244E-16,
    -5.162606551056));
#588 = CARTESIAN_POINT('',(2.714095371457,-1.451317757244E-16,
    -5.197306446627));
#589 = CARTESIAN_POINT('',(2.657102845538,-1.451317757244E-16,
    -5.231288084175));
#590 = CARTESIAN_POINT('',(2.599684999433,-1.451317757244E-16,
    -5.264546025328));
#591 = CARTESIAN_POINT('',(2.54185102221,-1.451317757244E-16,
    -5.297074947531));
#592 = CARTESIAN_POINT('',(2.483610169538,-1.451317757244E-16,
    -5.328869644904));
#593 = CARTESIAN_POINT('',(2.424971762197,-1.451317757244E-16,
    -5.359925029068));
#594 = CARTESIAN_POINT('',(2.365945184594,-1.451317757244E-16,
    -5.390236129965));
#595 = CARTESIAN_POINT('',(2.306539883258,-1.451317757244E-16,
    -5.41979809665));
#596 = CARTESIAN_POINT('',(2.246765365328,-1.451317757244E-16,
    -5.448606198067));
#597 = CARTESIAN_POINT('',(2.186631197031,-1.451317757244E-16,
    -5.47665582381));
#598 = CARTESIAN_POINT('',(2.126147002154,-1.451317757244E-16,
    -5.503942484858));
#599 = CARTESIAN_POINT('',(2.0653224605,-1.451317757244E-16,
    -5.530461814291));
#600 = CARTESIAN_POINT('',(2.00416730634,-1.451317757244E-16,
    -5.556209567995));
#601 = CARTESIAN_POINT('',(1.942691326859,-1.451317757244E-16,
    -5.581181625337));
#602 = CARTESIAN_POINT('',(1.880904360583,-1.451317757244E-16,
    -5.605373989824));
#603 = CARTESIAN_POINT('',(1.818816295809,-1.451317757244E-16,
    -5.628782789744));
#604 = CARTESIAN_POINT('',(1.756437069022,-1.451317757244E-16,
    -5.651404278788));
#605 = CARTESIAN_POINT('',(1.693776663304,-1.451317757244E-16,
    -5.673234836645));
#606 = CARTESIAN_POINT('',(1.630845106737,-1.451317757244E-16,
    -5.694270969584));
#607 = CARTESIAN_POINT('',(1.567652470794,-1.451317757244E-16,
    -5.714509311011));
#608 = CARTESIAN_POINT('',(1.504208868736,-1.451317757244E-16,
    -5.733946622013));
#609 = CARTESIAN_POINT('',(1.440524453986,-1.451317757244E-16,
    -5.75257979187));
#610 = CARTESIAN_POINT('',(1.376609418504,-1.451317757244E-16,
    -5.770405838556));
#611 = CARTESIAN_POINT('',(1.312473991162,-1.451317757244E-16,
    -5.787421909216));
#612 = CARTESIAN_POINT('',(1.248128436101,-1.451317757244E-16,
    -5.803625280623));
#613 = CARTESIAN_POINT('',(1.183583051091,-1.451317757244E-16,
    -5.819013359613));
#614 = CARTESIAN_POINT('',(1.118848165883,-1.451317757244E-16,
    -5.833583683499));
#615 = CARTESIAN_POINT('',(1.053934140554,-1.451317757244E-16,
    -5.847333920468));
#616 = CARTESIAN_POINT('',(0.988851363852,-1.451317757244E-16,
    -5.860261869952));
#617 = CARTESIAN_POINT('',(0.923610251531,-1.451317757244E-16,
    -5.87236546298));
#618 = CARTESIAN_POINT('',(0.858221244685,-1.451317757244E-16,
    -5.883642762511));
#619 = CARTESIAN_POINT('',(0.792694808076,-1.451317757244E-16,
    -5.894091963742));
#620 = CARTESIAN_POINT('',(0.72704142846,-1.451317757244E-16,
    -5.903711394398));
#621 = CARTESIAN_POINT('',(0.661271612911,-1.451317757244E-16,
    -5.912499514998));
#622 = CARTESIAN_POINT('',(0.595395887135,-1.451317757244E-16,
    -5.920454919105));
#623 = CARTESIAN_POINT('',(0.529424793788,-1.451317757244E-16,
    -5.927576333548));
#624 = CARTESIAN_POINT('',(0.463368890789,-1.451317757244E-16,
    -5.933862618623));
#625 = CARTESIAN_POINT('',(0.39723874963,-1.451317757244E-16,
    -5.939312768295));
#626 = CARTESIAN_POINT('',(0.331044953683,-1.451317757244E-16,
    -5.943925910277));
#627 = CARTESIAN_POINT('',(0.264798096511,-1.451317757244E-16,
    -5.947701306491));
#628 = CARTESIAN_POINT('',(0.198508780153,-1.451317757244E-16,
    -5.950638351968));
#629 = CARTESIAN_POINT('',(0.132187613502,-1.451317757244E-16,
    -5.952736579505));
#630 = CARTESIAN_POINT('',(6.58452103356E-02,-1.451317757244E-16,
    -5.953995642715));
#631 = CARTESIAN_POINT('',(2.160986251818E-02,-1.451317757244E-16,
    -5.954275467319));
#632 = CARTESIAN_POINT('',(-5.078116903288E-04,-1.451317757244E-16,
    -5.954275456125));
#633 = AXIS1_PLACEMENT('',#634,#635);
#634 = CARTESIAN_POINT('',(-5.078116903292E-04,-1.451317757244E-16,
    -3.288825804539));
#635 = DIRECTION('',(0.,0.,1.));
#636 = DEFINITIONAL_REPRESENTATION('',(#637),#641);
#637 = LINE('',#638,#639);
#638 = CARTESIAN_POINT('',(0.,0.));
#639 = VECTOR('',#640,1.);
#640 = DIRECTION('',(1.,0.));
#641 = ( GEOMETRIC_REPRESENTATION_CONTEXT(2) 
PARAMETRIC_REPRESENTATION_CONTEXT() REPRESENTATION_CONTEXT('2D SPACE',''
  ) );
#642 = ADVANCED_FACE('',(#643),#508,.F.);
#643 = FACE_BOUND('',#644,.F.);
#644 = EDGE_LOOP('',(#645,#788,#789));
#645 = ORIENTED_EDGE('',*,*,#646,.F.);
#646 = EDGE_CURVE('',#436,#647,#649,.T.);
#647 = VERTEX_POINT('',#648);
#648 = CARTESIAN_POINT('',(-5.078116903288E-04,-1.451317757244E-16,
    -5.954275456125));
#649 = SEAM_CURVE('',#650,(#774,#781),.PCURVE_S1.);
#650 = B_SPLINE_CURVE_WITH_KNOTS('',3,(#651,#652,#653,#654,#655,#656,
    #657,#658,#659,#660,#661,#662,#663,#664,#665,#666,#667,#668,#669,
    #670,#671,#672,#673,#674,#675,#676,#677,#678,#679,#680,#681,#682,
    #683,#684,#685,#686,#687,#688,#689,#690,#691,#692,#693,#694,#695,
    #696,#697,#698,#699,#700,#701,#702,#703,#704,#705,#706,#707,#708,
    #709,#710,#711,#712,#713,#714,#715,#716,#717,#718,#719,#720,#721,
    #722,#723,#724,#725,#726,#727,#728,#729,#730,#731,#732,#733,#734,
    #735,#736,#737,#738,#739,#740,#741,#742,#743,#744,#745,#746,#747,
    #748,#749,#750,#751,#752,#753,#754,#755,#756,#757,#758,#759,#760,
    #761,#762,#763,#764,#765,#766,#767,#768,#769,#770,#771,#772,#773),
  .UNSPECIFIED.,.F.,.F.,(4,1,1,1,1,1,1,1,1,1,1,1,1,1,1,1,1,1,1,1,1,1,1,1
    ,1,1,1,1,1,1,1,1,1,1,1,1,1,1,1,1,1,1,1,1,1,1,1,1,1,1,1,1,1,1,1,1,1,1
    ,1,1,1,1,1,1,1,1,1,1,1,1,1,1,1,1,1,1,1,1,1,1,1,1,1,1,1,1,1,1,1,1,1,1
    ,1,1,1,1,1,1,1,1,1,1,1,1,1,1,1,1,1,1,1,1,1,1,1,1,1,1,1,1,4),(0.,
    5.294007015428E-03,1.058801403086E-02,1.588202104629E-02,
    2.117602806171E-02,2.647003507714E-02,3.176404209257E-02,
    3.7058049108E-02,4.235205612343E-02,4.764606313886E-02,
    5.294007015428E-02,5.823407716971E-02,6.352808418514E-02,
    6.882209120057E-02,7.4116098216E-02,7.941010523143E-02,
    8.470411224685E-02,8.999811926228E-02,9.529212627771E-02,
    0.100586133293,0.105880140309,0.111174147324,0.116468154339,
    0.121762161355,0.12705616837,0.132350175386,0.137644182401,
    0.142938189417,0.148232196432,0.153526203447,0.158820210463,
    0.164114217478,0.169408224494,0.174702231509,0.179996238525,
    0.18529024554,0.190584252555,0.195878259571,0.201172266586,
    0.206466273602,0.211760280617,0.278112860268,0.344465439918,
    0.410818019569,0.47717059922,0.54352317887,0.609875758521,
    0.676228338171,0.742580917822,0.808933497473,0.875286077123,
    0.941638656774,1.007991236424,1.074343816075,1.140696395725,
    1.207048975376,1.273401555027,1.339754134677,1.406106714328,
    1.472459293978,1.538811873629,1.60516445328,1.67151703293,
    1.737869612581,1.804222192231,1.870574771882,1.936927351533,
    2.003279931183,2.069632510834,2.135985090484,2.202337670135,
    2.268690249786,2.335042829436,2.401395409087,2.467747988737,
    2.534100568388,2.600453148039,2.666805727689,2.73315830734,
    2.79951088699,2.865863466641,2.932216046292,2.998568625942,
    3.064921205593,3.131273785243,3.197626364894,3.263978944545,
    3.330331524195,3.396684103846,3.463036683496,3.529389263147,
    3.595741842798,3.662094422448,3.728447002099,3.794799581749,
    3.8611521614,3.927504741051,3.993857320701,4.060209900352,
    4.126562480002,4.192915059653,4.259267639304,4.325620218954,
    4.391972798605,4.458325378255,4.524677957906,4.591030537557,
    4.657383117207,4.723735696858,4.790088276508,4.856440856159,
    4.922793435809,4.98914601546,5.055498595111,5.121851174761,
    5.188203754412,5.254556334062,5.320908913713,5.387261493364,
    5.453614073014,5.519966652665),.UNSPECIFIED.);
#651 = CARTESIAN_POINT('',(4.50449218831,-1.451317757244E-16,
    -3.288825804539));
#652 = CARTESIAN_POINT('',(4.504492189512,-1.451317757244E-16,
    -3.290590487911));
#653 = CARTESIAN_POINT('',(4.504467537425,-1.451317757244E-16,
    -3.294119854583));
#654 = CARTESIAN_POINT('',(4.504356618876,-1.451317757244E-16,
    -3.299412871702));
#655 = CARTESIAN_POINT('',(4.504171777305,-1.451317757244E-16,
    -3.304703823109));
#656 = CARTESIAN_POINT('',(4.503913049916,-1.451317757244E-16,
    -3.309991676481));
#657 = CARTESIAN_POINT('',(4.503580486885,-1.451317757244E-16,
    -3.315275400074));
#658 = CARTESIAN_POINT('',(4.503174153182,-1.451317757244E-16,
    -3.320553962954));
#659 = CARTESIAN_POINT('',(4.502694128067,-1.451317757244E-16,
    -3.325826335196));
#660 = CARTESIAN_POINT('',(4.502140505206,-1.451317757244E-16,
    -3.33109148808));
#661 = CARTESIAN_POINT('',(4.501513392617,-1.451317757244E-16,
    -3.336348394296));
#662 = CARTESIAN_POINT('',(4.500812912659,-1.451317757244E-16,
    -3.341596028144));
#663 = CARTESIAN_POINT('',(4.500039202008,-1.451317757244E-16,
    -3.34683336573));
#664 = CARTESIAN_POINT('',(4.499192411625,-1.451317757244E-16,
    -3.352059385173));
#665 = CARTESIAN_POINT('',(4.498272706732,-1.451317757244E-16,
    -3.357273066796));
#666 = CARTESIAN_POINT('',(4.497280266777,-1.451317757244E-16,
    -3.362473393334));
#667 = CARTESIAN_POINT('',(4.4962152854,-1.451317757244E-16,
    -3.367659350125));
#668 = CARTESIAN_POINT('',(4.495077970395,-1.451317757244E-16,
    -3.37282992531));
#669 = CARTESIAN_POINT('',(4.493868543668,-1.451317757244E-16,
    -3.377984110033));
#670 = CARTESIAN_POINT('',(4.492587241198,-1.451317757244E-16,
    -3.383120898635));
#671 = CARTESIAN_POINT('',(4.491234312985,-1.451317757244E-16,
    -3.388239288853));
#672 = CARTESIAN_POINT('',(4.489810023007,-1.451317757244E-16,
    -3.39333828201));
#673 = CARTESIAN_POINT('',(4.488314649163,-1.451317757244E-16,
    -3.398416883219));
#674 = CARTESIAN_POINT('',(4.486748483223,-1.451317757244E-16,
    -3.403474101566));
#675 = CARTESIAN_POINT('',(4.48511183077,-1.451317757244E-16,
    -3.408508950314));
#676 = CARTESIAN_POINT('',(4.483405011139,-1.451317757244E-16,
    -3.413520447088));
#677 = CARTESIAN_POINT('',(4.481628357356,-1.451317757244E-16,
    -3.418507614069));
#678 = CARTESIAN_POINT('',(4.479782216072,-1.451317757244E-16,
    -3.423469478187));
#679 = CARTESIAN_POINT('',(4.477866947499,-1.451317757244E-16,
    -3.428405071309));
#680 = CARTESIAN_POINT('',(4.475882925332,-1.451317757244E-16,
    -3.433313430424));
#681 = CARTESIAN_POINT('',(4.473830536691,-1.451317757244E-16,
    -3.438193597843));
#682 = CARTESIAN_POINT('',(4.471710181995,-1.451317757244E-16,
    -3.443044621352));
#683 = CARTESIAN_POINT('',(4.469522275085,-1.451317757244E-16,
    -3.447865554525));
#684 = CARTESIAN_POINT('',(4.46726724237,-1.451317757244E-16,
    -3.452655456421));
#685 = CARTESIAN_POINT('',(4.464945525655,-1.451317757244E-16,
    -3.457413393593));
#686 = CARTESIAN_POINT('',(4.462557571167,-1.451317757244E-16,
    -3.462138433462));
#687 = CARTESIAN_POINT('',(4.460103870115,-1.451317757244E-16,
    -3.466829669906));
#688 = CARTESIAN_POINT('',(4.457584806899,-1.451317757244E-16,
    -3.471486128611));
#689 = CARTESIAN_POINT('',(4.455001225152,-1.451317757244E-16,
    -3.476107121163));
#690 = CARTESIAN_POINT('',(4.452352314822,-1.451317757244E-16,
    -3.480690924398));
#691 = CARTESIAN_POINT('',(4.449643497213,-1.451317757244E-16,
    -3.485239709974));
#692 = CARTESIAN_POINT('',(4.436144272657,-1.451317757244E-16,
    -3.507046965908));
#693 = CARTESIAN_POINT('',(4.411413242526,-1.451317757244E-16,
    -3.545835376275));
#694 = CARTESIAN_POINT('',(4.375214623018,-1.451317757244E-16,
    -3.601445181769));
#695 = CARTESIAN_POINT('',(4.338267251676,-1.451317757244E-16,
    -3.656561800643));
#696 = CARTESIAN_POINT('',(4.300638495845,-1.451317757244E-16,
    -3.711214866396));
#697 = CARTESIAN_POINT('',(4.262317910936,-1.451317757244E-16,
    -3.765385328637));
#698 = CARTESIAN_POINT('',(4.223316041942,-1.451317757244E-16,
    -3.819067278896));
#699 = CARTESIAN_POINT('',(4.183637948417,-1.451317757244E-16,
    -3.872251386211));
#700 = CARTESIAN_POINT('',(4.143290297167,-1.451317757244E-16,
    -3.924929337298));
#701 = CARTESIAN_POINT('',(4.102279460491,-1.451317757244E-16,
    -3.97709264854));
#702 = CARTESIAN_POINT('',(4.060612024448,-1.451317757244E-16,
    -4.028732986026));
#703 = CARTESIAN_POINT('',(4.018294651342,-1.451317757244E-16,
    -4.079842081499));
#704 = CARTESIAN_POINT('',(3.975334115215,-1.451317757244E-16,
    -4.130411756554));
#705 = CARTESIAN_POINT('',(3.931737290974,-1.451317757244E-16,
    -4.180433917818));
#706 = CARTESIAN_POINT('',(3.887511155907,-1.451317757244E-16,
    -4.229900559892));
#707 = CARTESIAN_POINT('',(3.842662787872,-1.451317757244E-16,
    -4.278803766184));
#708 = CARTESIAN_POINT('',(3.797199364345,-1.451317757244E-16,
    -4.327135710302));
#709 = CARTESIAN_POINT('',(3.751128161223,-1.451317757244E-16,
    -4.374888657269));
#710 = CARTESIAN_POINT('',(3.704456551678,-1.451317757244E-16,
    -4.422054964773));
#711 = CARTESIAN_POINT('',(3.657192004966,-1.451317757244E-16,
    -4.468627084384));
#712 = CARTESIAN_POINT('',(3.609342085236,-1.451317757244E-16,
    -4.51459756277));
#713 = CARTESIAN_POINT('',(3.560914450323,-1.451317757244E-16,
    -4.559959042879));
#714 = CARTESIAN_POINT('',(3.511916850513,-1.451317757244E-16,
    -4.604704265127));
#715 = CARTESIAN_POINT('',(3.462357127314,-1.451317757244E-16,
    -4.648826068552));
#716 = CARTESIAN_POINT('',(3.412243212191,-1.451317757244E-16,
    -4.692317391964));
#717 = CARTESIAN_POINT('',(3.361583125304,-1.451317757244E-16,
    -4.735171275075));
#718 = CARTESIAN_POINT('',(3.31038497422,-1.451317757244E-16,
    -4.77738085961));
#719 = CARTESIAN_POINT('',(3.258656952618,-1.451317757244E-16,
    -4.818939390409));
#720 = CARTESIAN_POINT('',(3.206407338975,-1.451317757244E-16,
    -4.859840216504));
#721 = CARTESIAN_POINT('',(3.153644495244,-1.451317757244E-16,
    -4.900076792185));
#722 = CARTESIAN_POINT('',(3.100376865516,-1.451317757244E-16,
    -4.939642678049));
#723 = CARTESIAN_POINT('',(3.046612974665,-1.451317757244E-16,
    -4.978531542028));
#724 = CARTESIAN_POINT('',(2.992361426987,-1.451317757244E-16,
    -5.016737160406));
#725 = CARTESIAN_POINT('',(2.937630904821,-1.451317757244E-16,
    -5.054253418808));
#726 = CARTESIAN_POINT('',(2.882430167161,-1.451317757244E-16,
    -5.091074313188));
#727 = CARTESIAN_POINT('',(2.826768048255,-1.451317757244E-16,
    -5.127193950782));
#728 = CARTESIAN_POINT('',(2.770653456187,-1.451317757244E-16,
    -5.162606551056));
#729 = CARTESIAN_POINT('',(2.714095371457,-1.451317757244E-16,
    -5.197306446627));
#730 = CARTESIAN_POINT('',(2.657102845538,-1.451317757244E-16,
    -5.231288084175));
#731 = CARTESIAN_POINT('',(2.599684999433,-1.451317757244E-16,
    -5.264546025328));
#732 = CARTESIAN_POINT('',(2.54185102221,-1.451317757244E-16,
    -5.297074947531));
#733 = CARTESIAN_POINT('',(2.483610169538,-1.451317757244E-16,
    -5.328869644904));
#734 = CARTESIAN_POINT('',(2.424971762197,-1.451317757244E-16,
    -5.359925029068));
#735 = CARTESIAN_POINT('',(2.365945184594,-1.451317757244E-16,
    -5.390236129965));
#736 = CARTESIAN_POINT('',(2.306539883258,-1.451317757244E-16,
    -5.41979809665));
#737 = CARTESIAN_POINT('',(2.246765365328,-1.451317757244E-16,
    -5.448606198067));
#738 = CARTESIAN_POINT('',(2.186631197031,-1.451317757244E-16,
    -5.47665582381));
#739 = CARTESIAN_POINT('',(2.126147002154,-1.451317757244E-16,
    -5.503942484858));
#740 = CARTESIAN_POINT('',(2.0653224605,-1.451317757244E-16,
    -5.530461814291));
#741 = CARTESIAN_POINT('',(2.00416730634,-1.451317757244E-16,
    -5.556209567995));
#742 = CARTESIAN_POINT('',(1.942691326859,-1.451317757244E-16,
    -5.581181625337));
#743 = CARTESIAN_POINT('',(1.880904360583,-1.451317757244E-16,
    -5.605373989824));
#744 = CARTESIAN_POINT('',(1.818816295809,-1.451317757244E-16,
    -5.628782789744));
#745 = CARTESIAN_POINT('',(1.756437069022,-1.451317757244E-16,
    -5.651404278788));
#746 = CARTESIAN_POINT('',(1.693776663304,-1.451317757244E-16,
    -5.673234836645));
#747 = CARTESIAN_POINT('',(1.630845106737,-1.451317757244E-16,
    -5.694270969584));
#748 = CARTESIAN_POINT('',(1.567652470794,-1.451317757244E-16,
    -5.714509311011));
#749 = CARTESIAN_POINT('',(1.504208868736,-1.451317757244E-16,
    -5.733946622013));
#750 = CARTESIAN_POINT('',(1.440524453986,-1.451317757244E-16,
    -5.75257979187));
#751 = CARTESIAN_POINT('',(1.376609418504,-1.451317757244E-16,
    -5.770405838556));
#752 = CARTESIAN_POINT('',(1.312473991162,-1.451317757244E-16,
    -5.787421909216));
#753 = CARTESIAN_POINT('',(1.248128436101,-1.451317757244E-16,
    -5.803625280623));
#754 = CARTESIAN_POINT('',(1.183583051091,-1.451317757244E-16,
    -5.819013359613));
#755 = CARTESIAN_POINT('',(1.118848165883,-1.451317757244E-16,
    -5.833583683499));
#756 = CARTESIAN_POINT('',(1.053934140554,-1.451317757244E-16,
    -5.847333920468));
#757 = CARTESIAN_POINT('',(0.988851363852,-1.451317757244E-16,
    -5.860261869952));
#758 = CARTESIAN_POINT('',(0.923610251531,-1.451317757244E-16,
    -5.87236546298));
#759 = CARTESIAN_POINT('',(0.858221244685,-1.451317757244E-16,
    -5.883642762511));
#760 = CARTESIAN_POINT('',(0.792694808076,-1.451317757244E-16,
    -5.894091963742));
#761 = CARTESIAN_POINT('',(0.72704142846,-1.451317757244E-16,
    -5.903711394398));
#762 = CARTESIAN_POINT('',(0.661271612911,-1.451317757244E-16,
    -5.912499514998));
#763 = CARTESIAN_POINT('',(0.595395887135,-1.451317757244E-16,
    -5.920454919105));
#764 = CARTESIAN_POINT('',(0.529424793788,-1.451317757244E-16,
    -5.927576333548));
#765 = CARTESIAN_POINT('',(0.463368890789,-1.451317757244E-16,
    -5.933862618623));
#766 = CARTESIAN_POINT('',(0.39723874963,-1.451317757244E-16,
    -5.939312768295));
#767 = CARTESIAN_POINT('',(0.331044953683,-1.451317757244E-16,
    -5.943925910277));
#768 = CARTESIAN_POINT('',(0.264798096511,-1.451317757244E-16,
    -5.947701306491));
#769 = CARTESIAN_POINT('',(0.198508780153,-1.451317757244E-16,
    -5.950638351968));
#770 = CARTESIAN_POINT('',(0.132187613502,-1.451317757244E-16,
    -5.952736579505));
#771 = CARTESIAN_POINT('',(6.58452103356E-02,-1.451317757244E-16,
    -5.953995642715));
#772 = CARTESIAN_POINT('',(2.160986251818E-02,-1.451317757244E-16,
    -5.954275467319));
#773 = CARTESIAN_POINT('',(-5.078116903288E-04,-1.451317757244E-16,
    -5.954275456125));
#774 = PCURVE('',#508,#775);
#775 = DEFINITIONAL_REPRESENTATION('',(#776),#780);
#776 = LINE('',#777,#778);
#777 = CARTESIAN_POINT('',(0.,0.));
#778 = VECTOR('',#779,1.);
#779 = DIRECTION('',(0.,1.));
#780 = ( GEOMETRIC_REPRESENTATION_CONTEXT(2) 
PARAMETRIC_REPRESENTATION_CONTEXT() REPRESENTATION_CONTEXT('2D SPACE',''
  ) );
#781 = PCURVE('',#508,#782);
#782 = DEFINITIONAL_REPRESENTATION('',(#783),#787);
#783 = LINE('',#784,#785);
#784 = CARTESIAN_POINT('',(6.28318530718,0.));
#785 = VECTOR('',#786,1.);
#786 = DIRECTION('',(0.,1.));
#787 = ( GEOMETRIC_REPRESENTATION_CONTEXT(2) 
PARAMETRIC_REPRESENTATION_CONTEXT() REPRESENTATION_CONTEXT('2D SPACE',''
  ) );
#788 = ORIENTED_EDGE('',*,*,#493,.T.);
#789 = ORIENTED_EDGE('',*,*,#646,.T.);
#790 = ADVANCED_FACE('',(#791),#480,.T.);
#791 = FACE_BOUND('',#792,.T.);
#792 = EDGE_LOOP('',(#793));
#793 = ORIENTED_EDGE('',*,*,#465,.T.);
#794 = ( GEOMETRIC_REPRESENTATION_CONTEXT(3) 
GLOBAL_UNCERTAINTY_ASSIGNED_CONTEXT((#798)) GLOBAL_UNIT_ASSIGNED_CONTEXT
((#795,#796,#797)) REPRESENTATION_CONTEXT('Context #1',
  '3D Context with UNIT and UNCERTAINTY') );
#795 = ( LENGTH_UNIT() NAMED_UNIT(*) SI_UNIT(.MILLI.,.METRE.) );
#796 = ( NAMED_UNIT(*) PLANE_ANGLE_UNIT() SI_UNIT($,.RADIAN.) );
#797 = ( NAMED_UNIT(*) SI_UNIT($,.STERADIAN.) SOLID_ANGLE_UNIT() );
#798 = UNCERTAINTY_MEASURE_WITH_UNIT(LENGTH_MEASURE(1.E-07),#795,
  'distance_accuracy_value','confusion accuracy');
#799 = CONTEXT_DEPENDENT_SHAPE_REPRESENTATION(#800,#802);
#800 = ( REPRESENTATION_RELATIONSHIP('','',#63,#36) 
REPRESENTATION_RELATIONSHIP_WITH_TRANSFORMATION(#801) 
SHAPE_REPRESENTATION_RELATIONSHIP() );
#801 = ITEM_DEFINED_TRANSFORMATION('','',#11,#37);
#802 = PRODUCT_DEFINITION_SHAPE('Placement','Placement of an item',#803
  );
#803 = NEXT_ASSEMBLY_USAGE_OCCURRENCE('6','','',#31,#58,$);
#804 = PRODUCT_RELATED_PRODUCT_CATEGORY('part',$,(#60));
#805 = SHAPE_DEFINITION_REPRESENTATION(#806,#812);
#806 = PRODUCT_DEFINITION_SHAPE('','',#807);
#807 = PRODUCT_DEFINITION('design','',#808,#811);
#808 = PRODUCT_DEFINITION_FORMATION('','',#809);
#809 = PRODUCT('Open CASCADE STEP translator 7.8 2.1.2',
  'Open CASCADE STEP translator 7.8 2.1.2','',(#810));
#810 = PRODUCT_CONTEXT('',#2,'mechanical');
#811 = PRODUCT_DEFINITION_CONTEXT('part definition',#2,'design');
#812 = ADVANCED_BREP_SHAPE_REPRESENTATION('',(#11,#813),#1583);
#813 = MANIFOLD_SOLID_BREP('',#814);
#814 = CLOSED_SHELL('',(#815,#903,#1155,#1367,#1394,#1421,#1448,#1475,
    #1502,#1529,#1556));
#815 = ADVANCED_FACE('',(#816),#829,.T.);
#816 = FACE_BOUND('',#817,.T.);
#817 = EDGE_LOOP('',(#818,#852,#875,#902));
#818 = ORIENTED_EDGE('',*,*,#819,.F.);
#819 = EDGE_CURVE('',#820,#820,#822,.T.);
#820 = VERTEX_POINT('',#821);
#821 = CARTESIAN_POINT('',(5.,6.27767756926E-02,9.25));
#822 = SURFACE_CURVE('',#823,(#828,#840),.PCURVE_S1.);
#823 = CIRCLE('',#824,5.);
#824 = AXIS2_PLACEMENT_3D('',#825,#826,#827);
#825 = CARTESIAN_POINT('',(5.892889675133E-16,6.27767756926E-02,9.25));
#826 = DIRECTION('',(0.,0.,1.));
#827 = DIRECTION('',(1.,0.,0.));
#828 = PCURVE('',#829,#834);
#829 = CYLINDRICAL_SURFACE('',#830,5.);
#830 = AXIS2_PLACEMENT_3D('',#831,#832,#833);
#831 = CARTESIAN_POINT('',(5.892889675133E-16,6.27767756926E-02,8.75));
#832 = DIRECTION('',(0.,0.,1.));
#833 = DIRECTION('',(1.,0.,0.));
#834 = DEFINITIONAL_REPRESENTATION('',(#835),#839);
#835 = LINE('',#836,#837);
#836 = CARTESIAN_POINT('',(0.,0.5));
#837 = VECTOR('',#838,1.);
#838 = DIRECTION('',(1.,0.));
#839 = ( GEOMETRIC_REPRESENTATION_CONTEXT(2) 
PARAMETRIC_REPRESENTATION_CONTEXT() REPRESENTATION_CONTEXT('2D SPACE',''
  ) );
#840 = PCURVE('',#841,#846);
#841 = PLANE('',#842);
#842 = AXIS2_PLACEMENT_3D('',#843,#844,#845);
#843 = CARTESIAN_POINT('',(5.892889675133E-16,6.27767756926E-02,9.25));
#844 = DIRECTION('',(0.,0.,1.));
#845 = DIRECTION('',(1.,0.,0.));
#846 = DEFINITIONAL_REPRESENTATION('',(#847),#851);
#847 = CIRCLE('',#848,5.);
#848 = AXIS2_PLACEMENT_2D('',#849,#850);
#849 = CARTESIAN_POINT('',(0.,0.));
#850 = DIRECTION('',(1.,0.));
#851 = ( GEOMETRIC_REPRESENTATION_CONTEXT(2) 
PARAMETRIC_REPRESENTATION_CONTEXT() REPRESENTATION_CONTEXT('2D SPACE',''
  ) );
#852 = ORIENTED_EDGE('',*,*,#853,.F.);
#853 = EDGE_CURVE('',#854,#820,#856,.T.);
#854 = VERTEX_POINT('',#855);
#855 = CARTESIAN_POINT('',(5.,6.27767756926E-02,8.75));
#856 = SEAM_CURVE('',#857,(#861,#868),.PCURVE_S1.);
#857 = LINE('',#858,#859);
#858 = CARTESIAN_POINT('',(5.,6.27767756926E-02,8.75));
#859 = VECTOR('',#860,1.);
#860 = DIRECTION('',(0.,0.,1.));
#861 = PCURVE('',#829,#862);
#862 = DEFINITIONAL_REPRESENTATION('',(#863),#867);
#863 = LINE('',#864,#865);
#864 = CARTESIAN_POINT('',(6.28318530718,-0.));
#865 = VECTOR('',#866,1.);
#866 = DIRECTION('',(0.,1.));
#867 = ( GEOMETRIC_REPRESENTATION_CONTEXT(2) 
PARAMETRIC_REPRESENTATION_CONTEXT() REPRESENTATION_CONTEXT('2D SPACE',''
  ) );
#868 = PCURVE('',#829,#869);
#869 = DEFINITIONAL_REPRESENTATION('',(#870),#874);
#870 = LINE('',#871,#872);
#871 = CARTESIAN_POINT('',(0.,-0.));
#872 = VECTOR('',#873,1.);
#873 = DIRECTION('',(0.,1.));
#874 = ( GEOMETRIC_REPRESENTATION_CONTEXT(2) 
PARAMETRIC_REPRESENTATION_CONTEXT() REPRESENTATION_CONTEXT('2D SPACE',''
  ) );
#875 = ORIENTED_EDGE('',*,*,#876,.T.);
#876 = EDGE_CURVE('',#854,#854,#877,.T.);
#877 = SURFACE_CURVE('',#878,(#883,#890),.PCURVE_S1.);
#878 = CIRCLE('',#879,5.);
#879 = AXIS2_PLACEMENT_3D('',#880,#881,#882);
#880 = CARTESIAN_POINT('',(5.892889675133E-16,6.27767756926E-02,8.75));
#881 = DIRECTION('',(0.,0.,1.));
#882 = DIRECTION('',(1.,0.,0.));
#883 = PCURVE('',#829,#884);
#884 = DEFINITIONAL_REPRESENTATION('',(#885),#889);
#885 = LINE('',#886,#887);
#886 = CARTESIAN_POINT('',(0.,0.));
#887 = VECTOR('',#888,1.);
#888 = DIRECTION('',(1.,0.));
#889 = ( GEOMETRIC_REPRESENTATION_CONTEXT(2) 
PARAMETRIC_REPRESENTATION_CONTEXT() REPRESENTATION_CONTEXT('2D SPACE',''
  ) );
#890 = PCURVE('',#891,#896);
#891 = PLANE('',#892);
#892 = AXIS2_PLACEMENT_3D('',#893,#894,#895);
#893 = CARTESIAN_POINT('',(5.892889675133E-16,6.27767756926E-02,8.75));
#894 = DIRECTION('',(0.,0.,1.));
#895 = DIRECTION('',(1.,0.,0.));
#896 = DEFINITIONAL_REPRESENTATION('',(#897),#901);
#897 = CIRCLE('',#898,5.);
#898 = AXIS2_PLACEMENT_2D('',#899,#900);
#899 = CARTESIAN_POINT('',(0.,0.));
#900 = DIRECTION('',(1.,0.));
#901 = ( GEOMETRIC_REPRESENTATION_CONTEXT(2) 
PARAMETRIC_REPRESENTATION_CONTEXT() REPRESENTATION_CONTEXT('2D SPACE',''
  ) );
#902 = ORIENTED_EDGE('',*,*,#853,.T.);
#903 = ADVANCED_FACE('',(#904,#907,#938,#969,#1000,#1031,#1062,#1093,
    #1124),#841,.T.);
#904 = FACE_BOUND('',#905,.T.);
#905 = EDGE_LOOP('',(#906));
#906 = ORIENTED_EDGE('',*,*,#819,.T.);
#907 = FACE_BOUND('',#908,.T.);
#908 = EDGE_LOOP('',(#909));
#909 = ORIENTED_EDGE('',*,*,#910,.F.);
#910 = EDGE_CURVE('',#911,#911,#913,.T.);
#911 = VERTEX_POINT('',#912);
#912 = CARTESIAN_POINT('',(0.675,-3.437223224307,9.25));
#913 = SURFACE_CURVE('',#914,(#919,#926),.PCURVE_S1.);
#914 = CIRCLE('',#915,0.675);
#915 = AXIS2_PLACEMENT_3D('',#916,#917,#918);
#916 = CARTESIAN_POINT('',(-5.365060203905E-17,-3.437223224307,9.25));
#917 = DIRECTION('',(0.,0.,1.));
#918 = DIRECTION('',(1.,0.,-0.));
#919 = PCURVE('',#841,#920);
#920 = DEFINITIONAL_REPRESENTATION('',(#921),#925);
#921 = CIRCLE('',#922,0.675);
#922 = AXIS2_PLACEMENT_2D('',#923,#924);
#923 = CARTESIAN_POINT('',(-6.429395695524E-16,-3.5));
#924 = DIRECTION('',(1.,0.));
#925 = ( GEOMETRIC_REPRESENTATION_CONTEXT(2) 
PARAMETRIC_REPRESENTATION_CONTEXT() REPRESENTATION_CONTEXT('2D SPACE',''
  ) );
#926 = PCURVE('',#927,#932);
#927 = CYLINDRICAL_SURFACE('',#928,0.675);
#928 = AXIS2_PLACEMENT_3D('',#929,#930,#931);
#929 = CARTESIAN_POINT('',(-5.365060203905E-17,-3.437223224307,8.749));
#930 = DIRECTION('',(0.,0.,1.));
#931 = DIRECTION('',(1.,0.,0.));
#932 = DEFINITIONAL_REPRESENTATION('',(#933),#937);
#933 = LINE('',#934,#935);
#934 = CARTESIAN_POINT('',(0.,0.501));
#935 = VECTOR('',#936,1.);
#936 = DIRECTION('',(1.,0.));
#937 = ( GEOMETRIC_REPRESENTATION_CONTEXT(2) 
PARAMETRIC_REPRESENTATION_CONTEXT() REPRESENTATION_CONTEXT('2D SPACE',''
  ) );
#938 = FACE_BOUND('',#939,.T.);
#939 = EDGE_LOOP('',(#940));
#940 = ORIENTED_EDGE('',*,*,#941,.F.);
#941 = EDGE_CURVE('',#942,#942,#944,.T.);
#942 = VERTEX_POINT('',#943);
#943 = CARTESIAN_POINT('',(-2.356088913246,-1.687223224307,9.25));
#944 = SURFACE_CURVE('',#945,(#950,#957),.PCURVE_S1.);
#945 = CIRCLE('',#946,0.675);
#946 = AXIS2_PLACEMENT_3D('',#947,#948,#949);
#947 = CARTESIAN_POINT('',(-3.031088913246,-1.687223224307,9.25));
#948 = DIRECTION('',(0.,0.,1.));
#949 = DIRECTION('',(1.,0.,-0.));
#950 = PCURVE('',#841,#951);
#951 = DEFINITIONAL_REPRESENTATION('',(#952),#956);
#952 = CIRCLE('',#953,0.675);
#953 = AXIS2_PLACEMENT_2D('',#954,#955);
#954 = CARTESIAN_POINT('',(-3.031088913246,-1.75));
#955 = DIRECTION('',(1.,0.));
#956 = ( GEOMETRIC_REPRESENTATION_CONTEXT(2) 
PARAMETRIC_REPRESENTATION_CONTEXT() REPRESENTATION_CONTEXT('2D SPACE',''
  ) );
#957 = PCURVE('',#958,#963);
#958 = CYLINDRICAL_SURFACE('',#959,0.675);
#959 = AXIS2_PLACEMENT_3D('',#960,#961,#962);
#960 = CARTESIAN_POINT('',(-3.031088913246,-1.687223224307,8.749));
#961 = DIRECTION('',(0.,0.,1.));
#962 = DIRECTION('',(1.,0.,0.));
#963 = DEFINITIONAL_REPRESENTATION('',(#964),#968);
#964 = LINE('',#965,#966);
#965 = CARTESIAN_POINT('',(0.,0.501));
#966 = VECTOR('',#967,1.);
#967 = DIRECTION('',(1.,0.));
#968 = ( GEOMETRIC_REPRESENTATION_CONTEXT(2) 
PARAMETRIC_REPRESENTATION_CONTEXT() REPRESENTATION_CONTEXT('2D SPACE',''
  ) );
#969 = FACE_BOUND('',#970,.T.);
#970 = EDGE_LOOP('',(#971));
#971 = ORIENTED_EDGE('',*,*,#972,.F.);
#972 = EDGE_CURVE('',#973,#973,#975,.T.);
#973 = VERTEX_POINT('',#974);
#974 = CARTESIAN_POINT('',(3.706088913246,-1.687223224307,9.25));
#975 = SURFACE_CURVE('',#976,(#981,#988),.PCURVE_S1.);
#976 = CIRCLE('',#977,0.675);
#977 = AXIS2_PLACEMENT_3D('',#978,#979,#980);
#978 = CARTESIAN_POINT('',(3.031088913246,-1.687223224307,9.25));
#979 = DIRECTION('',(0.,0.,1.));
#980 = DIRECTION('',(1.,0.,-0.));
#981 = PCURVE('',#841,#982);
#982 = DEFINITIONAL_REPRESENTATION('',(#983),#987);
#983 = CIRCLE('',#984,0.675);
#984 = AXIS2_PLACEMENT_2D('',#985,#986);
#985 = CARTESIAN_POINT('',(3.031088913246,-1.75));
#986 = DIRECTION('',(1.,0.));
#987 = ( GEOMETRIC_REPRESENTATION_CONTEXT(2) 
PARAMETRIC_REPRESENTATION_CONTEXT() REPRESENTATION_CONTEXT('2D SPACE',''
  ) );
#988 = PCURVE('',#989,#994);
#989 = CYLINDRICAL_SURFACE('',#990,0.675);
#990 = AXIS2_PLACEMENT_3D('',#991,#992,#993);
#991 = CARTESIAN_POINT('',(3.031088913246,-1.687223224307,8.749));
#992 = DIRECTION('',(0.,0.,1.));
#993 = DIRECTION('',(1.,0.,0.));
#994 = DEFINITIONAL_REPRESENTATION('',(#995),#999);
#995 = LINE('',#996,#997);
#996 = CARTESIAN_POINT('',(0.,0.501));
#997 = VECTOR('',#998,1.);
#998 = DIRECTION('',(1.,0.));
#999 = ( GEOMETRIC_REPRESENTATION_CONTEXT(2) 
PARAMETRIC_REPRESENTATION_CONTEXT() REPRESENTATION_CONTEXT('2D SPACE',''
  ) );
#1000 = FACE_BOUND('',#1001,.T.);
#1001 = EDGE_LOOP('',(#1002));
#1002 = ORIENTED_EDGE('',*,*,#1003,.F.);
#1003 = EDGE_CURVE('',#1004,#1004,#1006,.T.);
#1004 = VERTEX_POINT('',#1005);
#1005 = CARTESIAN_POINT('',(-2.356088913246,1.812776775693,9.25));
#1006 = SURFACE_CURVE('',#1007,(#1012,#1019),.PCURVE_S1.);
#1007 = CIRCLE('',#1008,0.675);
#1008 = AXIS2_PLACEMENT_3D('',#1009,#1010,#1011);
#1009 = CARTESIAN_POINT('',(-3.031088913246,1.812776775693,9.25));
#1010 = DIRECTION('',(0.,0.,1.));
#1011 = DIRECTION('',(1.,0.,-0.));
#1012 = PCURVE('',#841,#1013);
#1013 = DEFINITIONAL_REPRESENTATION('',(#1014),#1018);
#1014 = CIRCLE('',#1015,0.675);
#1015 = AXIS2_PLACEMENT_2D('',#1016,#1017);
#1016 = CARTESIAN_POINT('',(-3.031088913246,1.75));
#1017 = DIRECTION('',(1.,0.));
#1018 = ( GEOMETRIC_REPRESENTATION_CONTEXT(2) 
PARAMETRIC_REPRESENTATION_CONTEXT() REPRESENTATION_CONTEXT('2D SPACE',''
  ) );
#1019 = PCURVE('',#1020,#1025);
#1020 = CYLINDRICAL_SURFACE('',#1021,0.675);
#1021 = AXIS2_PLACEMENT_3D('',#1022,#1023,#1024);
#1022 = CARTESIAN_POINT('',(-3.031088913246,1.812776775693,8.749));
#1023 = DIRECTION('',(0.,0.,1.));
#1024 = DIRECTION('',(1.,0.,0.));
#1025 = DEFINITIONAL_REPRESENTATION('',(#1026),#1030);
#1026 = LINE('',#1027,#1028);
#1027 = CARTESIAN_POINT('',(0.,0.501));
#1028 = VECTOR('',#1029,1.);
#1029 = DIRECTION('',(1.,0.));
#1030 = ( GEOMETRIC_REPRESENTATION_CONTEXT(2) 
PARAMETRIC_REPRESENTATION_CONTEXT() REPRESENTATION_CONTEXT('2D SPACE',''
  ) );
#1031 = FACE_BOUND('',#1032,.T.);
#1032 = EDGE_LOOP('',(#1033));
#1033 = ORIENTED_EDGE('',*,*,#1034,.F.);
#1034 = EDGE_CURVE('',#1035,#1035,#1037,.T.);
#1035 = VERTEX_POINT('',#1036);
#1036 = CARTESIAN_POINT('',(1.112,6.27767756926E-02,9.25));
#1037 = SURFACE_CURVE('',#1038,(#1043,#1050),.PCURVE_S1.);
#1038 = CIRCLE('',#1039,1.112);
#1039 = AXIS2_PLACEMENT_3D('',#1040,#1041,#1042);
#1040 = CARTESIAN_POINT('',(5.892889675133E-16,6.27767756926E-02,9.25));
#1041 = DIRECTION('',(0.,0.,1.));
#1042 = DIRECTION('',(1.,0.,-0.));
#1043 = PCURVE('',#841,#1044);
#1044 = DEFINITIONAL_REPRESENTATION('',(#1045),#1049);
#1045 = CIRCLE('',#1046,1.112);
#1046 = AXIS2_PLACEMENT_2D('',#1047,#1048);
#1047 = CARTESIAN_POINT('',(0.,0.));
#1048 = DIRECTION('',(1.,0.));
#1049 = ( GEOMETRIC_REPRESENTATION_CONTEXT(2) 
PARAMETRIC_REPRESENTATION_CONTEXT() REPRESENTATION_CONTEXT('2D SPACE',''
  ) );
#1050 = PCURVE('',#1051,#1056);
#1051 = CYLINDRICAL_SURFACE('',#1052,1.112);
#1052 = AXIS2_PLACEMENT_3D('',#1053,#1054,#1055);
#1053 = CARTESIAN_POINT('',(5.892889675133E-16,6.27767756926E-02,8.749)
  );
#1054 = DIRECTION('',(0.,0.,1.));
#1055 = DIRECTION('',(1.,0.,0.));
#1056 = DEFINITIONAL_REPRESENTATION('',(#1057),#1061);
#1057 = LINE('',#1058,#1059);
#1058 = CARTESIAN_POINT('',(0.,0.501));
#1059 = VECTOR('',#1060,1.);
#1060 = DIRECTION('',(1.,0.));
#1061 = ( GEOMETRIC_REPRESENTATION_CONTEXT(2) 
PARAMETRIC_REPRESENTATION_CONTEXT() REPRESENTATION_CONTEXT('2D SPACE',''
  ) );
#1062 = FACE_BOUND('',#1063,.T.);
#1063 = EDGE_LOOP('',(#1064));
#1064 = ORIENTED_EDGE('',*,*,#1065,.F.);
#1065 = EDGE_CURVE('',#1066,#1066,#1068,.T.);
#1066 = VERTEX_POINT('',#1067);
#1067 = CARTESIAN_POINT('',(0.8,2.062776775693,9.25));
#1068 = SURFACE_CURVE('',#1069,(#1074,#1081),.PCURVE_S1.);
#1069 = CIRCLE('',#1070,0.8);
#1070 = AXIS2_PLACEMENT_3D('',#1071,#1072,#1073);
#1071 = CARTESIAN_POINT('',(7.11753647428E-16,2.062776775693,9.25));
#1072 = DIRECTION('',(0.,0.,1.));
#1073 = DIRECTION('',(1.,0.,-0.));
#1074 = PCURVE('',#841,#1075);
#1075 = DEFINITIONAL_REPRESENTATION('',(#1076),#1080);
#1076 = CIRCLE('',#1077,0.8);
#1077 = AXIS2_PLACEMENT_2D('',#1078,#1079);
#1078 = CARTESIAN_POINT('',(1.224646799147E-16,2.));
#1079 = DIRECTION('',(1.,0.));
#1080 = ( GEOMETRIC_REPRESENTATION_CONTEXT(2) 
PARAMETRIC_REPRESENTATION_CONTEXT() REPRESENTATION_CONTEXT('2D SPACE',''
  ) );
#1081 = PCURVE('',#1082,#1087);
#1082 = CYLINDRICAL_SURFACE('',#1083,0.8);
#1083 = AXIS2_PLACEMENT_3D('',#1084,#1085,#1086);
#1084 = CARTESIAN_POINT('',(7.11753647428E-16,2.062776775693,8.749));
#1085 = DIRECTION('',(0.,0.,1.));
#1086 = DIRECTION('',(1.,0.,0.));
#1087 = DEFINITIONAL_REPRESENTATION('',(#1088),#1092);
#1088 = LINE('',#1089,#1090);
#1089 = CARTESIAN_POINT('',(0.,0.501));
#1090 = VECTOR('',#1091,1.);
#1091 = DIRECTION('',(1.,0.));
#1092 = ( GEOMETRIC_REPRESENTATION_CONTEXT(2) 
PARAMETRIC_REPRESENTATION_CONTEXT() REPRESENTATION_CONTEXT('2D SPACE',''
  ) );
#1093 = FACE_BOUND('',#1094,.T.);
#1094 = EDGE_LOOP('',(#1095));
#1095 = ORIENTED_EDGE('',*,*,#1096,.F.);
#1096 = EDGE_CURVE('',#1097,#1097,#1099,.T.);
#1097 = VERTEX_POINT('',#1098);
#1098 = CARTESIAN_POINT('',(0.675,3.562776775693,9.25));
#1099 = SURFACE_CURVE('',#1100,(#1105,#1112),.PCURVE_S1.);
#1100 = CIRCLE('',#1101,0.675);
#1101 = AXIS2_PLACEMENT_3D('',#1102,#1103,#1104);
#1102 = CARTESIAN_POINT('',(8.036021573641E-16,3.562776775693,9.25));
#1103 = DIRECTION('',(0.,0.,1.));
#1104 = DIRECTION('',(1.,0.,-0.));
#1105 = PCURVE('',#841,#1106);
#1106 = DEFINITIONAL_REPRESENTATION('',(#1107),#1111);
#1107 = CIRCLE('',#1108,0.675);
#1108 = AXIS2_PLACEMENT_2D('',#1109,#1110);
#1109 = CARTESIAN_POINT('',(2.143131898508E-16,3.5));
#1110 = DIRECTION('',(1.,0.));
#1111 = ( GEOMETRIC_REPRESENTATION_CONTEXT(2) 
PARAMETRIC_REPRESENTATION_CONTEXT() REPRESENTATION_CONTEXT('2D SPACE',''
  ) );
#1112 = PCURVE('',#1113,#1118);
#1113 = CYLINDRICAL_SURFACE('',#1114,0.675);
#1114 = AXIS2_PLACEMENT_3D('',#1115,#1116,#1117);
#1115 = CARTESIAN_POINT('',(8.036021573641E-16,3.562776775693,8.749));
#1116 = DIRECTION('',(0.,0.,1.));
#1117 = DIRECTION('',(1.,0.,0.));
#1118 = DEFINITIONAL_REPRESENTATION('',(#1119),#1123);
#1119 = LINE('',#1120,#1121);
#1120 = CARTESIAN_POINT('',(0.,0.501));
#1121 = VECTOR('',#1122,1.);
#1122 = DIRECTION('',(1.,0.));
#1123 = ( GEOMETRIC_REPRESENTATION_CONTEXT(2) 
PARAMETRIC_REPRESENTATION_CONTEXT() REPRESENTATION_CONTEXT('2D SPACE',''
  ) );
#1124 = FACE_BOUND('',#1125,.T.);
#1125 = EDGE_LOOP('',(#1126));
#1126 = ORIENTED_EDGE('',*,*,#1127,.F.);
#1127 = EDGE_CURVE('',#1128,#1128,#1130,.T.);
#1128 = VERTEX_POINT('',#1129);
#1129 = CARTESIAN_POINT('',(3.706088913246,1.812776775693,9.25));
#1130 = SURFACE_CURVE('',#1131,(#1136,#1143),.PCURVE_S1.);
#1131 = CIRCLE('',#1132,0.675);
#1132 = AXIS2_PLACEMENT_3D('',#1133,#1134,#1135);
#1133 = CARTESIAN_POINT('',(3.031088913246,1.812776775693,9.25));
#1134 = DIRECTION('',(0.,0.,1.));
#1135 = DIRECTION('',(1.,0.,-0.));
#1136 = PCURVE('',#841,#1137);
#1137 = DEFINITIONAL_REPRESENTATION('',(#1138),#1142);
#1138 = CIRCLE('',#1139,0.675);
#1139 = AXIS2_PLACEMENT_2D('',#1140,#1141);
#1140 = CARTESIAN_POINT('',(3.031088913246,1.75));
#1141 = DIRECTION('',(1.,0.));
#1142 = ( GEOMETRIC_REPRESENTATION_CONTEXT(2) 
PARAMETRIC_REPRESENTATION_CONTEXT() REPRESENTATION_CONTEXT('2D SPACE',''
  ) );
#1143 = PCURVE('',#1144,#1149);
#1144 = CYLINDRICAL_SURFACE('',#1145,0.675);
#1145 = AXIS2_PLACEMENT_3D('',#1146,#1147,#1148);
#1146 = CARTESIAN_POINT('',(3.031088913246,1.812776775693,8.749));
#1147 = DIRECTION('',(0.,0.,1.));
#1148 = DIRECTION('',(1.,0.,0.));
#1149 = DEFINITIONAL_REPRESENTATION('',(#1150),#1154);
#1150 = LINE('',#1151,#1152);
#1151 = CARTESIAN_POINT('',(0.,0.501));
#1152 = VECTOR('',#1153,1.);
#1153 = DIRECTION('',(1.,0.));
#1154 = ( GEOMETRIC_REPRESENTATION_CONTEXT(2) 
PARAMETRIC_REPRESENTATION_CONTEXT() REPRESENTATION_CONTEXT('2D SPACE',''
  ) );
#1155 = ADVANCED_FACE('',(#1156,#1159,#1185,#1211,#1237,#1263,#1289,
    #1315,#1341),#891,.F.);
#1156 = FACE_BOUND('',#1157,.F.);
#1157 = EDGE_LOOP('',(#1158));
#1158 = ORIENTED_EDGE('',*,*,#876,.T.);
#1159 = FACE_BOUND('',#1160,.F.);
#1160 = EDGE_LOOP('',(#1161));
#1161 = ORIENTED_EDGE('',*,*,#1162,.F.);
#1162 = EDGE_CURVE('',#1163,#1163,#1165,.T.);
#1163 = VERTEX_POINT('',#1164);
#1164 = CARTESIAN_POINT('',(0.675,-3.437223224307,8.75));
#1165 = SURFACE_CURVE('',#1166,(#1171,#1178),.PCURVE_S1.);
#1166 = CIRCLE('',#1167,0.675);
#1167 = AXIS2_PLACEMENT_3D('',#1168,#1169,#1170);
#1168 = CARTESIAN_POINT('',(-5.365060203905E-17,-3.437223224307,8.75));
#1169 = DIRECTION('',(0.,0.,1.));
#1170 = DIRECTION('',(1.,0.,-0.));
#1171 = PCURVE('',#891,#1172);
#1172 = DEFINITIONAL_REPRESENTATION('',(#1173),#1177);
#1173 = CIRCLE('',#1174,0.675);
#1174 = AXIS2_PLACEMENT_2D('',#1175,#1176);
#1175 = CARTESIAN_POINT('',(-6.429395695524E-16,-3.5));
#1176 = DIRECTION('',(1.,0.));
#1177 = ( GEOMETRIC_REPRESENTATION_CONTEXT(2) 
PARAMETRIC_REPRESENTATION_CONTEXT() REPRESENTATION_CONTEXT('2D SPACE',''
  ) );
#1178 = PCURVE('',#927,#1179);
#1179 = DEFINITIONAL_REPRESENTATION('',(#1180),#1184);
#1180 = LINE('',#1181,#1182);
#1181 = CARTESIAN_POINT('',(0.,1.E-03));
#1182 = VECTOR('',#1183,1.);
#1183 = DIRECTION('',(1.,0.));
#1184 = ( GEOMETRIC_REPRESENTATION_CONTEXT(2) 
PARAMETRIC_REPRESENTATION_CONTEXT() REPRESENTATION_CONTEXT('2D SPACE',''
  ) );
#1185 = FACE_BOUND('',#1186,.F.);
#1186 = EDGE_LOOP('',(#1187));
#1187 = ORIENTED_EDGE('',*,*,#1188,.F.);
#1188 = EDGE_CURVE('',#1189,#1189,#1191,.T.);
#1189 = VERTEX_POINT('',#1190);
#1190 = CARTESIAN_POINT('',(-2.356088913246,-1.687223224307,8.75));
#1191 = SURFACE_CURVE('',#1192,(#1197,#1204),.PCURVE_S1.);
#1192 = CIRCLE('',#1193,0.675);
#1193 = AXIS2_PLACEMENT_3D('',#1194,#1195,#1196);
#1194 = CARTESIAN_POINT('',(-3.031088913246,-1.687223224307,8.75));
#1195 = DIRECTION('',(0.,0.,1.));
#1196 = DIRECTION('',(1.,0.,-0.));
#1197 = PCURVE('',#891,#1198);
#1198 = DEFINITIONAL_REPRESENTATION('',(#1199),#1203);
#1199 = CIRCLE('',#1200,0.675);
#1200 = AXIS2_PLACEMENT_2D('',#1201,#1202);
#1201 = CARTESIAN_POINT('',(-3.031088913246,-1.75));
#1202 = DIRECTION('',(1.,0.));
#1203 = ( GEOMETRIC_REPRESENTATION_CONTEXT(2) 
PARAMETRIC_REPRESENTATION_CONTEXT() REPRESENTATION_CONTEXT('2D SPACE',''
  ) );
#1204 = PCURVE('',#958,#1205);
#1205 = DEFINITIONAL_REPRESENTATION('',(#1206),#1210);
#1206 = LINE('',#1207,#1208);
#1207 = CARTESIAN_POINT('',(0.,1.E-03));
#1208 = VECTOR('',#1209,1.);
#1209 = DIRECTION('',(1.,0.));
#1210 = ( GEOMETRIC_REPRESENTATION_CONTEXT(2) 
PARAMETRIC_REPRESENTATION_CONTEXT() REPRESENTATION_CONTEXT('2D SPACE',''
  ) );
#1211 = FACE_BOUND('',#1212,.F.);
#1212 = EDGE_LOOP('',(#1213));
#1213 = ORIENTED_EDGE('',*,*,#1214,.F.);
#1214 = EDGE_CURVE('',#1215,#1215,#1217,.T.);
#1215 = VERTEX_POINT('',#1216);
#1216 = CARTESIAN_POINT('',(3.706088913246,-1.687223224307,8.75));
#1217 = SURFACE_CURVE('',#1218,(#1223,#1230),.PCURVE_S1.);
#1218 = CIRCLE('',#1219,0.675);
#1219 = AXIS2_PLACEMENT_3D('',#1220,#1221,#1222);
#1220 = CARTESIAN_POINT('',(3.031088913246,-1.687223224307,8.75));
#1221 = DIRECTION('',(0.,0.,1.));
#1222 = DIRECTION('',(1.,0.,-0.));
#1223 = PCURVE('',#891,#1224);
#1224 = DEFINITIONAL_REPRESENTATION('',(#1225),#1229);
#1225 = CIRCLE('',#1226,0.675);
#1226 = AXIS2_PLACEMENT_2D('',#1227,#1228);
#1227 = CARTESIAN_POINT('',(3.031088913246,-1.75));
#1228 = DIRECTION('',(1.,0.));
#1229 = ( GEOMETRIC_REPRESENTATION_CONTEXT(2) 
PARAMETRIC_REPRESENTATION_CONTEXT() REPRESENTATION_CONTEXT('2D SPACE',''
  ) );
#1230 = PCURVE('',#989,#1231);
#1231 = DEFINITIONAL_REPRESENTATION('',(#1232),#1236);
#1232 = LINE('',#1233,#1234);
#1233 = CARTESIAN_POINT('',(0.,1.E-03));
#1234 = VECTOR('',#1235,1.);
#1235 = DIRECTION('',(1.,0.));
#1236 = ( GEOMETRIC_REPRESENTATION_CONTEXT(2) 
PARAMETRIC_REPRESENTATION_CONTEXT() REPRESENTATION_CONTEXT('2D SPACE',''
  ) );
#1237 = FACE_BOUND('',#1238,.F.);
#1238 = EDGE_LOOP('',(#1239));
#1239 = ORIENTED_EDGE('',*,*,#1240,.F.);
#1240 = EDGE_CURVE('',#1241,#1241,#1243,.T.);
#1241 = VERTEX_POINT('',#1242);
#1242 = CARTESIAN_POINT('',(-2.356088913246,1.812776775693,8.75));
#1243 = SURFACE_CURVE('',#1244,(#1249,#1256),.PCURVE_S1.);
#1244 = CIRCLE('',#1245,0.675);
#1245 = AXIS2_PLACEMENT_3D('',#1246,#1247,#1248);
#1246 = CARTESIAN_POINT('',(-3.031088913246,1.812776775693,8.75));
#1247 = DIRECTION('',(0.,0.,1.));
#1248 = DIRECTION('',(1.,0.,-0.));
#1249 = PCURVE('',#891,#1250);
#1250 = DEFINITIONAL_REPRESENTATION('',(#1251),#1255);
#1251 = CIRCLE('',#1252,0.675);
#1252 = AXIS2_PLACEMENT_2D('',#1253,#1254);
#1253 = CARTESIAN_POINT('',(-3.031088913246,1.75));
#1254 = DIRECTION('',(1.,0.));
#1255 = ( GEOMETRIC_REPRESENTATION_CONTEXT(2) 
PARAMETRIC_REPRESENTATION_CONTEXT() REPRESENTATION_CONTEXT('2D SPACE',''
  ) );
#1256 = PCURVE('',#1020,#1257);
#1257 = DEFINITIONAL_REPRESENTATION('',(#1258),#1262);
#1258 = LINE('',#1259,#1260);
#1259 = CARTESIAN_POINT('',(0.,1.E-03));
#1260 = VECTOR('',#1261,1.);
#1261 = DIRECTION('',(1.,0.));
#1262 = ( GEOMETRIC_REPRESENTATION_CONTEXT(2) 
PARAMETRIC_REPRESENTATION_CONTEXT() REPRESENTATION_CONTEXT('2D SPACE',''
  ) );
#1263 = FACE_BOUND('',#1264,.F.);
#1264 = EDGE_LOOP('',(#1265));
#1265 = ORIENTED_EDGE('',*,*,#1266,.F.);
#1266 = EDGE_CURVE('',#1267,#1267,#1269,.T.);
#1267 = VERTEX_POINT('',#1268);
#1268 = CARTESIAN_POINT('',(1.112,6.27767756926E-02,8.75));
#1269 = SURFACE_CURVE('',#1270,(#1275,#1282),.PCURVE_S1.);
#1270 = CIRCLE('',#1271,1.112);
#1271 = AXIS2_PLACEMENT_3D('',#1272,#1273,#1274);
#1272 = CARTESIAN_POINT('',(5.892889675133E-16,6.27767756926E-02,8.75));
#1273 = DIRECTION('',(0.,0.,1.));
#1274 = DIRECTION('',(1.,0.,-0.));
#1275 = PCURVE('',#891,#1276);
#1276 = DEFINITIONAL_REPRESENTATION('',(#1277),#1281);
#1277 = CIRCLE('',#1278,1.112);
#1278 = AXIS2_PLACEMENT_2D('',#1279,#1280);
#1279 = CARTESIAN_POINT('',(0.,0.));
#1280 = DIRECTION('',(1.,0.));
#1281 = ( GEOMETRIC_REPRESENTATION_CONTEXT(2) 
PARAMETRIC_REPRESENTATION_CONTEXT() REPRESENTATION_CONTEXT('2D SPACE',''
  ) );
#1282 = PCURVE('',#1051,#1283);
#1283 = DEFINITIONAL_REPRESENTATION('',(#1284),#1288);
#1284 = LINE('',#1285,#1286);
#1285 = CARTESIAN_POINT('',(0.,1.E-03));
#1286 = VECTOR('',#1287,1.);
#1287 = DIRECTION('',(1.,0.));
#1288 = ( GEOMETRIC_REPRESENTATION_CONTEXT(2) 
PARAMETRIC_REPRESENTATION_CONTEXT() REPRESENTATION_CONTEXT('2D SPACE',''
  ) );
#1289 = FACE_BOUND('',#1290,.F.);
#1290 = EDGE_LOOP('',(#1291));
#1291 = ORIENTED_EDGE('',*,*,#1292,.F.);
#1292 = EDGE_CURVE('',#1293,#1293,#1295,.T.);
#1293 = VERTEX_POINT('',#1294);
#1294 = CARTESIAN_POINT('',(0.8,2.062776775693,8.75));
#1295 = SURFACE_CURVE('',#1296,(#1301,#1308),.PCURVE_S1.);
#1296 = CIRCLE('',#1297,0.8);
#1297 = AXIS2_PLACEMENT_3D('',#1298,#1299,#1300);
#1298 = CARTESIAN_POINT('',(7.11753647428E-16,2.062776775693,8.75));
#1299 = DIRECTION('',(0.,0.,1.));
#1300 = DIRECTION('',(1.,0.,-0.));
#1301 = PCURVE('',#891,#1302);
#1302 = DEFINITIONAL_REPRESENTATION('',(#1303),#1307);
#1303 = CIRCLE('',#1304,0.8);
#1304 = AXIS2_PLACEMENT_2D('',#1305,#1306);
#1305 = CARTESIAN_POINT('',(1.224646799147E-16,2.));
#1306 = DIRECTION('',(1.,0.));
#1307 = ( GEOMETRIC_REPRESENTATION_CONTEXT(2) 
PARAMETRIC_REPRESENTATION_CONTEXT() REPRESENTATION_CONTEXT('2D SPACE',''
  ) );
#1308 = PCURVE('',#1082,#1309);
#1309 = DEFINITIONAL_REPRESENTATION('',(#1310),#1314);
#1310 = LINE('',#1311,#1312);
#1311 = CARTESIAN_POINT('',(0.,1.E-03));
#1312 = VECTOR('',#1313,1.);
#1313 = DIRECTION('',(1.,0.));
#1314 = ( GEOMETRIC_REPRESENTATION_CONTEXT(2) 
PARAMETRIC_REPRESENTATION_CONTEXT() REPRESENTATION_CONTEXT('2D SPACE',''
  ) );
#1315 = FACE_BOUND('',#1316,.F.);
#1316 = EDGE_LOOP('',(#1317));
#1317 = ORIENTED_EDGE('',*,*,#1318,.F.);
#1318 = EDGE_CURVE('',#1319,#1319,#1321,.T.);
#1319 = VERTEX_POINT('',#1320);
#1320 = CARTESIAN_POINT('',(0.675,3.562776775693,8.75));
#1321 = SURFACE_CURVE('',#1322,(#1327,#1334),.PCURVE_S1.);
#1322 = CIRCLE('',#1323,0.675);
#1323 = AXIS2_PLACEMENT_3D('',#1324,#1325,#1326);
#1324 = CARTESIAN_POINT('',(8.036021573641E-16,3.562776775693,8.75));
#1325 = DIRECTION('',(0.,0.,1.));
#1326 = DIRECTION('',(1.,0.,-0.));
#1327 = PCURVE('',#891,#1328);
#1328 = DEFINITIONAL_REPRESENTATION('',(#1329),#1333);
#1329 = CIRCLE('',#1330,0.675);
#1330 = AXIS2_PLACEMENT_2D('',#1331,#1332);
#1331 = CARTESIAN_POINT('',(2.143131898508E-16,3.5));
#1332 = DIRECTION('',(1.,0.));
#1333 = ( GEOMETRIC_REPRESENTATION_CONTEXT(2) 
PARAMETRIC_REPRESENTATION_CONTEXT() REPRESENTATION_CONTEXT('2D SPACE',''
  ) );
#1334 = PCURVE('',#1113,#1335);
#1335 = DEFINITIONAL_REPRESENTATION('',(#1336),#1340);
#1336 = LINE('',#1337,#1338);
#1337 = CARTESIAN_POINT('',(0.,1.E-03));
#1338 = VECTOR('',#1339,1.);
#1339 = DIRECTION('',(1.,0.));
#1340 = ( GEOMETRIC_REPRESENTATION_CONTEXT(2) 
PARAMETRIC_REPRESENTATION_CONTEXT() REPRESENTATION_CONTEXT('2D SPACE',''
  ) );
#1341 = FACE_BOUND('',#1342,.F.);
#1342 = EDGE_LOOP('',(#1343));
#1343 = ORIENTED_EDGE('',*,*,#1344,.F.);
#1344 = EDGE_CURVE('',#1345,#1345,#1347,.T.);
#1345 = VERTEX_POINT('',#1346);
#1346 = CARTESIAN_POINT('',(3.706088913246,1.812776775693,8.75));
#1347 = SURFACE_CURVE('',#1348,(#1353,#1360),.PCURVE_S1.);
#1348 = CIRCLE('',#1349,0.675);
#1349 = AXIS2_PLACEMENT_3D('',#1350,#1351,#1352);
#1350 = CARTESIAN_POINT('',(3.031088913246,1.812776775693,8.75));
#1351 = DIRECTION('',(0.,0.,1.));
#1352 = DIRECTION('',(1.,0.,-0.));
#1353 = PCURVE('',#891,#1354);
#1354 = DEFINITIONAL_REPRESENTATION('',(#1355),#1359);
#1355 = CIRCLE('',#1356,0.675);
#1356 = AXIS2_PLACEMENT_2D('',#1357,#1358);
#1357 = CARTESIAN_POINT('',(3.031088913246,1.75));
#1358 = DIRECTION('',(1.,0.));
#1359 = ( GEOMETRIC_REPRESENTATION_CONTEXT(2) 
PARAMETRIC_REPRESENTATION_CONTEXT() REPRESENTATION_CONTEXT('2D SPACE',''
  ) );
#1360 = PCURVE('',#1144,#1361);
#1361 = DEFINITIONAL_REPRESENTATION('',(#1362),#1366);
#1362 = LINE('',#1363,#1364);
#1363 = CARTESIAN_POINT('',(0.,1.E-03));
#1364 = VECTOR('',#1365,1.);
#1365 = DIRECTION('',(1.,0.));
#1366 = ( GEOMETRIC_REPRESENTATION_CONTEXT(2) 
PARAMETRIC_REPRESENTATION_CONTEXT() REPRESENTATION_CONTEXT('2D SPACE',''
  ) );
#1367 = ADVANCED_FACE('',(#1368),#927,.F.);
#1368 = FACE_BOUND('',#1369,.F.);
#1369 = EDGE_LOOP('',(#1370,#1371,#1392,#1393));
#1370 = ORIENTED_EDGE('',*,*,#910,.F.);
#1371 = ORIENTED_EDGE('',*,*,#1372,.F.);
#1372 = EDGE_CURVE('',#1163,#911,#1373,.T.);
#1373 = SEAM_CURVE('',#1374,(#1378,#1385),.PCURVE_S1.);
#1374 = LINE('',#1375,#1376);
#1375 = CARTESIAN_POINT('',(0.675,-3.437223224307,8.749));
#1376 = VECTOR('',#1377,1.);
#1377 = DIRECTION('',(0.,0.,1.));
#1378 = PCURVE('',#927,#1379);
#1379 = DEFINITIONAL_REPRESENTATION('',(#1380),#1384);
#1380 = LINE('',#1381,#1382);
#1381 = CARTESIAN_POINT('',(6.28318530718,-0.));
#1382 = VECTOR('',#1383,1.);
#1383 = DIRECTION('',(0.,1.));
#1384 = ( GEOMETRIC_REPRESENTATION_CONTEXT(2) 
PARAMETRIC_REPRESENTATION_CONTEXT() REPRESENTATION_CONTEXT('2D SPACE',''
  ) );
#1385 = PCURVE('',#927,#1386);
#1386 = DEFINITIONAL_REPRESENTATION('',(#1387),#1391);
#1387 = LINE('',#1388,#1389);
#1388 = CARTESIAN_POINT('',(0.,-0.));
#1389 = VECTOR('',#1390,1.);
#1390 = DIRECTION('',(0.,1.));
#1391 = ( GEOMETRIC_REPRESENTATION_CONTEXT(2) 
PARAMETRIC_REPRESENTATION_CONTEXT() REPRESENTATION_CONTEXT('2D SPACE',''
  ) );
#1392 = ORIENTED_EDGE('',*,*,#1162,.T.);
#1393 = ORIENTED_EDGE('',*,*,#1372,.T.);
#1394 = ADVANCED_FACE('',(#1395),#958,.F.);
#1395 = FACE_BOUND('',#1396,.F.);
#1396 = EDGE_LOOP('',(#1397,#1398,#1419,#1420));
#1397 = ORIENTED_EDGE('',*,*,#941,.F.);
#1398 = ORIENTED_EDGE('',*,*,#1399,.F.);
#1399 = EDGE_CURVE('',#1189,#942,#1400,.T.);
#1400 = SEAM_CURVE('',#1401,(#1405,#1412),.PCURVE_S1.);
#1401 = LINE('',#1402,#1403);
#1402 = CARTESIAN_POINT('',(-2.356088913246,-1.687223224307,8.749));
#1403 = VECTOR('',#1404,1.);
#1404 = DIRECTION('',(0.,0.,1.));
#1405 = PCURVE('',#958,#1406);
#1406 = DEFINITIONAL_REPRESENTATION('',(#1407),#1411);
#1407 = LINE('',#1408,#1409);
#1408 = CARTESIAN_POINT('',(6.28318530718,-0.));
#1409 = VECTOR('',#1410,1.);
#1410 = DIRECTION('',(0.,1.));
#1411 = ( GEOMETRIC_REPRESENTATION_CONTEXT(2) 
PARAMETRIC_REPRESENTATION_CONTEXT() REPRESENTATION_CONTEXT('2D SPACE',''
  ) );
#1412 = PCURVE('',#958,#1413);
#1413 = DEFINITIONAL_REPRESENTATION('',(#1414),#1418);
#1414 = LINE('',#1415,#1416);
#1415 = CARTESIAN_POINT('',(0.,-0.));
#1416 = VECTOR('',#1417,1.);
#1417 = DIRECTION('',(0.,1.));
#1418 = ( GEOMETRIC_REPRESENTATION_CONTEXT(2) 
PARAMETRIC_REPRESENTATION_CONTEXT() REPRESENTATION_CONTEXT('2D SPACE',''
  ) );
#1419 = ORIENTED_EDGE('',*,*,#1188,.T.);
#1420 = ORIENTED_EDGE('',*,*,#1399,.T.);
#1421 = ADVANCED_FACE('',(#1422),#989,.F.);
#1422 = FACE_BOUND('',#1423,.F.);
#1423 = EDGE_LOOP('',(#1424,#1425,#1446,#1447));
#1424 = ORIENTED_EDGE('',*,*,#972,.F.);
#1425 = ORIENTED_EDGE('',*,*,#1426,.F.);
#1426 = EDGE_CURVE('',#1215,#973,#1427,.T.);
#1427 = SEAM_CURVE('',#1428,(#1432,#1439),.PCURVE_S1.);
#1428 = LINE('',#1429,#1430);
#1429 = CARTESIAN_POINT('',(3.706088913246,-1.687223224307,8.749));
#1430 = VECTOR('',#1431,1.);
#1431 = DIRECTION('',(0.,0.,1.));
#1432 = PCURVE('',#989,#1433);
#1433 = DEFINITIONAL_REPRESENTATION('',(#1434),#1438);
#1434 = LINE('',#1435,#1436);
#1435 = CARTESIAN_POINT('',(6.28318530718,-0.));
#1436 = VECTOR('',#1437,1.);
#1437 = DIRECTION('',(0.,1.));
#1438 = ( GEOMETRIC_REPRESENTATION_CONTEXT(2) 
PARAMETRIC_REPRESENTATION_CONTEXT() REPRESENTATION_CONTEXT('2D SPACE',''
  ) );
#1439 = PCURVE('',#989,#1440);
#1440 = DEFINITIONAL_REPRESENTATION('',(#1441),#1445);
#1441 = LINE('',#1442,#1443);
#1442 = CARTESIAN_POINT('',(0.,-0.));
#1443 = VECTOR('',#1444,1.);
#1444 = DIRECTION('',(0.,1.));
#1445 = ( GEOMETRIC_REPRESENTATION_CONTEXT(2) 
PARAMETRIC_REPRESENTATION_CONTEXT() REPRESENTATION_CONTEXT('2D SPACE',''
  ) );
#1446 = ORIENTED_EDGE('',*,*,#1214,.T.);
#1447 = ORIENTED_EDGE('',*,*,#1426,.T.);
#1448 = ADVANCED_FACE('',(#1449),#1020,.F.);
#1449 = FACE_BOUND('',#1450,.F.);
#1450 = EDGE_LOOP('',(#1451,#1452,#1473,#1474));
#1451 = ORIENTED_EDGE('',*,*,#1003,.F.);
#1452 = ORIENTED_EDGE('',*,*,#1453,.F.);
#1453 = EDGE_CURVE('',#1241,#1004,#1454,.T.);
#1454 = SEAM_CURVE('',#1455,(#1459,#1466),.PCURVE_S1.);
#1455 = LINE('',#1456,#1457);
#1456 = CARTESIAN_POINT('',(-2.356088913246,1.812776775693,8.749));
#1457 = VECTOR('',#1458,1.);
#1458 = DIRECTION('',(0.,0.,1.));
#1459 = PCURVE('',#1020,#1460);
#1460 = DEFINITIONAL_REPRESENTATION('',(#1461),#1465);
#1461 = LINE('',#1462,#1463);
#1462 = CARTESIAN_POINT('',(6.28318530718,-0.));
#1463 = VECTOR('',#1464,1.);
#1464 = DIRECTION('',(0.,1.));
#1465 = ( GEOMETRIC_REPRESENTATION_CONTEXT(2) 
PARAMETRIC_REPRESENTATION_CONTEXT() REPRESENTATION_CONTEXT('2D SPACE',''
  ) );
#1466 = PCURVE('',#1020,#1467);
#1467 = DEFINITIONAL_REPRESENTATION('',(#1468),#1472);
#1468 = LINE('',#1469,#1470);
#1469 = CARTESIAN_POINT('',(0.,-0.));
#1470 = VECTOR('',#1471,1.);
#1471 = DIRECTION('',(0.,1.));
#1472 = ( GEOMETRIC_REPRESENTATION_CONTEXT(2) 
PARAMETRIC_REPRESENTATION_CONTEXT() REPRESENTATION_CONTEXT('2D SPACE',''
  ) );
#1473 = ORIENTED_EDGE('',*,*,#1240,.T.);
#1474 = ORIENTED_EDGE('',*,*,#1453,.T.);
#1475 = ADVANCED_FACE('',(#1476),#1051,.F.);
#1476 = FACE_BOUND('',#1477,.F.);
#1477 = EDGE_LOOP('',(#1478,#1479,#1500,#1501));
#1478 = ORIENTED_EDGE('',*,*,#1034,.F.);
#1479 = ORIENTED_EDGE('',*,*,#1480,.F.);
#1480 = EDGE_CURVE('',#1267,#1035,#1481,.T.);
#1481 = SEAM_CURVE('',#1482,(#1486,#1493),.PCURVE_S1.);
#1482 = LINE('',#1483,#1484);
#1483 = CARTESIAN_POINT('',(1.112,6.27767756926E-02,8.749));
#1484 = VECTOR('',#1485,1.);
#1485 = DIRECTION('',(0.,0.,1.));
#1486 = PCURVE('',#1051,#1487);
#1487 = DEFINITIONAL_REPRESENTATION('',(#1488),#1492);
#1488 = LINE('',#1489,#1490);
#1489 = CARTESIAN_POINT('',(6.28318530718,-0.));
#1490 = VECTOR('',#1491,1.);
#1491 = DIRECTION('',(0.,1.));
#1492 = ( GEOMETRIC_REPRESENTATION_CONTEXT(2) 
PARAMETRIC_REPRESENTATION_CONTEXT() REPRESENTATION_CONTEXT('2D SPACE',''
  ) );
#1493 = PCURVE('',#1051,#1494);
#1494 = DEFINITIONAL_REPRESENTATION('',(#1495),#1499);
#1495 = LINE('',#1496,#1497);
#1496 = CARTESIAN_POINT('',(0.,-0.));
#1497 = VECTOR('',#1498,1.);
#1498 = DIRECTION('',(0.,1.));
#1499 = ( GEOMETRIC_REPRESENTATION_CONTEXT(2) 
PARAMETRIC_REPRESENTATION_CONTEXT() REPRESENTATION_CONTEXT('2D SPACE',''
  ) );
#1500 = ORIENTED_EDGE('',*,*,#1266,.T.);
#1501 = ORIENTED_EDGE('',*,*,#1480,.T.);
#1502 = ADVANCED_FACE('',(#1503),#1082,.F.);
#1503 = FACE_BOUND('',#1504,.F.);
#1504 = EDGE_LOOP('',(#1505,#1506,#1527,#1528));
#1505 = ORIENTED_EDGE('',*,*,#1065,.F.);
#1506 = ORIENTED_EDGE('',*,*,#1507,.F.);
#1507 = EDGE_CURVE('',#1293,#1066,#1508,.T.);
#1508 = SEAM_CURVE('',#1509,(#1513,#1520),.PCURVE_S1.);
#1509 = LINE('',#1510,#1511);
#1510 = CARTESIAN_POINT('',(0.8,2.062776775693,8.749));
#1511 = VECTOR('',#1512,1.);
#1512 = DIRECTION('',(0.,0.,1.));
#1513 = PCURVE('',#1082,#1514);
#1514 = DEFINITIONAL_REPRESENTATION('',(#1515),#1519);
#1515 = LINE('',#1516,#1517);
#1516 = CARTESIAN_POINT('',(6.28318530718,-0.));
#1517 = VECTOR('',#1518,1.);
#1518 = DIRECTION('',(0.,1.));
#1519 = ( GEOMETRIC_REPRESENTATION_CONTEXT(2) 
PARAMETRIC_REPRESENTATION_CONTEXT() REPRESENTATION_CONTEXT('2D SPACE',''
  ) );
#1520 = PCURVE('',#1082,#1521);
#1521 = DEFINITIONAL_REPRESENTATION('',(#1522),#1526);
#1522 = LINE('',#1523,#1524);
#1523 = CARTESIAN_POINT('',(0.,-0.));
#1524 = VECTOR('',#1525,1.);
#1525 = DIRECTION('',(0.,1.));
#1526 = ( GEOMETRIC_REPRESENTATION_CONTEXT(2) 
PARAMETRIC_REPRESENTATION_CONTEXT() REPRESENTATION_CONTEXT('2D SPACE',''
  ) );
#1527 = ORIENTED_EDGE('',*,*,#1292,.T.);
#1528 = ORIENTED_EDGE('',*,*,#1507,.T.);
#1529 = ADVANCED_FACE('',(#1530),#1113,.F.);
#1530 = FACE_BOUND('',#1531,.F.);
#1531 = EDGE_LOOP('',(#1532,#1533,#1554,#1555));
#1532 = ORIENTED_EDGE('',*,*,#1096,.F.);
#1533 = ORIENTED_EDGE('',*,*,#1534,.F.);
#1534 = EDGE_CURVE('',#1319,#1097,#1535,.T.);
#1535 = SEAM_CURVE('',#1536,(#1540,#1547),.PCURVE_S1.);
#1536 = LINE('',#1537,#1538);
#1537 = CARTESIAN_POINT('',(0.675,3.562776775693,8.749));
#1538 = VECTOR('',#1539,1.);
#1539 = DIRECTION('',(0.,0.,1.));
#1540 = PCURVE('',#1113,#1541);
#1541 = DEFINITIONAL_REPRESENTATION('',(#1542),#1546);
#1542 = LINE('',#1543,#1544);
#1543 = CARTESIAN_POINT('',(6.28318530718,-0.));
#1544 = VECTOR('',#1545,1.);
#1545 = DIRECTION('',(0.,1.));
#1546 = ( GEOMETRIC_REPRESENTATION_CONTEXT(2) 
PARAMETRIC_REPRESENTATION_CONTEXT() REPRESENTATION_CONTEXT('2D SPACE',''
  ) );
#1547 = PCURVE('',#1113,#1548);
#1548 = DEFINITIONAL_REPRESENTATION('',(#1549),#1553);
#1549 = LINE('',#1550,#1551);
#1550 = CARTESIAN_POINT('',(0.,-0.));
#1551 = VECTOR('',#1552,1.);
#1552 = DIRECTION('',(0.,1.));
#1553 = ( GEOMETRIC_REPRESENTATION_CONTEXT(2) 
PARAMETRIC_REPRESENTATION_CONTEXT() REPRESENTATION_CONTEXT('2D SPACE',''
  ) );
#1554 = ORIENTED_EDGE('',*,*,#1318,.T.);
#1555 = ORIENTED_EDGE('',*,*,#1534,.T.);
#1556 = ADVANCED_FACE('',(#1557),#1144,.F.);
#1557 = FACE_BOUND('',#1558,.F.);
#1558 = EDGE_LOOP('',(#1559,#1560,#1581,#1582));
#1559 = ORIENTED_EDGE('',*,*,#1127,.F.);
#1560 = ORIENTED_EDGE('',*,*,#1561,.F.);
#1561 = EDGE_CURVE('',#1345,#1128,#1562,.T.);
#1562 = SEAM_CURVE('',#1563,(#1567,#1574),.PCURVE_S1.);
#1563 = LINE('',#1564,#1565);
#1564 = CARTESIAN_POINT('',(3.706088913246,1.812776775693,8.749));
#1565 = VECTOR('',#1566,1.);
#1566 = DIRECTION('',(0.,0.,1.));
#1567 = PCURVE('',#1144,#1568);
#1568 = DEFINITIONAL_REPRESENTATION('',(#1569),#1573);
#1569 = LINE('',#1570,#1571);
#1570 = CARTESIAN_POINT('',(6.28318530718,-0.));
#1571 = VECTOR('',#1572,1.);
#1572 = DIRECTION('',(0.,1.));
#1573 = ( GEOMETRIC_REPRESENTATION_CONTEXT(2) 
PARAMETRIC_REPRESENTATION_CONTEXT() REPRESENTATION_CONTEXT('2D SPACE',''
  ) );
#1574 = PCURVE('',#1144,#1575);
#1575 = DEFINITIONAL_REPRESENTATION('',(#1576),#1580);
#1576 = LINE('',#1577,#1578);
#1577 = CARTESIAN_POINT('',(0.,-0.));
#1578 = VECTOR('',#1579,1.);
#1579 = DIRECTION('',(0.,1.));
#1580 = ( GEOMETRIC_REPRESENTATION_CONTEXT(2) 
PARAMETRIC_REPRESENTATION_CONTEXT() REPRESENTATION_CONTEXT('2D SPACE',''
  ) );
#1581 = ORIENTED_EDGE('',*,*,#1344,.T.);
#1582 = ORIENTED_EDGE('',*,*,#1561,.T.);
#1583 = ( GEOMETRIC_REPRESENTATION_CONTEXT(3) 
GLOBAL_UNCERTAINTY_ASSIGNED_CONTEXT((#1587)) 
GLOBAL_UNIT_ASSIGNED_CONTEXT((#1584,#1585,#1586)) REPRESENTATION_CONTEXT
('Context #1','3D Context with UNIT and UNCERTAINTY') );
#1584 = ( LENGTH_UNIT() NAMED_UNIT(*) SI_UNIT(.MILLI.,.METRE.) );
#1585 = ( NAMED_UNIT(*) PLANE_ANGLE_UNIT() SI_UNIT($,.RADIAN.) );
#1586 = ( NAMED_UNIT(*) SI_UNIT($,.STERADIAN.) SOLID_ANGLE_UNIT() );
#1587 = UNCERTAINTY_MEASURE_WITH_UNIT(LENGTH_MEASURE(1.E-07),#1584,
  'distance_accuracy_value','confusion accuracy');
#1588 = CONTEXT_DEPENDENT_SHAPE_REPRESENTATION(#1589,#1591);
#1589 = ( REPRESENTATION_RELATIONSHIP('','',#812,#36) 
REPRESENTATION_RELATIONSHIP_WITH_TRANSFORMATION(#1590) 
SHAPE_REPRESENTATION_RELATIONSHIP() );
#1590 = ITEM_DEFINED_TRANSFORMATION('','',#11,#41);
#1591 = PRODUCT_DEFINITION_SHAPE('Placement','Placement of an item',
  #1592);
#1592 = NEXT_ASSEMBLY_USAGE_OCCURRENCE('7','','',#31,#807,$);
#1593 = PRODUCT_RELATED_PRODUCT_CATEGORY('part',$,(#809));
#1594 = SHAPE_DEFINITION_REPRESENTATION(#1595,#1601);
#1595 = PRODUCT_DEFINITION_SHAPE('','',#1596);
#1596 = PRODUCT_DEFINITION('design','',#1597,#1600);
#1597 = PRODUCT_DEFINITION_FORMATION('','',#1598);
#1598 = PRODUCT('Open CASCADE STEP translator 7.8 2.2',
  'Open CASCADE STEP translator 7.8 2.2','',(#1599));
#1599 = PRODUCT_CONTEXT('',#2,'mechanical');
#1600 = PRODUCT_DEFINITION_CONTEXT('part definition',#2,'design');
#1601 = ADVANCED_BREP_SHAPE_REPRESENTATION('',(#11,#1602),#2372);
#1602 = MANIFOLD_SOLID_BREP('',#1603);
#1603 = CLOSED_SHELL('',(#1604,#1692,#1944,#2156,#2183,#2210,#2237,#2264
    ,#2291,#2318,#2345));
#1604 = ADVANCED_FACE('',(#1605),#1618,.T.);
#1605 = FACE_BOUND('',#1606,.T.);
#1606 = EDGE_LOOP('',(#1607,#1641,#1664,#1691));
#1607 = ORIENTED_EDGE('',*,*,#1608,.F.);
#1608 = EDGE_CURVE('',#1609,#1609,#1611,.T.);
#1609 = VERTEX_POINT('',#1610);
#1610 = CARTESIAN_POINT('',(5.,6.27767756926E-02,9.25));
#1611 = SURFACE_CURVE('',#1612,(#1617,#1629),.PCURVE_S1.);
#1612 = CIRCLE('',#1613,5.);
#1613 = AXIS2_PLACEMENT_3D('',#1614,#1615,#1616);
#1614 = CARTESIAN_POINT('',(5.892889675133E-16,6.27767756926E-02,9.25));
#1615 = DIRECTION('',(0.,0.,1.));
#1616 = DIRECTION('',(1.,0.,0.));
#1617 = PCURVE('',#1618,#1623);
#1618 = CYLINDRICAL_SURFACE('',#1619,5.);
#1619 = AXIS2_PLACEMENT_3D('',#1620,#1621,#1622);
#1620 = CARTESIAN_POINT('',(5.892889675133E-16,6.27767756926E-02,8.75));
#1621 = DIRECTION('',(0.,0.,1.));
#1622 = DIRECTION('',(1.,0.,0.));
#1623 = DEFINITIONAL_REPRESENTATION('',(#1624),#1628);
#1624 = LINE('',#1625,#1626);
#1625 = CARTESIAN_POINT('',(0.,0.5));
#1626 = VECTOR('',#1627,1.);
#1627 = DIRECTION('',(1.,0.));
#1628 = ( GEOMETRIC_REPRESENTATION_CONTEXT(2) 
PARAMETRIC_REPRESENTATION_CONTEXT() REPRESENTATION_CONTEXT('2D SPACE',''
  ) );
#1629 = PCURVE('',#1630,#1635);
#1630 = PLANE('',#1631);
#1631 = AXIS2_PLACEMENT_3D('',#1632,#1633,#1634);
#1632 = CARTESIAN_POINT('',(5.892889675133E-16,6.27767756926E-02,9.25));
#1633 = DIRECTION('',(0.,0.,1.));
#1634 = DIRECTION('',(1.,0.,0.));
#1635 = DEFINITIONAL_REPRESENTATION('',(#1636),#1640);
#1636 = CIRCLE('',#1637,5.);
#1637 = AXIS2_PLACEMENT_2D('',#1638,#1639);
#1638 = CARTESIAN_POINT('',(0.,0.));
#1639 = DIRECTION('',(1.,0.));
#1640 = ( GEOMETRIC_REPRESENTATION_CONTEXT(2) 
PARAMETRIC_REPRESENTATION_CONTEXT() REPRESENTATION_CONTEXT('2D SPACE',''
  ) );
#1641 = ORIENTED_EDGE('',*,*,#1642,.F.);
#1642 = EDGE_CURVE('',#1643,#1609,#1645,.T.);
#1643 = VERTEX_POINT('',#1644);
#1644 = CARTESIAN_POINT('',(5.,6.27767756926E-02,8.75));
#1645 = SEAM_CURVE('',#1646,(#1650,#1657),.PCURVE_S1.);
#1646 = LINE('',#1647,#1648);
#1647 = CARTESIAN_POINT('',(5.,6.27767756926E-02,8.75));
#1648 = VECTOR('',#1649,1.);
#1649 = DIRECTION('',(0.,0.,1.));
#1650 = PCURVE('',#1618,#1651);
#1651 = DEFINITIONAL_REPRESENTATION('',(#1652),#1656);
#1652 = LINE('',#1653,#1654);
#1653 = CARTESIAN_POINT('',(6.28318530718,-0.));
#1654 = VECTOR('',#1655,1.);
#1655 = DIRECTION('',(0.,1.));
#1656 = ( GEOMETRIC_REPRESENTATION_CONTEXT(2) 
PARAMETRIC_REPRESENTATION_CONTEXT() REPRESENTATION_CONTEXT('2D SPACE',''
  ) );
#1657 = PCURVE('',#1618,#1658);
#1658 = DEFINITIONAL_REPRESENTATION('',(#1659),#1663);
#1659 = LINE('',#1660,#1661);
#1660 = CARTESIAN_POINT('',(0.,-0.));
#1661 = VECTOR('',#1662,1.);
#1662 = DIRECTION('',(0.,1.));
#1663 = ( GEOMETRIC_REPRESENTATION_CONTEXT(2) 
PARAMETRIC_REPRESENTATION_CONTEXT() REPRESENTATION_CONTEXT('2D SPACE',''
  ) );
#1664 = ORIENTED_EDGE('',*,*,#1665,.T.);
#1665 = EDGE_CURVE('',#1643,#1643,#1666,.T.);
#1666 = SURFACE_CURVE('',#1667,(#1672,#1679),.PCURVE_S1.);
#1667 = CIRCLE('',#1668,5.);
#1668 = AXIS2_PLACEMENT_3D('',#1669,#1670,#1671);
#1669 = CARTESIAN_POINT('',(5.892889675133E-16,6.27767756926E-02,8.75));
#1670 = DIRECTION('',(0.,0.,1.));
#1671 = DIRECTION('',(1.,0.,0.));
#1672 = PCURVE('',#1618,#1673);
#1673 = DEFINITIONAL_REPRESENTATION('',(#1674),#1678);
#1674 = LINE('',#1675,#1676);
#1675 = CARTESIAN_POINT('',(0.,0.));
#1676 = VECTOR('',#1677,1.);
#1677 = DIRECTION('',(1.,0.));
#1678 = ( GEOMETRIC_REPRESENTATION_CONTEXT(2) 
PARAMETRIC_REPRESENTATION_CONTEXT() REPRESENTATION_CONTEXT('2D SPACE',''
  ) );
#1679 = PCURVE('',#1680,#1685);
#1680 = PLANE('',#1681);
#1681 = AXIS2_PLACEMENT_3D('',#1682,#1683,#1684);
#1682 = CARTESIAN_POINT('',(5.892889675133E-16,6.27767756926E-02,8.75));
#1683 = DIRECTION('',(0.,0.,1.));
#1684 = DIRECTION('',(1.,0.,0.));
#1685 = DEFINITIONAL_REPRESENTATION('',(#1686),#1690);
#1686 = CIRCLE('',#1687,5.);
#1687 = AXIS2_PLACEMENT_2D('',#1688,#1689);
#1688 = CARTESIAN_POINT('',(0.,0.));
#1689 = DIRECTION('',(1.,0.));
#1690 = ( GEOMETRIC_REPRESENTATION_CONTEXT(2) 
PARAMETRIC_REPRESENTATION_CONTEXT() REPRESENTATION_CONTEXT('2D SPACE',''
  ) );
#1691 = ORIENTED_EDGE('',*,*,#1642,.T.);
#1692 = ADVANCED_FACE('',(#1693,#1696,#1727,#1758,#1789,#1820,#1851,
    #1882,#1913),#1630,.T.);
#1693 = FACE_BOUND('',#1694,.T.);
#1694 = EDGE_LOOP('',(#1695));
#1695 = ORIENTED_EDGE('',*,*,#1608,.T.);
#1696 = FACE_BOUND('',#1697,.T.);
#1697 = EDGE_LOOP('',(#1698));
#1698 = ORIENTED_EDGE('',*,*,#1699,.F.);
#1699 = EDGE_CURVE('',#1700,#1700,#1702,.T.);
#1700 = VERTEX_POINT('',#1701);
#1701 = CARTESIAN_POINT('',(0.675,-3.437223224307,9.25));
#1702 = SURFACE_CURVE('',#1703,(#1708,#1715),.PCURVE_S1.);
#1703 = CIRCLE('',#1704,0.675);
#1704 = AXIS2_PLACEMENT_3D('',#1705,#1706,#1707);
#1705 = CARTESIAN_POINT('',(-5.365060203905E-17,-3.437223224307,9.25));
#1706 = DIRECTION('',(0.,0.,1.));
#1707 = DIRECTION('',(1.,0.,-0.));
#1708 = PCURVE('',#1630,#1709);
#1709 = DEFINITIONAL_REPRESENTATION('',(#1710),#1714);
#1710 = CIRCLE('',#1711,0.675);
#1711 = AXIS2_PLACEMENT_2D('',#1712,#1713);
#1712 = CARTESIAN_POINT('',(-6.429395695524E-16,-3.5));
#1713 = DIRECTION('',(1.,0.));
#1714 = ( GEOMETRIC_REPRESENTATION_CONTEXT(2) 
PARAMETRIC_REPRESENTATION_CONTEXT() REPRESENTATION_CONTEXT('2D SPACE',''
  ) );
#1715 = PCURVE('',#1716,#1721);
#1716 = CYLINDRICAL_SURFACE('',#1717,0.675);
#1717 = AXIS2_PLACEMENT_3D('',#1718,#1719,#1720);
#1718 = CARTESIAN_POINT('',(-5.365060203905E-17,-3.437223224307,8.749));
#1719 = DIRECTION('',(0.,0.,1.));
#1720 = DIRECTION('',(1.,0.,0.));
#1721 = DEFINITIONAL_REPRESENTATION('',(#1722),#1726);
#1722 = LINE('',#1723,#1724);
#1723 = CARTESIAN_POINT('',(0.,0.501));
#1724 = VECTOR('',#1725,1.);
#1725 = DIRECTION('',(1.,0.));
#1726 = ( GEOMETRIC_REPRESENTATION_CONTEXT(2) 
PARAMETRIC_REPRESENTATION_CONTEXT() REPRESENTATION_CONTEXT('2D SPACE',''
  ) );
#1727 = FACE_BOUND('',#1728,.T.);
#1728 = EDGE_LOOP('',(#1729));
#1729 = ORIENTED_EDGE('',*,*,#1730,.F.);
#1730 = EDGE_CURVE('',#1731,#1731,#1733,.T.);
#1731 = VERTEX_POINT('',#1732);
#1732 = CARTESIAN_POINT('',(-2.356088913246,-1.687223224307,9.25));
#1733 = SURFACE_CURVE('',#1734,(#1739,#1746),.PCURVE_S1.);
#1734 = CIRCLE('',#1735,0.675);
#1735 = AXIS2_PLACEMENT_3D('',#1736,#1737,#1738);
#1736 = CARTESIAN_POINT('',(-3.031088913246,-1.687223224307,9.25));
#1737 = DIRECTION('',(0.,0.,1.));
#1738 = DIRECTION('',(1.,0.,-0.));
#1739 = PCURVE('',#1630,#1740);
#1740 = DEFINITIONAL_REPRESENTATION('',(#1741),#1745);
#1741 = CIRCLE('',#1742,0.675);
#1742 = AXIS2_PLACEMENT_2D('',#1743,#1744);
#1743 = CARTESIAN_POINT('',(-3.031088913246,-1.75));
#1744 = DIRECTION('',(1.,0.));
#1745 = ( GEOMETRIC_REPRESENTATION_CONTEXT(2) 
PARAMETRIC_REPRESENTATION_CONTEXT() REPRESENTATION_CONTEXT('2D SPACE',''
  ) );
#1746 = PCURVE('',#1747,#1752);
#1747 = CYLINDRICAL_SURFACE('',#1748,0.675);
#1748 = AXIS2_PLACEMENT_3D('',#1749,#1750,#1751);
#1749 = CARTESIAN_POINT('',(-3.031088913246,-1.687223224307,8.749));
#1750 = DIRECTION('',(0.,0.,1.));
#1751 = DIRECTION('',(1.,0.,0.));
#1752 = DEFINITIONAL_REPRESENTATION('',(#1753),#1757);
#1753 = LINE('',#1754,#1755);
#1754 = CARTESIAN_POINT('',(0.,0.501));
#1755 = VECTOR('',#1756,1.);
#1756 = DIRECTION('',(1.,0.));
#1757 = ( GEOMETRIC_REPRESENTATION_CONTEXT(2) 
PARAMETRIC_REPRESENTATION_CONTEXT() REPRESENTATION_CONTEXT('2D SPACE',''
  ) );
#1758 = FACE_BOUND('',#1759,.T.);
#1759 = EDGE_LOOP('',(#1760));
#1760 = ORIENTED_EDGE('',*,*,#1761,.F.);
#1761 = EDGE_CURVE('',#1762,#1762,#1764,.T.);
#1762 = VERTEX_POINT('',#1763);
#1763 = CARTESIAN_POINT('',(3.706088913246,-1.687223224307,9.25));
#1764 = SURFACE_CURVE('',#1765,(#1770,#1777),.PCURVE_S1.);
#1765 = CIRCLE('',#1766,0.675);
#1766 = AXIS2_PLACEMENT_3D('',#1767,#1768,#1769);
#1767 = CARTESIAN_POINT('',(3.031088913246,-1.687223224307,9.25));
#1768 = DIRECTION('',(0.,0.,1.));
#1769 = DIRECTION('',(1.,0.,-0.));
#1770 = PCURVE('',#1630,#1771);
#1771 = DEFINITIONAL_REPRESENTATION('',(#1772),#1776);
#1772 = CIRCLE('',#1773,0.675);
#1773 = AXIS2_PLACEMENT_2D('',#1774,#1775);
#1774 = CARTESIAN_POINT('',(3.031088913246,-1.75));
#1775 = DIRECTION('',(1.,0.));
#1776 = ( GEOMETRIC_REPRESENTATION_CONTEXT(2) 
PARAMETRIC_REPRESENTATION_CONTEXT() REPRESENTATION_CONTEXT('2D SPACE',''
  ) );
#1777 = PCURVE('',#1778,#1783);
#1778 = CYLINDRICAL_SURFACE('',#1779,0.675);
#1779 = AXIS2_PLACEMENT_3D('',#1780,#1781,#1782);
#1780 = CARTESIAN_POINT('',(3.031088913246,-1.687223224307,8.749));
#1781 = DIRECTION('',(0.,0.,1.));
#1782 = DIRECTION('',(1.,0.,0.));
#1783 = DEFINITIONAL_REPRESENTATION('',(#1784),#1788);
#1784 = LINE('',#1785,#1786);
#1785 = CARTESIAN_POINT('',(0.,0.501));
#1786 = VECTOR('',#1787,1.);
#1787 = DIRECTION('',(1.,0.));
#1788 = ( GEOMETRIC_REPRESENTATION_CONTEXT(2) 
PARAMETRIC_REPRESENTATION_CONTEXT() REPRESENTATION_CONTEXT('2D SPACE',''
  ) );
#1789 = FACE_BOUND('',#1790,.T.);
#1790 = EDGE_LOOP('',(#1791));
#1791 = ORIENTED_EDGE('',*,*,#1792,.F.);
#1792 = EDGE_CURVE('',#1793,#1793,#1795,.T.);
#1793 = VERTEX_POINT('',#1794);
#1794 = CARTESIAN_POINT('',(-2.356088913246,1.812776775693,9.25));
#1795 = SURFACE_CURVE('',#1796,(#1801,#1808),.PCURVE_S1.);
#1796 = CIRCLE('',#1797,0.675);
#1797 = AXIS2_PLACEMENT_3D('',#1798,#1799,#1800);
#1798 = CARTESIAN_POINT('',(-3.031088913246,1.812776775693,9.25));
#1799 = DIRECTION('',(0.,0.,1.));
#1800 = DIRECTION('',(1.,0.,-0.));
#1801 = PCURVE('',#1630,#1802);
#1802 = DEFINITIONAL_REPRESENTATION('',(#1803),#1807);
#1803 = CIRCLE('',#1804,0.675);
#1804 = AXIS2_PLACEMENT_2D('',#1805,#1806);
#1805 = CARTESIAN_POINT('',(-3.031088913246,1.75));
#1806 = DIRECTION('',(1.,0.));
#1807 = ( GEOMETRIC_REPRESENTATION_CONTEXT(2) 
PARAMETRIC_REPRESENTATION_CONTEXT() REPRESENTATION_CONTEXT('2D SPACE',''
  ) );
#1808 = PCURVE('',#1809,#1814);
#1809 = CYLINDRICAL_SURFACE('',#1810,0.675);
#1810 = AXIS2_PLACEMENT_3D('',#1811,#1812,#1813);
#1811 = CARTESIAN_POINT('',(-3.031088913246,1.812776775693,8.749));
#1812 = DIRECTION('',(0.,0.,1.));
#1813 = DIRECTION('',(1.,0.,0.));
#1814 = DEFINITIONAL_REPRESENTATION('',(#1815),#1819);
#1815 = LINE('',#1816,#1817);
#1816 = CARTESIAN_POINT('',(0.,0.501));
#1817 = VECTOR('',#1818,1.);
#1818 = DIRECTION('',(1.,0.));
#1819 = ( GEOMETRIC_REPRESENTATION_CONTEXT(2) 
PARAMETRIC_REPRESENTATION_CONTEXT() REPRESENTATION_CONTEXT('2D SPACE',''
  ) );
#1820 = FACE_BOUND('',#1821,.T.);
#1821 = EDGE_LOOP('',(#1822));
#1822 = ORIENTED_EDGE('',*,*,#1823,.F.);
#1823 = EDGE_CURVE('',#1824,#1824,#1826,.T.);
#1824 = VERTEX_POINT('',#1825);
#1825 = CARTESIAN_POINT('',(1.112,6.27767756926E-02,9.25));
#1826 = SURFACE_CURVE('',#1827,(#1832,#1839),.PCURVE_S1.);
#1827 = CIRCLE('',#1828,1.112);
#1828 = AXIS2_PLACEMENT_3D('',#1829,#1830,#1831);
#1829 = CARTESIAN_POINT('',(5.892889675133E-16,6.27767756926E-02,9.25));
#1830 = DIRECTION('',(0.,0.,1.));
#1831 = DIRECTION('',(1.,0.,-0.));
#1832 = PCURVE('',#1630,#1833);
#1833 = DEFINITIONAL_REPRESENTATION('',(#1834),#1838);
#1834 = CIRCLE('',#1835,1.112);
#1835 = AXIS2_PLACEMENT_2D('',#1836,#1837);
#1836 = CARTESIAN_POINT('',(0.,0.));
#1837 = DIRECTION('',(1.,0.));
#1838 = ( GEOMETRIC_REPRESENTATION_CONTEXT(2) 
PARAMETRIC_REPRESENTATION_CONTEXT() REPRESENTATION_CONTEXT('2D SPACE',''
  ) );
#1839 = PCURVE('',#1840,#1845);
#1840 = CYLINDRICAL_SURFACE('',#1841,1.112);
#1841 = AXIS2_PLACEMENT_3D('',#1842,#1843,#1844);
#1842 = CARTESIAN_POINT('',(5.892889675133E-16,6.27767756926E-02,8.749)
  );
#1843 = DIRECTION('',(0.,0.,1.));
#1844 = DIRECTION('',(1.,0.,0.));
#1845 = DEFINITIONAL_REPRESENTATION('',(#1846),#1850);
#1846 = LINE('',#1847,#1848);
#1847 = CARTESIAN_POINT('',(0.,0.501));
#1848 = VECTOR('',#1849,1.);
#1849 = DIRECTION('',(1.,0.));
#1850 = ( GEOMETRIC_REPRESENTATION_CONTEXT(2) 
PARAMETRIC_REPRESENTATION_CONTEXT() REPRESENTATION_CONTEXT('2D SPACE',''
  ) );
#1851 = FACE_BOUND('',#1852,.T.);
#1852 = EDGE_LOOP('',(#1853));
#1853 = ORIENTED_EDGE('',*,*,#1854,.F.);
#1854 = EDGE_CURVE('',#1855,#1855,#1857,.T.);
#1855 = VERTEX_POINT('',#1856);
#1856 = CARTESIAN_POINT('',(0.8,2.062776775693,9.25));
#1857 = SURFACE_CURVE('',#1858,(#1863,#1870),.PCURVE_S1.);
#1858 = CIRCLE('',#1859,0.8);
#1859 = AXIS2_PLACEMENT_3D('',#1860,#1861,#1862);
#1860 = CARTESIAN_POINT('',(7.11753647428E-16,2.062776775693,9.25));
#1861 = DIRECTION('',(0.,0.,1.));
#1862 = DIRECTION('',(1.,0.,-0.));
#1863 = PCURVE('',#1630,#1864);
#1864 = DEFINITIONAL_REPRESENTATION('',(#1865),#1869);
#1865 = CIRCLE('',#1866,0.8);
#1866 = AXIS2_PLACEMENT_2D('',#1867,#1868);
#1867 = CARTESIAN_POINT('',(1.224646799147E-16,2.));
#1868 = DIRECTION('',(1.,0.));
#1869 = ( GEOMETRIC_REPRESENTATION_CONTEXT(2) 
PARAMETRIC_REPRESENTATION_CONTEXT() REPRESENTATION_CONTEXT('2D SPACE',''
  ) );
#1870 = PCURVE('',#1871,#1876);
#1871 = CYLINDRICAL_SURFACE('',#1872,0.8);
#1872 = AXIS2_PLACEMENT_3D('',#1873,#1874,#1875);
#1873 = CARTESIAN_POINT('',(7.11753647428E-16,2.062776775693,8.749));
#1874 = DIRECTION('',(0.,0.,1.));
#1875 = DIRECTION('',(1.,0.,0.));
#1876 = DEFINITIONAL_REPRESENTATION('',(#1877),#1881);
#1877 = LINE('',#1878,#1879);
#1878 = CARTESIAN_POINT('',(0.,0.501));
#1879 = VECTOR('',#1880,1.);
#1880 = DIRECTION('',(1.,0.));
#1881 = ( GEOMETRIC_REPRESENTATION_CONTEXT(2) 
PARAMETRIC_REPRESENTATION_CONTEXT() REPRESENTATION_CONTEXT('2D SPACE',''
  ) );
#1882 = FACE_BOUND('',#1883,.T.);
#1883 = EDGE_LOOP('',(#1884));
#1884 = ORIENTED_EDGE('',*,*,#1885,.F.);
#1885 = EDGE_CURVE('',#1886,#1886,#1888,.T.);
#1886 = VERTEX_POINT('',#1887);
#1887 = CARTESIAN_POINT('',(0.675,3.562776775693,9.25));
#1888 = SURFACE_CURVE('',#1889,(#1894,#1901),.PCURVE_S1.);
#1889 = CIRCLE('',#1890,0.675);
#1890 = AXIS2_PLACEMENT_3D('',#1891,#1892,#1893);
#1891 = CARTESIAN_POINT('',(8.036021573641E-16,3.562776775693,9.25));
#1892 = DIRECTION('',(0.,0.,1.));
#1893 = DIRECTION('',(1.,0.,-0.));
#1894 = PCURVE('',#1630,#1895);
#1895 = DEFINITIONAL_REPRESENTATION('',(#1896),#1900);
#1896 = CIRCLE('',#1897,0.675);
#1897 = AXIS2_PLACEMENT_2D('',#1898,#1899);
#1898 = CARTESIAN_POINT('',(2.143131898508E-16,3.5));
#1899 = DIRECTION('',(1.,0.));
#1900 = ( GEOMETRIC_REPRESENTATION_CONTEXT(2) 
PARAMETRIC_REPRESENTATION_CONTEXT() REPRESENTATION_CONTEXT('2D SPACE',''
  ) );
#1901 = PCURVE('',#1902,#1907);
#1902 = CYLINDRICAL_SURFACE('',#1903,0.675);
#1903 = AXIS2_PLACEMENT_3D('',#1904,#1905,#1906);
#1904 = CARTESIAN_POINT('',(8.036021573641E-16,3.562776775693,8.749));
#1905 = DIRECTION('',(0.,0.,1.));
#1906 = DIRECTION('',(1.,0.,0.));
#1907 = DEFINITIONAL_REPRESENTATION('',(#1908),#1912);
#1908 = LINE('',#1909,#1910);
#1909 = CARTESIAN_POINT('',(0.,0.501));
#1910 = VECTOR('',#1911,1.);
#1911 = DIRECTION('',(1.,0.));
#1912 = ( GEOMETRIC_REPRESENTATION_CONTEXT(2) 
PARAMETRIC_REPRESENTATION_CONTEXT() REPRESENTATION_CONTEXT('2D SPACE',''
  ) );
#1913 = FACE_BOUND('',#1914,.T.);
#1914 = EDGE_LOOP('',(#1915));
#1915 = ORIENTED_EDGE('',*,*,#1916,.F.);
#1916 = EDGE_CURVE('',#1917,#1917,#1919,.T.);
#1917 = VERTEX_POINT('',#1918);
#1918 = CARTESIAN_POINT('',(3.706088913246,1.812776775693,9.25));
#1919 = SURFACE_CURVE('',#1920,(#1925,#1932),.PCURVE_S1.);
#1920 = CIRCLE('',#1921,0.675);
#1921 = AXIS2_PLACEMENT_3D('',#1922,#1923,#1924);
#1922 = CARTESIAN_POINT('',(3.031088913246,1.812776775693,9.25));
#1923 = DIRECTION('',(0.,0.,1.));
#1924 = DIRECTION('',(1.,0.,-0.));
#1925 = PCURVE('',#1630,#1926);
#1926 = DEFINITIONAL_REPRESENTATION('',(#1927),#1931);
#1927 = CIRCLE('',#1928,0.675);
#1928 = AXIS2_PLACEMENT_2D('',#1929,#1930);
#1929 = CARTESIAN_POINT('',(3.031088913246,1.75));
#1930 = DIRECTION('',(1.,0.));
#1931 = ( GEOMETRIC_REPRESENTATION_CONTEXT(2) 
PARAMETRIC_REPRESENTATION_CONTEXT() REPRESENTATION_CONTEXT('2D SPACE',''
  ) );
#1932 = PCURVE('',#1933,#1938);
#1933 = CYLINDRICAL_SURFACE('',#1934,0.675);
#1934 = AXIS2_PLACEMENT_3D('',#1935,#1936,#1937);
#1935 = CARTESIAN_POINT('',(3.031088913246,1.812776775693,8.749));
#1936 = DIRECTION('',(0.,0.,1.));
#1937 = DIRECTION('',(1.,0.,0.));
#1938 = DEFINITIONAL_REPRESENTATION('',(#1939),#1943);
#1939 = LINE('',#1940,#1941);
#1940 = CARTESIAN_POINT('',(0.,0.501));
#1941 = VECTOR('',#1942,1.);
#1942 = DIRECTION('',(1.,0.));
#1943 = ( GEOMETRIC_REPRESENTATION_CONTEXT(2) 
PARAMETRIC_REPRESENTATION_CONTEXT() REPRESENTATION_CONTEXT('2D SPACE',''
  ) );
#1944 = ADVANCED_FACE('',(#1945,#1948,#1974,#2000,#2026,#2052,#2078,
    #2104,#2130),#1680,.F.);
#1945 = FACE_BOUND('',#1946,.F.);
#1946 = EDGE_LOOP('',(#1947));
#1947 = ORIENTED_EDGE('',*,*,#1665,.T.);
#1948 = FACE_BOUND('',#1949,.F.);
#1949 = EDGE_LOOP('',(#1950));
#1950 = ORIENTED_EDGE('',*,*,#1951,.F.);
#1951 = EDGE_CURVE('',#1952,#1952,#1954,.T.);
#1952 = VERTEX_POINT('',#1953);
#1953 = CARTESIAN_POINT('',(0.675,-3.437223224307,8.75));
#1954 = SURFACE_CURVE('',#1955,(#1960,#1967),.PCURVE_S1.);
#1955 = CIRCLE('',#1956,0.675);
#1956 = AXIS2_PLACEMENT_3D('',#1957,#1958,#1959);
#1957 = CARTESIAN_POINT('',(-5.365060203905E-17,-3.437223224307,8.75));
#1958 = DIRECTION('',(0.,0.,1.));
#1959 = DIRECTION('',(1.,0.,-0.));
#1960 = PCURVE('',#1680,#1961);
#1961 = DEFINITIONAL_REPRESENTATION('',(#1962),#1966);
#1962 = CIRCLE('',#1963,0.675);
#1963 = AXIS2_PLACEMENT_2D('',#1964,#1965);
#1964 = CARTESIAN_POINT('',(-6.429395695524E-16,-3.5));
#1965 = DIRECTION('',(1.,0.));
#1966 = ( GEOMETRIC_REPRESENTATION_CONTEXT(2) 
PARAMETRIC_REPRESENTATION_CONTEXT() REPRESENTATION_CONTEXT('2D SPACE',''
  ) );
#1967 = PCURVE('',#1716,#1968);
#1968 = DEFINITIONAL_REPRESENTATION('',(#1969),#1973);
#1969 = LINE('',#1970,#1971);
#1970 = CARTESIAN_POINT('',(0.,1.E-03));
#1971 = VECTOR('',#1972,1.);
#1972 = DIRECTION('',(1.,0.));
#1973 = ( GEOMETRIC_REPRESENTATION_CONTEXT(2) 
PARAMETRIC_REPRESENTATION_CONTEXT() REPRESENTATION_CONTEXT('2D SPACE',''
  ) );
#1974 = FACE_BOUND('',#1975,.F.);
#1975 = EDGE_LOOP('',(#1976));
#1976 = ORIENTED_EDGE('',*,*,#1977,.F.);
#1977 = EDGE_CURVE('',#1978,#1978,#1980,.T.);
#1978 = VERTEX_POINT('',#1979);
#1979 = CARTESIAN_POINT('',(-2.356088913246,-1.687223224307,8.75));
#1980 = SURFACE_CURVE('',#1981,(#1986,#1993),.PCURVE_S1.);
#1981 = CIRCLE('',#1982,0.675);
#1982 = AXIS2_PLACEMENT_3D('',#1983,#1984,#1985);
#1983 = CARTESIAN_POINT('',(-3.031088913246,-1.687223224307,8.75));
#1984 = DIRECTION('',(0.,0.,1.));
#1985 = DIRECTION('',(1.,0.,-0.));
#1986 = PCURVE('',#1680,#1987);
#1987 = DEFINITIONAL_REPRESENTATION('',(#1988),#1992);
#1988 = CIRCLE('',#1989,0.675);
#1989 = AXIS2_PLACEMENT_2D('',#1990,#1991);
#1990 = CARTESIAN_POINT('',(-3.031088913246,-1.75));
#1991 = DIRECTION('',(1.,0.));
#1992 = ( GEOMETRIC_REPRESENTATION_CONTEXT(2) 
PARAMETRIC_REPRESENTATION_CONTEXT() REPRESENTATION_CONTEXT('2D SPACE',''
  ) );
#1993 = PCURVE('',#1747,#1994);
#1994 = DEFINITIONAL_REPRESENTATION('',(#1995),#1999);
#1995 = LINE('',#1996,#1997);
#1996 = CARTESIAN_POINT('',(0.,1.E-03));
#1997 = VECTOR('',#1998,1.);
#1998 = DIRECTION('',(1.,0.));
#1999 = ( GEOMETRIC_REPRESENTATION_CONTEXT(2) 
PARAMETRIC_REPRESENTATION_CONTEXT() REPRESENTATION_CONTEXT('2D SPACE',''
  ) );
#2000 = FACE_BOUND('',#2001,.F.);
#2001 = EDGE_LOOP('',(#2002));
#2002 = ORIENTED_EDGE('',*,*,#2003,.F.);
#2003 = EDGE_CURVE('',#2004,#2004,#2006,.T.);
#2004 = VERTEX_POINT('',#2005);
#2005 = CARTESIAN_POINT('',(3.706088913246,-1.687223224307,8.75));
#2006 = SURFACE_CURVE('',#2007,(#2012,#2019),.PCURVE_S1.);
#2007 = CIRCLE('',#2008,0.675);
#2008 = AXIS2_PLACEMENT_3D('',#2009,#2010,#2011);
#2009 = CARTESIAN_POINT('',(3.031088913246,-1.687223224307,8.75));
#2010 = DIRECTION('',(0.,0.,1.));
#2011 = DIRECTION('',(1.,0.,-0.));
#2012 = PCURVE('',#1680,#2013);
#2013 = DEFINITIONAL_REPRESENTATION('',(#2014),#2018);
#2014 = CIRCLE('',#2015,0.675);
#2015 = AXIS2_PLACEMENT_2D('',#2016,#2017);
#2016 = CARTESIAN_POINT('',(3.031088913246,-1.75));
#2017 = DIRECTION('',(1.,0.));
#2018 = ( GEOMETRIC_REPRESENTATION_CONTEXT(2) 
PARAMETRIC_REPRESENTATION_CONTEXT() REPRESENTATION_CONTEXT('2D SPACE',''
  ) );
#2019 = PCURVE('',#1778,#2020);
#2020 = DEFINITIONAL_REPRESENTATION('',(#2021),#2025);
#2021 = LINE('',#2022,#2023);
#2022 = CARTESIAN_POINT('',(0.,1.E-03));
#2023 = VECTOR('',#2024,1.);
#2024 = DIRECTION('',(1.,0.));
#2025 = ( GEOMETRIC_REPRESENTATION_CONTEXT(2) 
PARAMETRIC_REPRESENTATION_CONTEXT() REPRESENTATION_CONTEXT('2D SPACE',''
  ) );
#2026 = FACE_BOUND('',#2027,.F.);
#2027 = EDGE_LOOP('',(#2028));
#2028 = ORIENTED_EDGE('',*,*,#2029,.F.);
#2029 = EDGE_CURVE('',#2030,#2030,#2032,.T.);
#2030 = VERTEX_POINT('',#2031);
#2031 = CARTESIAN_POINT('',(-2.356088913246,1.812776775693,8.75));
#2032 = SURFACE_CURVE('',#2033,(#2038,#2045),.PCURVE_S1.);
#2033 = CIRCLE('',#2034,0.675);
#2034 = AXIS2_PLACEMENT_3D('',#2035,#2036,#2037);
#2035 = CARTESIAN_POINT('',(-3.031088913246,1.812776775693,8.75));
#2036 = DIRECTION('',(0.,0.,1.));
#2037 = DIRECTION('',(1.,0.,-0.));
#2038 = PCURVE('',#1680,#2039);
#2039 = DEFINITIONAL_REPRESENTATION('',(#2040),#2044);
#2040 = CIRCLE('',#2041,0.675);
#2041 = AXIS2_PLACEMENT_2D('',#2042,#2043);
#2042 = CARTESIAN_POINT('',(-3.031088913246,1.75));
#2043 = DIRECTION('',(1.,0.));
#2044 = ( GEOMETRIC_REPRESENTATION_CONTEXT(2) 
PARAMETRIC_REPRESENTATION_CONTEXT() REPRESENTATION_CONTEXT('2D SPACE',''
  ) );
#2045 = PCURVE('',#1809,#2046);
#2046 = DEFINITIONAL_REPRESENTATION('',(#2047),#2051);
#2047 = LINE('',#2048,#2049);
#2048 = CARTESIAN_POINT('',(0.,1.E-03));
#2049 = VECTOR('',#2050,1.);
#2050 = DIRECTION('',(1.,0.));
#2051 = ( GEOMETRIC_REPRESENTATION_CONTEXT(2) 
PARAMETRIC_REPRESENTATION_CONTEXT() REPRESENTATION_CONTEXT('2D SPACE',''
  ) );
#2052 = FACE_BOUND('',#2053,.F.);
#2053 = EDGE_LOOP('',(#2054));
#2054 = ORIENTED_EDGE('',*,*,#2055,.F.);
#2055 = EDGE_CURVE('',#2056,#2056,#2058,.T.);
#2056 = VERTEX_POINT('',#2057);
#2057 = CARTESIAN_POINT('',(1.112,6.27767756926E-02,8.75));
#2058 = SURFACE_CURVE('',#2059,(#2064,#2071),.PCURVE_S1.);
#2059 = CIRCLE('',#2060,1.112);
#2060 = AXIS2_PLACEMENT_3D('',#2061,#2062,#2063);
#2061 = CARTESIAN_POINT('',(5.892889675133E-16,6.27767756926E-02,8.75));
#2062 = DIRECTION('',(0.,0.,1.));
#2063 = DIRECTION('',(1.,0.,-0.));
#2064 = PCURVE('',#1680,#2065);
#2065 = DEFINITIONAL_REPRESENTATION('',(#2066),#2070);
#2066 = CIRCLE('',#2067,1.112);
#2067 = AXIS2_PLACEMENT_2D('',#2068,#2069);
#2068 = CARTESIAN_POINT('',(0.,0.));
#2069 = DIRECTION('',(1.,0.));
#2070 = ( GEOMETRIC_REPRESENTATION_CONTEXT(2) 
PARAMETRIC_REPRESENTATION_CONTEXT() REPRESENTATION_CONTEXT('2D SPACE',''
  ) );
#2071 = PCURVE('',#1840,#2072);
#2072 = DEFINITIONAL_REPRESENTATION('',(#2073),#2077);
#2073 = LINE('',#2074,#2075);
#2074 = CARTESIAN_POINT('',(0.,1.E-03));
#2075 = VECTOR('',#2076,1.);
#2076 = DIRECTION('',(1.,0.));
#2077 = ( GEOMETRIC_REPRESENTATION_CONTEXT(2) 
PARAMETRIC_REPRESENTATION_CONTEXT() REPRESENTATION_CONTEXT('2D SPACE',''
  ) );
#2078 = FACE_BOUND('',#2079,.F.);
#2079 = EDGE_LOOP('',(#2080));
#2080 = ORIENTED_EDGE('',*,*,#2081,.F.);
#2081 = EDGE_CURVE('',#2082,#2082,#2084,.T.);
#2082 = VERTEX_POINT('',#2083);
#2083 = CARTESIAN_POINT('',(0.8,2.062776775693,8.75));
#2084 = SURFACE_CURVE('',#2085,(#2090,#2097),.PCURVE_S1.);
#2085 = CIRCLE('',#2086,0.8);
#2086 = AXIS2_PLACEMENT_3D('',#2087,#2088,#2089);
#2087 = CARTESIAN_POINT('',(7.11753647428E-16,2.062776775693,8.75));
#2088 = DIRECTION('',(0.,0.,1.));
#2089 = DIRECTION('',(1.,0.,-0.));
#2090 = PCURVE('',#1680,#2091);
#2091 = DEFINITIONAL_REPRESENTATION('',(#2092),#2096);
#2092 = CIRCLE('',#2093,0.8);
#2093 = AXIS2_PLACEMENT_2D('',#2094,#2095);
#2094 = CARTESIAN_POINT('',(1.224646799147E-16,2.));
#2095 = DIRECTION('',(1.,0.));
#2096 = ( GEOMETRIC_REPRESENTATION_CONTEXT(2) 
PARAMETRIC_REPRESENTATION_CONTEXT() REPRESENTATION_CONTEXT('2D SPACE',''
  ) );
#2097 = PCURVE('',#1871,#2098);
#2098 = DEFINITIONAL_REPRESENTATION('',(#2099),#2103);
#2099 = LINE('',#2100,#2101);
#2100 = CARTESIAN_POINT('',(0.,1.E-03));
#2101 = VECTOR('',#2102,1.);
#2102 = DIRECTION('',(1.,0.));
#2103 = ( GEOMETRIC_REPRESENTATION_CONTEXT(2) 
PARAMETRIC_REPRESENTATION_CONTEXT() REPRESENTATION_CONTEXT('2D SPACE',''
  ) );
#2104 = FACE_BOUND('',#2105,.F.);
#2105 = EDGE_LOOP('',(#2106));
#2106 = ORIENTED_EDGE('',*,*,#2107,.F.);
#2107 = EDGE_CURVE('',#2108,#2108,#2110,.T.);
#2108 = VERTEX_POINT('',#2109);
#2109 = CARTESIAN_POINT('',(0.675,3.562776775693,8.75));
#2110 = SURFACE_CURVE('',#2111,(#2116,#2123),.PCURVE_S1.);
#2111 = CIRCLE('',#2112,0.675);
#2112 = AXIS2_PLACEMENT_3D('',#2113,#2114,#2115);
#2113 = CARTESIAN_POINT('',(8.036021573641E-16,3.562776775693,8.75));
#2114 = DIRECTION('',(0.,0.,1.));
#2115 = DIRECTION('',(1.,0.,-0.));
#2116 = PCURVE('',#1680,#2117);
#2117 = DEFINITIONAL_REPRESENTATION('',(#2118),#2122);
#2118 = CIRCLE('',#2119,0.675);
#2119 = AXIS2_PLACEMENT_2D('',#2120,#2121);
#2120 = CARTESIAN_POINT('',(2.143131898508E-16,3.5));
#2121 = DIRECTION('',(1.,0.));
#2122 = ( GEOMETRIC_REPRESENTATION_CONTEXT(2) 
PARAMETRIC_REPRESENTATION_CONTEXT() REPRESENTATION_CONTEXT('2D SPACE',''
  ) );
#2123 = PCURVE('',#1902,#2124);
#2124 = DEFINITIONAL_REPRESENTATION('',(#2125),#2129);
#2125 = LINE('',#2126,#2127);
#2126 = CARTESIAN_POINT('',(0.,1.E-03));
#2127 = VECTOR('',#2128,1.);
#2128 = DIRECTION('',(1.,0.));
#2129 = ( GEOMETRIC_REPRESENTATION_CONTEXT(2) 
PARAMETRIC_REPRESENTATION_CONTEXT() REPRESENTATION_CONTEXT('2D SPACE',''
  ) );
#2130 = FACE_BOUND('',#2131,.F.);
#2131 = EDGE_LOOP('',(#2132));
#2132 = ORIENTED_EDGE('',*,*,#2133,.F.);
#2133 = EDGE_CURVE('',#2134,#2134,#2136,.T.);
#2134 = VERTEX_POINT('',#2135);
#2135 = CARTESIAN_POINT('',(3.706088913246,1.812776775693,8.75));
#2136 = SURFACE_CURVE('',#2137,(#2142,#2149),.PCURVE_S1.);
#2137 = CIRCLE('',#2138,0.675);
#2138 = AXIS2_PLACEMENT_3D('',#2139,#2140,#2141);
#2139 = CARTESIAN_POINT('',(3.031088913246,1.812776775693,8.75));
#2140 = DIRECTION('',(0.,0.,1.));
#2141 = DIRECTION('',(1.,0.,-0.));
#2142 = PCURVE('',#1680,#2143);
#2143 = DEFINITIONAL_REPRESENTATION('',(#2144),#2148);
#2144 = CIRCLE('',#2145,0.675);
#2145 = AXIS2_PLACEMENT_2D('',#2146,#2147);
#2146 = CARTESIAN_POINT('',(3.031088913246,1.75));
#2147 = DIRECTION('',(1.,0.));
#2148 = ( GEOMETRIC_REPRESENTATION_CONTEXT(2) 
PARAMETRIC_REPRESENTATION_CONTEXT() REPRESENTATION_CONTEXT('2D SPACE',''
  ) );
#2149 = PCURVE('',#1933,#2150);
#2150 = DEFINITIONAL_REPRESENTATION('',(#2151),#2155);
#2151 = LINE('',#2152,#2153);
#2152 = CARTESIAN_POINT('',(0.,1.E-03));
#2153 = VECTOR('',#2154,1.);
#2154 = DIRECTION('',(1.,0.));
#2155 = ( GEOMETRIC_REPRESENTATION_CONTEXT(2) 
PARAMETRIC_REPRESENTATION_CONTEXT() REPRESENTATION_CONTEXT('2D SPACE',''
  ) );
#2156 = ADVANCED_FACE('',(#2157),#1716,.F.);
#2157 = FACE_BOUND('',#2158,.F.);
#2158 = EDGE_LOOP('',(#2159,#2160,#2181,#2182));
#2159 = ORIENTED_EDGE('',*,*,#1699,.F.);
#2160 = ORIENTED_EDGE('',*,*,#2161,.F.);
#2161 = EDGE_CURVE('',#1952,#1700,#2162,.T.);
#2162 = SEAM_CURVE('',#2163,(#2167,#2174),.PCURVE_S1.);
#2163 = LINE('',#2164,#2165);
#2164 = CARTESIAN_POINT('',(0.675,-3.437223224307,8.749));
#2165 = VECTOR('',#2166,1.);
#2166 = DIRECTION('',(0.,0.,1.));
#2167 = PCURVE('',#1716,#2168);
#2168 = DEFINITIONAL_REPRESENTATION('',(#2169),#2173);
#2169 = LINE('',#2170,#2171);
#2170 = CARTESIAN_POINT('',(6.28318530718,-0.));
#2171 = VECTOR('',#2172,1.);
#2172 = DIRECTION('',(0.,1.));
#2173 = ( GEOMETRIC_REPRESENTATION_CONTEXT(2) 
PARAMETRIC_REPRESENTATION_CONTEXT() REPRESENTATION_CONTEXT('2D SPACE',''
  ) );
#2174 = PCURVE('',#1716,#2175);
#2175 = DEFINITIONAL_REPRESENTATION('',(#2176),#2180);
#2176 = LINE('',#2177,#2178);
#2177 = CARTESIAN_POINT('',(0.,-0.));
#2178 = VECTOR('',#2179,1.);
#2179 = DIRECTION('',(0.,1.));
#2180 = ( GEOMETRIC_REPRESENTATION_CONTEXT(2) 
PARAMETRIC_REPRESENTATION_CONTEXT() REPRESENTATION_CONTEXT('2D SPACE',''
  ) );
#2181 = ORIENTED_EDGE('',*,*,#1951,.T.);
#2182 = ORIENTED_EDGE('',*,*,#2161,.T.);
#2183 = ADVANCED_FACE('',(#2184),#1747,.F.);
#2184 = FACE_BOUND('',#2185,.F.);
#2185 = EDGE_LOOP('',(#2186,#2187,#2208,#2209));
#2186 = ORIENTED_EDGE('',*,*,#1730,.F.);
#2187 = ORIENTED_EDGE('',*,*,#2188,.F.);
#2188 = EDGE_CURVE('',#1978,#1731,#2189,.T.);
#2189 = SEAM_CURVE('',#2190,(#2194,#2201),.PCURVE_S1.);
#2190 = LINE('',#2191,#2192);
#2191 = CARTESIAN_POINT('',(-2.356088913246,-1.687223224307,8.749));
#2192 = VECTOR('',#2193,1.);
#2193 = DIRECTION('',(0.,0.,1.));
#2194 = PCURVE('',#1747,#2195);
#2195 = DEFINITIONAL_REPRESENTATION('',(#2196),#2200);
#2196 = LINE('',#2197,#2198);
#2197 = CARTESIAN_POINT('',(6.28318530718,-0.));
#2198 = VECTOR('',#2199,1.);
#2199 = DIRECTION('',(0.,1.));
#2200 = ( GEOMETRIC_REPRESENTATION_CONTEXT(2) 
PARAMETRIC_REPRESENTATION_CONTEXT() REPRESENTATION_CONTEXT('2D SPACE',''
  ) );
#2201 = PCURVE('',#1747,#2202);
#2202 = DEFINITIONAL_REPRESENTATION('',(#2203),#2207);
#2203 = LINE('',#2204,#2205);
#2204 = CARTESIAN_POINT('',(0.,-0.));
#2205 = VECTOR('',#2206,1.);
#2206 = DIRECTION('',(0.,1.));
#2207 = ( GEOMETRIC_REPRESENTATION_CONTEXT(2) 
PARAMETRIC_REPRESENTATION_CONTEXT() REPRESENTATION_CONTEXT('2D SPACE',''
  ) );
#2208 = ORIENTED_EDGE('',*,*,#1977,.T.);
#2209 = ORIENTED_EDGE('',*,*,#2188,.T.);
#2210 = ADVANCED_FACE('',(#2211),#1778,.F.);
#2211 = FACE_BOUND('',#2212,.F.);
#2212 = EDGE_LOOP('',(#2213,#2214,#2235,#2236));
#2213 = ORIENTED_EDGE('',*,*,#1761,.F.);
#2214 = ORIENTED_EDGE('',*,*,#2215,.F.);
#2215 = EDGE_CURVE('',#2004,#1762,#2216,.T.);
#2216 = SEAM_CURVE('',#2217,(#2221,#2228),.PCURVE_S1.);
#2217 = LINE('',#2218,#2219);
#2218 = CARTESIAN_POINT('',(3.706088913246,-1.687223224307,8.749));
#2219 = VECTOR('',#2220,1.);
#2220 = DIRECTION('',(0.,0.,1.));
#2221 = PCURVE('',#1778,#2222);
#2222 = DEFINITIONAL_REPRESENTATION('',(#2223),#2227);
#2223 = LINE('',#2224,#2225);
#2224 = CARTESIAN_POINT('',(6.28318530718,-0.));
#2225 = VECTOR('',#2226,1.);
#2226 = DIRECTION('',(0.,1.));
#2227 = ( GEOMETRIC_REPRESENTATION_CONTEXT(2) 
PARAMETRIC_REPRESENTATION_CONTEXT() REPRESENTATION_CONTEXT('2D SPACE',''
  ) );
#2228 = PCURVE('',#1778,#2229);
#2229 = DEFINITIONAL_REPRESENTATION('',(#2230),#2234);
#2230 = LINE('',#2231,#2232);
#2231 = CARTESIAN_POINT('',(0.,-0.));
#2232 = VECTOR('',#2233,1.);
#2233 = DIRECTION('',(0.,1.));
#2234 = ( GEOMETRIC_REPRESENTATION_CONTEXT(2) 
PARAMETRIC_REPRESENTATION_CONTEXT() REPRESENTATION_CONTEXT('2D SPACE',''
  ) );
#2235 = ORIENTED_EDGE('',*,*,#2003,.T.);
#2236 = ORIENTED_EDGE('',*,*,#2215,.T.);
#2237 = ADVANCED_FACE('',(#2238),#1809,.F.);
#2238 = FACE_BOUND('',#2239,.F.);
#2239 = EDGE_LOOP('',(#2240,#2241,#2262,#2263));
#2240 = ORIENTED_EDGE('',*,*,#1792,.F.);
#2241 = ORIENTED_EDGE('',*,*,#2242,.F.);
#2242 = EDGE_CURVE('',#2030,#1793,#2243,.T.);
#2243 = SEAM_CURVE('',#2244,(#2248,#2255),.PCURVE_S1.);
#2244 = LINE('',#2245,#2246);
#2245 = CARTESIAN_POINT('',(-2.356088913246,1.812776775693,8.749));
#2246 = VECTOR('',#2247,1.);
#2247 = DIRECTION('',(0.,0.,1.));
#2248 = PCURVE('',#1809,#2249);
#2249 = DEFINITIONAL_REPRESENTATION('',(#2250),#2254);
#2250 = LINE('',#2251,#2252);
#2251 = CARTESIAN_POINT('',(6.28318530718,-0.));
#2252 = VECTOR('',#2253,1.);
#2253 = DIRECTION('',(0.,1.));
#2254 = ( GEOMETRIC_REPRESENTATION_CONTEXT(2) 
PARAMETRIC_REPRESENTATION_CONTEXT() REPRESENTATION_CONTEXT('2D SPACE',''
  ) );
#2255 = PCURVE('',#1809,#2256);
#2256 = DEFINITIONAL_REPRESENTATION('',(#2257),#2261);
#2257 = LINE('',#2258,#2259);
#2258 = CARTESIAN_POINT('',(0.,-0.));
#2259 = VECTOR('',#2260,1.);
#2260 = DIRECTION('',(0.,1.));
#2261 = ( GEOMETRIC_REPRESENTATION_CONTEXT(2) 
PARAMETRIC_REPRESENTATION_CONTEXT() REPRESENTATION_CONTEXT('2D SPACE',''
  ) );
#2262 = ORIENTED_EDGE('',*,*,#2029,.T.);
#2263 = ORIENTED_EDGE('',*,*,#2242,.T.);
#2264 = ADVANCED_FACE('',(#2265),#1840,.F.);
#2265 = FACE_BOUND('',#2266,.F.);
#2266 = EDGE_LOOP('',(#2267,#2268,#2289,#2290));
#2267 = ORIENTED_EDGE('',*,*,#1823,.F.);
#2268 = ORIENTED_EDGE('',*,*,#2269,.F.);
#2269 = EDGE_CURVE('',#2056,#1824,#2270,.T.);
#2270 = SEAM_CURVE('',#2271,(#2275,#2282),.PCURVE_S1.);
#2271 = LINE('',#2272,#2273);
#2272 = CARTESIAN_POINT('',(1.112,6.27767756926E-02,8.749));
#2273 = VECTOR('',#2274,1.);
#2274 = DIRECTION('',(0.,0.,1.));
#2275 = PCURVE('',#1840,#2276);
#2276 = DEFINITIONAL_REPRESENTATION('',(#2277),#2281);
#2277 = LINE('',#2278,#2279);
#2278 = CARTESIAN_POINT('',(6.28318530718,-0.));
#2279 = VECTOR('',#2280,1.);
#2280 = DIRECTION('',(0.,1.));
#2281 = ( GEOMETRIC_REPRESENTATION_CONTEXT(2) 
PARAMETRIC_REPRESENTATION_CONTEXT() REPRESENTATION_CONTEXT('2D SPACE',''
  ) );
#2282 = PCURVE('',#1840,#2283);
#2283 = DEFINITIONAL_REPRESENTATION('',(#2284),#2288);
#2284 = LINE('',#2285,#2286);
#2285 = CARTESIAN_POINT('',(0.,-0.));
#2286 = VECTOR('',#2287,1.);
#2287 = DIRECTION('',(0.,1.));
#2288 = ( GEOMETRIC_REPRESENTATION_CONTEXT(2) 
PARAMETRIC_REPRESENTATION_CONTEXT() REPRESENTATION_CONTEXT('2D SPACE',''
  ) );
#2289 = ORIENTED_EDGE('',*,*,#2055,.T.);
#2290 = ORIENTED_EDGE('',*,*,#2269,.T.);
#2291 = ADVANCED_FACE('',(#2292),#1871,.F.);
#2292 = FACE_BOUND('',#2293,.F.);
#2293 = EDGE_LOOP('',(#2294,#2295,#2316,#2317));
#2294 = ORIENTED_EDGE('',*,*,#1854,.F.);
#2295 = ORIENTED_EDGE('',*,*,#2296,.F.);
#2296 = EDGE_CURVE('',#2082,#1855,#2297,.T.);
#2297 = SEAM_CURVE('',#2298,(#2302,#2309),.PCURVE_S1.);
#2298 = LINE('',#2299,#2300);
#2299 = CARTESIAN_POINT('',(0.8,2.062776775693,8.749));
#2300 = VECTOR('',#2301,1.);
#2301 = DIRECTION('',(0.,0.,1.));
#2302 = PCURVE('',#1871,#2303);
#2303 = DEFINITIONAL_REPRESENTATION('',(#2304),#2308);
#2304 = LINE('',#2305,#2306);
#2305 = CARTESIAN_POINT('',(6.28318530718,-0.));
#2306 = VECTOR('',#2307,1.);
#2307 = DIRECTION('',(0.,1.));
#2308 = ( GEOMETRIC_REPRESENTATION_CONTEXT(2) 
PARAMETRIC_REPRESENTATION_CONTEXT() REPRESENTATION_CONTEXT('2D SPACE',''
  ) );
#2309 = PCURVE('',#1871,#2310);
#2310 = DEFINITIONAL_REPRESENTATION('',(#2311),#2315);
#2311 = LINE('',#2312,#2313);
#2312 = CARTESIAN_POINT('',(0.,-0.));
#2313 = VECTOR('',#2314,1.);
#2314 = DIRECTION('',(0.,1.));
#2315 = ( GEOMETRIC_REPRESENTATION_CONTEXT(2) 
PARAMETRIC_REPRESENTATION_CONTEXT() REPRESENTATION_CONTEXT('2D SPACE',''
  ) );
#2316 = ORIENTED_EDGE('',*,*,#2081,.T.);
#2317 = ORIENTED_EDGE('',*,*,#2296,.T.);
#2318 = ADVANCED_FACE('',(#2319),#1902,.F.);
#2319 = FACE_BOUND('',#2320,.F.);
#2320 = EDGE_LOOP('',(#2321,#2322,#2343,#2344));
#2321 = ORIENTED_EDGE('',*,*,#1885,.F.);
#2322 = ORIENTED_EDGE('',*,*,#2323,.F.);
#2323 = EDGE_CURVE('',#2108,#1886,#2324,.T.);
#2324 = SEAM_CURVE('',#2325,(#2329,#2336),.PCURVE_S1.);
#2325 = LINE('',#2326,#2327);
#2326 = CARTESIAN_POINT('',(0.675,3.562776775693,8.749));
#2327 = VECTOR('',#2328,1.);
#2328 = DIRECTION('',(0.,0.,1.));
#2329 = PCURVE('',#1902,#2330);
#2330 = DEFINITIONAL_REPRESENTATION('',(#2331),#2335);
#2331 = LINE('',#2332,#2333);
#2332 = CARTESIAN_POINT('',(6.28318530718,-0.));
#2333 = VECTOR('',#2334,1.);
#2334 = DIRECTION('',(0.,1.));
#2335 = ( GEOMETRIC_REPRESENTATION_CONTEXT(2) 
PARAMETRIC_REPRESENTATION_CONTEXT() REPRESENTATION_CONTEXT('2D SPACE',''
  ) );
#2336 = PCURVE('',#1902,#2337);
#2337 = DEFINITIONAL_REPRESENTATION('',(#2338),#2342);
#2338 = LINE('',#2339,#2340);
#2339 = CARTESIAN_POINT('',(0.,-0.));
#2340 = VECTOR('',#2341,1.);
#2341 = DIRECTION('',(0.,1.));
#2342 = ( GEOMETRIC_REPRESENTATION_CONTEXT(2) 
PARAMETRIC_REPRESENTATION_CONTEXT() REPRESENTATION_CONTEXT('2D SPACE',''
  ) );
#2343 = ORIENTED_EDGE('',*,*,#2107,.T.);
#2344 = ORIENTED_EDGE('',*,*,#2323,.T.);
#2345 = ADVANCED_FACE('',(#2346),#1933,.F.);
#2346 = FACE_BOUND('',#2347,.F.);
#2347 = EDGE_LOOP('',(#2348,#2349,#2370,#2371));
#2348 = ORIENTED_EDGE('',*,*,#1916,.F.);
#2349 = ORIENTED_EDGE('',*,*,#2350,.F.);
#2350 = EDGE_CURVE('',#2134,#1917,#2351,.T.);
#2351 = SEAM_CURVE('',#2352,(#2356,#2363),.PCURVE_S1.);
#2352 = LINE('',#2353,#2354);
#2353 = CARTESIAN_POINT('',(3.706088913246,1.812776775693,8.749));
#2354 = VECTOR('',#2355,1.);
#2355 = DIRECTION('',(0.,0.,1.));
#2356 = PCURVE('',#1933,#2357);
#2357 = DEFINITIONAL_REPRESENTATION('',(#2358),#2362);
#2358 = LINE('',#2359,#2360);
#2359 = CARTESIAN_POINT('',(6.28318530718,-0.));
#2360 = VECTOR('',#2361,1.);
#2361 = DIRECTION('',(0.,1.));
#2362 = ( GEOMETRIC_REPRESENTATION_CONTEXT(2) 
PARAMETRIC_REPRESENTATION_CONTEXT() REPRESENTATION_CONTEXT('2D SPACE',''
  ) );
#2363 = PCURVE('',#1933,#2364);
#2364 = DEFINITIONAL_REPRESENTATION('',(#2365),#2369);
#2365 = LINE('',#2366,#2367);
#2366 = CARTESIAN_POINT('',(0.,-0.));
#2367 = VECTOR('',#2368,1.);
#2368 = DIRECTION('',(0.,1.));
#2369 = ( GEOMETRIC_REPRESENTATION_CONTEXT(2) 
PARAMETRIC_REPRESENTATION_CONTEXT() REPRESENTATION_CONTEXT('2D SPACE',''
  ) );
#2370 = ORIENTED_EDGE('',*,*,#2133,.T.);
#2371 = ORIENTED_EDGE('',*,*,#2350,.T.);
#2372 = ( GEOMETRIC_REPRESENTATION_CONTEXT(3) 
GLOBAL_UNCERTAINTY_ASSIGNED_CONTEXT((#2376)) 
GLOBAL_UNIT_ASSIGNED_CONTEXT((#2373,#2374,#2375)) REPRESENTATION_CONTEXT
('Context #1','3D Context with UNIT and UNCERTAINTY') );
#2373 = ( LENGTH_UNIT() NAMED_UNIT(*) SI_UNIT(.MILLI.,.METRE.) );
#2374 = ( NAMED_UNIT(*) PLANE_ANGLE_UNIT() SI_UNIT($,.RADIAN.) );
#2375 = ( NAMED_UNIT(*) SI_UNIT($,.STERADIAN.) SOLID_ANGLE_UNIT() );
#2376 = UNCERTAINTY_MEASURE_WITH_UNIT(LENGTH_MEASURE(1.E-07),#2373,
  'distance_accuracy_value','confusion accuracy');
#2377 = CONTEXT_DEPENDENT_SHAPE_REPRESENTATION(#2378,#2380);
#2378 = ( REPRESENTATION_RELATIONSHIP('','',#1601,#10) 
REPRESENTATION_RELATIONSHIP_WITH_TRANSFORMATION(#2379) 
SHAPE_REPRESENTATION_RELATIONSHIP() );
#2379 = ITEM_DEFINED_TRANSFORMATION('','',#11,#19);
#2380 = PRODUCT_DEFINITION_SHAPE('Placement','Placement of an item',
  #2381);
#2381 = NEXT_ASSEMBLY_USAGE_OCCURRENCE('9','','',#5,#1596,$);
#2382 = PRODUCT_RELATED_PRODUCT_CATEGORY('part',$,(#1598));
ENDSEC;
END-ISO-10303-21;
