ISO-10303-21;
HEADER;
FILE_DESCRIPTION(('Open CASCADE Model'),'2;1');
FILE_NAME('Open CASCADE Shape Model','2026-05-04T13:26:22',('Author'),(
    'Open CASCADE'),'Open CASCADE STEP processor 7.8','Open CASCADE 7.8'
  ,'Unknown');
FILE_SCHEMA(('AUTOMOTIVE_DESIGN { 1 0 10303 214 1 1 1 1 }'));
ENDSEC;
DATA;
#1 = APPLICATION_PROTOCOL_DEFINITION('international standard',
  'automotive_design',2000,#2);
#2 = APPLICATION_CONTEXT(
  'core data for automotive mechanical design processes');
#3 = SHAPE_DEFINITION_REPRESENTATION(#4,#10);
#4 = PRODUCT_DEFINITION_SHAPE('','',#5);
#5 = PRODUCT_DEFINITION('design','',#6,#9);
#6 = PRODUCT_DEFINITION_FORMATION('','',#7);
#7 = PRODUCT('Open CASCADE STEP translator 7.8 6',
  'Open CASCADE STEP translator 7.8 6','',(#8));
#8 = PRODUCT_CONTEXT('',#2,'mechanical');
#9 = PRODUCT_DEFINITION_CONTEXT('part definition',#2,'design');
#10 = ADVANCED_BREP_SHAPE_REPRESENTATION('',(#11,#15),#2663);
#11 = AXIS2_PLACEMENT_3D('',#12,#13,#14);
#12 = CARTESIAN_POINT('',(0.,0.,0.));
#13 = DIRECTION('',(0.,0.,1.));
#14 = DIRECTION('',(1.,0.,-0.));
#15 = MANIFOLD_SOLID_BREP('',#16);
#16 = CLOSED_SHELL('',(#17,#1299,#1947,#1977,#2007,#2608));
#17 = ADVANCED_FACE('',(#18,#732),#32,.T.);
#18 = FACE_BOUND('',#19,.T.);
#19 = EDGE_LOOP('',(#20,#50,#77,#78,#268,#393,#416,#443,#444));
#20 = ORIENTED_EDGE('',*,*,#21,.T.);
#21 = EDGE_CURVE('',#22,#24,#26,.T.);
#22 = VERTEX_POINT('',#23);
#23 = CARTESIAN_POINT('',(90.,-2.204364238465E-14,2.96E+03));
#24 = VERTEX_POINT('',#25);
#25 = CARTESIAN_POINT('',(90.,-2.204364238465E-14,3.12E+03));
#26 = SEAM_CURVE('',#27,(#31,#43),.PCURVE_S1.);
#27 = LINE('',#28,#29);
#28 = CARTESIAN_POINT('',(90.,-2.204364238465E-14,2.72E+03));
#29 = VECTOR('',#30,1.);
#30 = DIRECTION('',(0.,0.,1.));
#31 = PCURVE('',#32,#37);
#32 = CYLINDRICAL_SURFACE('',#33,90.);
#33 = AXIS2_PLACEMENT_3D('',#34,#35,#36);
#34 = CARTESIAN_POINT('',(0.,0.,2.72E+03));
#35 = DIRECTION('',(0.,0.,1.));
#36 = DIRECTION('',(1.,0.,0.));
#37 = DEFINITIONAL_REPRESENTATION('',(#38),#42);
#38 = LINE('',#39,#40);
#39 = CARTESIAN_POINT('',(6.28318530718,-0.));
#40 = VECTOR('',#41,1.);
#41 = DIRECTION('',(0.,1.));
#42 = ( GEOMETRIC_REPRESENTATION_CONTEXT(2) 
PARAMETRIC_REPRESENTATION_CONTEXT() REPRESENTATION_CONTEXT('2D SPACE',''
  ) );
#43 = PCURVE('',#32,#44);
#44 = DEFINITIONAL_REPRESENTATION('',(#45),#49);
#45 = LINE('',#46,#47);
#46 = CARTESIAN_POINT('',(0.,-0.));
#47 = VECTOR('',#48,1.);
#48 = DIRECTION('',(0.,1.));
#49 = ( GEOMETRIC_REPRESENTATION_CONTEXT(2) 
PARAMETRIC_REPRESENTATION_CONTEXT() REPRESENTATION_CONTEXT('2D SPACE',''
  ) );
#50 = ORIENTED_EDGE('',*,*,#51,.F.);
#51 = EDGE_CURVE('',#24,#24,#52,.T.);
#52 = SURFACE_CURVE('',#53,(#58,#65),.PCURVE_S1.);
#53 = CIRCLE('',#54,90.);
#54 = AXIS2_PLACEMENT_3D('',#55,#56,#57);
#55 = CARTESIAN_POINT('',(0.,0.,3.12E+03));
#56 = DIRECTION('',(0.,0.,1.));
#57 = DIRECTION('',(1.,0.,0.));
#58 = PCURVE('',#32,#59);
#59 = DEFINITIONAL_REPRESENTATION('',(#60),#64);
#60 = LINE('',#61,#62);
#61 = CARTESIAN_POINT('',(0.,400.));
#62 = VECTOR('',#63,1.);
#63 = DIRECTION('',(1.,0.));
#64 = ( GEOMETRIC_REPRESENTATION_CONTEXT(2) 
PARAMETRIC_REPRESENTATION_CONTEXT() REPRESENTATION_CONTEXT('2D SPACE',''
  ) );
#65 = PCURVE('',#66,#71);
#66 = PLANE('',#67);
#67 = AXIS2_PLACEMENT_3D('',#68,#69,#70);
#68 = CARTESIAN_POINT('',(0.,0.,3.12E+03));
#69 = DIRECTION('',(0.,0.,1.));
#70 = DIRECTION('',(1.,0.,0.));
#71 = DEFINITIONAL_REPRESENTATION('',(#72),#76);
#72 = CIRCLE('',#73,90.);
#73 = AXIS2_PLACEMENT_2D('',#74,#75);
#74 = CARTESIAN_POINT('',(0.,0.));
#75 = DIRECTION('',(1.,0.));
#76 = ( GEOMETRIC_REPRESENTATION_CONTEXT(2) 
PARAMETRIC_REPRESENTATION_CONTEXT() REPRESENTATION_CONTEXT('2D SPACE',''
  ) );
#77 = ORIENTED_EDGE('',*,*,#21,.F.);
#78 = ORIENTED_EDGE('',*,*,#79,.F.);
#79 = EDGE_CURVE('',#80,#22,#82,.T.);
#80 = VERTEX_POINT('',#81);
#81 = CARTESIAN_POINT('',(80.622577482985,40.,2.92E+03));
#82 = SURFACE_CURVE('',#83,(#141,#202),.PCURVE_S1.);
#83 = B_SPLINE_CURVE_WITH_KNOTS('',6,(#84,#85,#86,#87,#88,#89,#90,#91,
    #92,#93,#94,#95,#96,#97,#98,#99,#100,#101,#102,#103,#104,#105,#106,
    #107,#108,#109,#110,#111,#112,#113,#114,#115,#116,#117,#118,#119,
    #120,#121,#122,#123,#124,#125,#126,#127,#128,#129,#130,#131,#132,
    #133,#134,#135,#136,#137,#138,#139,#140),.UNSPECIFIED.,.F.,.F.,(7,5,
    5,5,5,5,5,5,5,5,5,7),(0.,0.243151177642,0.482588277377,
    0.555054802799,0.646425972349,0.761966611419,0.852152593565,
    0.996076693051,0.99711577635,0.998028896352,0.99891052116,1.),
  .UNSPECIFIED.);
#84 = CARTESIAN_POINT('',(80.622577482985,40.,2.92E+03));
#85 = CARTESIAN_POINT('',(80.622577482985,40.,2.922230555388E+03));
#86 = CARTESIAN_POINT('',(80.696631733403,39.850738844825,
    2.924460315928E+03));
#87 = CARTESIAN_POINT('',(80.844641953669,39.552414859735,
    2.926680754347E+03));
#88 = CARTESIAN_POINT('',(81.06410956301,39.1048581057,2.92888325612E+03
    ));
#89 = CARTESIAN_POINT('',(81.350117863434,38.507612436695,
    2.931058714077E+03));
#90 = CARTESIAN_POINT('',(82.03572114836,37.024286576747,
    2.935302875948E+03));
#91 = CARTESIAN_POINT('',(82.433447597296,36.142902230864,
    2.937372287264E+03));
#92 = CARTESIAN_POINT('',(82.882433650676,35.11463624531,
    2.939399128126E+03));
#93 = CARTESIAN_POINT('',(83.374922732696,33.936556704068,
    2.941375870859E+03));
#94 = CARTESIAN_POINT('',(83.901468042476,32.604694448549,
    2.943292864312E+03));
#95 = CARTESIAN_POINT('',(84.616718899328,30.663364726356,
    2.945695781441E+03));
#96 = CARTESIAN_POINT('',(84.784989631045,30.197734180045,
    2.946247533899E+03));
#97 = CARTESIAN_POINT('',(84.955048686108,29.717336593417,
    2.946792448596E+03));
#98 = CARTESIAN_POINT('',(85.12657266747,29.221987936029,
    2.947330181391E+03));
#99 = CARTESIAN_POINT('',(85.299217300879,28.711497557556,
    2.947860349595E+03));
#100 = CARTESIAN_POINT('',(85.691250536007,27.522662632189,
    2.949040938631E+03));
#101 = CARTESIAN_POINT('',(85.911085377598,26.835266846568,
    2.949686653703E+03));
#102 = CARTESIAN_POINT('',(86.131394429432,26.123059075029,
    2.95031885516E+03));
#103 = CARTESIAN_POINT('',(86.351385813075,25.385624640196,
    2.950936592855E+03));
#104 = CARTESIAN_POINT('',(86.570199447844,24.622555087129,
    2.95153878919E+03));
#105 = CARTESIAN_POINT('',(87.06093199674,22.835605952013,
    2.952864553141E+03));
#106 = CARTESIAN_POINT('',(87.331653369058,21.795889284667,
    2.953578267509E+03));
#107 = CARTESIAN_POINT('',(87.597082676423,20.713816129302,
    2.954262645086E+03));
#108 = CARTESIAN_POINT('',(87.855052665268,19.589015327004,
    2.954914676839E+03));
#109 = CARTESIAN_POINT('',(88.103224508891,18.4212719241,
    2.95553105036E+03));
#110 = CARTESIAN_POINT('',(88.523209986066,16.265554144901,
    2.95655855166E+03));
#111 = CARTESIAN_POINT('',(88.69985586403,15.294227542423,
    2.956985102408E+03));
#112 = CARTESIAN_POINT('',(88.867683973834,14.297388464196,
    2.957385633574E+03));
#113 = CARTESIAN_POINT('',(89.025348372779,13.275943298808,
    2.957758072579E+03));
#114 = CARTESIAN_POINT('',(89.171532358048,12.230910046255,
    2.95810040198E+03));
#115 = CARTESIAN_POINT('',(89.517923640051,9.459853596557,
    2.958905763602E+03));
#116 = CARTESIAN_POINT('',(89.698794316933,7.6960903086,
    2.959320047494E+03));
#117 = CARTESIAN_POINT('',(89.841163074385,5.884911803383,
    2.959642459161E+03));
#118 = CARTESIAN_POINT('',(89.940181322953,4.039984172617,
    2.95986539973E+03));
#119 = CARTESIAN_POINT('',(89.993127295222,2.175501659751,
    2.959984536065E+03));
#120 = CARTESIAN_POINT('',(89.999526294113,0.292316689524,
    2.95999893415E+03));
#121 = CARTESIAN_POINT('',(89.999569732409,0.278818085845,
    2.959999031889E+03));
#122 = CARTESIAN_POINT('',(89.999610741456,0.265319388745,
    2.959999124161E+03));
#123 = CARTESIAN_POINT('',(89.999649321179,0.251820604846,
    2.959999210967E+03));
#124 = CARTESIAN_POINT('',(89.999685471508,0.238321740771,
    2.959999292306E+03));
#125 = CARTESIAN_POINT('',(89.999748825425,0.212960279719,
    2.959999434854E+03));
#126 = CARTESIAN_POINT('',(89.999776582335,0.201097699496,
    2.959999497308E+03));
#127 = CARTESIAN_POINT('',(89.999802463068,0.189235066965,
    2.95999955554E+03));
#128 = CARTESIAN_POINT('',(89.999826467586,0.177372386624,
    2.959999609551E+03));
#129 = CARTESIAN_POINT('',(89.999848595856,0.165509662966,
    2.95999965934E+03));
#130 = CARTESIAN_POINT('',(89.999888401313,0.142193306595,
    2.959999748902E+03));
#131 = CARTESIAN_POINT('',(89.9999062057,0.130739676513,
    2.959999788962E+03));
#132 = CARTESIAN_POINT('',(89.999922260985,0.119286014289,
    2.959999825087E+03));
#133 = CARTESIAN_POINT('',(89.999936567145,0.107832323968,
    2.959999857276E+03));
#134 = CARTESIAN_POINT('',(89.999949124162,9.637860959779E-02,
    2.959999885529E+03));
#135 = CARTESIAN_POINT('',(89.99997328797,7.077078026683E-02,
    2.959999939898E+03));
#136 = CARTESIAN_POINT('',(89.999983972764,5.661665475986E-02,
    2.959999963939E+03));
#137 = CARTESIAN_POINT('',(89.999991986377,4.246250634371E-02,
    2.959999981969E+03));
#138 = CARTESIAN_POINT('',(89.999997328792,2.830834265583E-02,
    2.95999999399E+03));
#139 = CARTESIAN_POINT('',(90.,1.415417133072E-02,2.96E+03));
#140 = CARTESIAN_POINT('',(90.,6.123233995737E-15,2.96E+03));
#141 = PCURVE('',#32,#142);
#142 = DEFINITIONAL_REPRESENTATION('',(#143),#201);
#143 = B_SPLINE_CURVE_WITH_KNOTS('',6,(#144,#145,#146,#147,#148,#149,
    #150,#151,#152,#153,#154,#155,#156,#157,#158,#159,#160,#161,#162,
    #163,#164,#165,#166,#167,#168,#169,#170,#171,#172,#173,#174,#175,
    #176,#177,#178,#179,#180,#181,#182,#183,#184,#185,#186,#187,#188,
    #189,#190,#191,#192,#193,#194,#195,#196,#197,#198,#199,#200),
  .UNSPECIFIED.,.F.,.F.,(7,5,5,5,5,5,5,5,5,5,5,7),(0.,0.243151177642,
    0.482588277377,0.555054802799,0.646425972349,0.761966611419,
    0.852152593565,0.996076693051,0.99711577635,0.998028896352,
    0.99891052116,1.),.UNSPECIFIED.);
#144 = CARTESIAN_POINT('',(0.460553991681,200.));
#145 = CARTESIAN_POINT('',(0.460553991681,202.23055538751));
#146 = CARTESIAN_POINT('',(0.458702636221,204.46031592768));
#147 = CARTESIAN_POINT('',(0.455002376541,206.68075434699));
#148 = CARTESIAN_POINT('',(0.449463886241,208.88325612025));
#149 = CARTESIAN_POINT('',(0.442106843191,211.05871407717));
#150 = CARTESIAN_POINT('',(0.423950092683,215.30287594822));
#151 = CARTESIAN_POINT('',(0.413206457656,217.37228726408));
#152 = CARTESIAN_POINT('',(0.400741125483,219.39912812574));
#153 = CARTESIAN_POINT('',(0.38655680259,221.37587085948));
#154 = CARTESIAN_POINT('',(0.37064820445,223.29286431226));
#155 = CARTESIAN_POINT('',(0.347660432933,225.69578144068));
#156 = CARTESIAN_POINT('',(0.342159396582,226.24753389909));
#157 = CARTESIAN_POINT('',(0.336497255214,226.79244859563));
#158 = CARTESIAN_POINT('',(0.330672976603,227.33018139078));
#159 = CARTESIAN_POINT('',(0.324685439182,227.86034959504));
#160 = CARTESIAN_POINT('',(0.310776482403,229.04093863118));
#161 = CARTESIAN_POINT('',(0.302758000262,229.68665370344));
#162 = CARTESIAN_POINT('',(0.294475206225,230.31885515957));
#163 = CARTESIAN_POINT('',(0.285925359681,230.93659285506));
#164 = CARTESIAN_POINT('',(0.277105664572,231.5387891904));
#165 = CARTESIAN_POINT('',(0.256515586516,232.86455314075));
#166 = CARTESIAN_POINT('',(0.244579041604,233.57826750865));
#167 = CARTESIAN_POINT('',(0.232201505918,234.26264508568));
#168 = CARTESIAN_POINT('',(0.219381601279,234.91467683874));
#169 = CARTESIAN_POINT('',(0.206118813611,235.53105035974));
#170 = CARTESIAN_POINT('',(0.181716053839,236.55855165977));
#171 = CARTESIAN_POINT('',(0.170747374779,236.98510240767));
#172 = CARTESIAN_POINT('',(0.159516990911,237.38563357351));
#173 = CARTESIAN_POINT('',(0.148034875945,237.75807257946));
#174 = CARTESIAN_POINT('',(0.13631159568,238.10040198036));
#175 = CARTESIAN_POINT('',(0.105282456115,238.90576360187));
#176 = CARTESIAN_POINT('',(8.558714846978E-02,239.32004749388));
#177 = CARTESIAN_POINT('',(6.540966049898E-02,239.64245916059));
#178 = CARTESIAN_POINT('',(4.489072209472E-02,239.86539972955));
#179 = CARTESIAN_POINT('',(2.41723671342E-02,239.98453606527));
#180 = CARTESIAN_POINT('',(3.247968889908E-03,239.99893415046));
#181 = CARTESIAN_POINT('',(3.097983630442E-03,239.99903188866));
#182 = CARTESIAN_POINT('',(2.947997418613E-03,239.99912416072));
#183 = CARTESIAN_POINT('',(2.798010321928E-03,239.99921096651));
#184 = CARTESIAN_POINT('',(2.648022407902E-03,239.99929230592));
#185 = CARTESIAN_POINT('',(2.366227516996E-03,239.99943485404));
#186 = CARTESIAN_POINT('',(2.234420710892E-03,239.99949730778));
#187 = CARTESIAN_POINT('',(2.102613371563E-03,239.99955553997));
#188 = CARTESIAN_POINT('',(1.97080554483E-03,239.99960955058));
#189 = CARTESIAN_POINT('',(1.83899727652E-03,239.99965933953));
#190 = CARTESIAN_POINT('',(1.579926272644E-03,239.99974890234));
#191 = CARTESIAN_POINT('',(1.452663563906E-03,239.9997889624));
#192 = CARTESIAN_POINT('',(1.325400527497E-03,239.99982508693));
#193 = CARTESIAN_POINT('',(1.198137204666E-03,239.99985727588));
#194 = CARTESIAN_POINT('',(1.070873636665E-03,239.99988552923));
#195 = CARTESIAN_POINT('',(7.863420729807E-04,239.9999398979));
#196 = CARTESIAN_POINT('',(6.290739697827E-04,239.99996393871));
#197 = CARTESIAN_POINT('',(4.718056330429E-04,239.99998196934));
#198 = CARTESIAN_POINT('',(3.145371406202E-04,239.99999398978));
#199 = CARTESIAN_POINT('',(1.572685703413E-04,240.));
#200 = CARTESIAN_POINT('',(0.,240.));
#201 = ( GEOMETRIC_REPRESENTATION_CONTEXT(2) 
PARAMETRIC_REPRESENTATION_CONTEXT() REPRESENTATION_CONTEXT('2D SPACE',''
  ) );
#202 = PCURVE('',#203,#208);
#203 = CYLINDRICAL_SURFACE('',#204,40.);
#204 = AXIS2_PLACEMENT_3D('',#205,#206,#207);
#205 = CARTESIAN_POINT('',(-91.,0.,2.92E+03));
#206 = DIRECTION('',(-1.,-0.,-0.));
#207 = DIRECTION('',(0.,1.,0.));
#208 = DEFINITIONAL_REPRESENTATION('',(#209),#267);
#209 = B_SPLINE_CURVE_WITH_KNOTS('',6,(#210,#211,#212,#213,#214,#215,
    #216,#217,#218,#219,#220,#221,#222,#223,#224,#225,#226,#227,#228,
    #229,#230,#231,#232,#233,#234,#235,#236,#237,#238,#239,#240,#241,
    #242,#243,#244,#245,#246,#247,#248,#249,#250,#251,#252,#253,#254,
    #255,#256,#257,#258,#259,#260,#261,#262,#263,#264,#265,#266),
  .UNSPECIFIED.,.F.,.F.,(7,5,5,5,5,5,5,5,5,5,5,7),(0.,0.243151177642,
    0.482588277377,0.555054802799,0.646425972349,0.761966611419,
    0.852152593565,0.996076693051,0.99711577635,0.998028896352,
    0.99891052116,1.),.UNSPECIFIED.);
#210 = CARTESIAN_POINT('',(0.,-171.6225774829));
#211 = CARTESIAN_POINT('',(-5.576388468797E-02,-171.6225774829));
#212 = CARTESIAN_POINT('',(-0.111507898838,-171.6966317334));
#213 = CARTESIAN_POINT('',(-0.167330982579,-171.8446419536));
#214 = CARTESIAN_POINT('',(-0.223328810934,-172.064109563));
#215 = CARTESIAN_POINT('',(-0.279596152923,-172.3501178634));
#216 = CARTESIAN_POINT('',(-0.391993788559,-173.0357211483));
#217 = CARTESIAN_POINT('',(-0.448102072181,-173.4334475972));
#218 = CARTESIAN_POINT('',(-0.504729215879,-173.8824336506));
#219 = CARTESIAN_POINT('',(-0.562053632673,-174.3749227326));
#220 = CARTESIAN_POINT('',(-0.620257279069,-174.9014680424));
#221 = CARTESIAN_POINT('',(-0.69748572192,-175.6167188993));
#222 = CARTESIAN_POINT('',(-0.715530869187,-175.784989631));
#223 = CARTESIAN_POINT('',(-0.733685449591,-175.9550486861));
#224 = CARTESIAN_POINT('',(-0.751956648915,-176.1265726674));
#225 = CARTESIAN_POINT('',(-0.770351745831,-176.2992173008));
#226 = CARTESIAN_POINT('',(-0.812237893243,-176.691250536));
#227 = CARTESIAN_POINT('',(-0.835806605454,-176.9110853775));
#228 = CARTESIAN_POINT('',(-0.859600356027,-177.1313944294));
#229 = CARTESIAN_POINT('',(-0.883634741348,-177.351385813));
#230 = CARTESIAN_POINT('',(-0.907925646051,-177.5701994478));
#231 = CARTESIAN_POINT('',(-0.96355183853,-178.0609319967));
#232 = CARTESIAN_POINT('',(-0.99505831374,-178.331653369));
#233 = CARTESIAN_POINT('',(-1.027032204859,-178.5970826764));
#234 = CARTESIAN_POINT('',(-1.059497690523,-178.8550526652));
#235 = CARTESIAN_POINT('',(-1.092480928872,-179.1032245088));
#236 = CARTESIAN_POINT('',(-1.152182677513,-179.523209986));
#237 = CARTESIAN_POINT('',(-1.178691398363,-179.699855864));
#238 = CARTESIAN_POINT('',(-1.205528271642,-179.8676839738));
#239 = CARTESIAN_POINT('',(-1.232686940925,-180.0253483727));
#240 = CARTESIAN_POINT('',(-1.260163177876,-180.171532358));
#241 = CARTESIAN_POINT('',(-1.332306096745,-180.51792364));
#242 = CARTESIAN_POINT('',(-1.377538668603,-180.6987943169));
#243 = CARTESIAN_POINT('',(-1.423425566792,-180.8411630743));
#244 = CARTESIAN_POINT('',(-1.469773876032,-180.9401813229));
#245 = CARTESIAN_POINT('',(-1.516407344676,-180.9931272952));
#246 = CARTESIAN_POINT('',(-1.563488344937,-180.9995262941));
#247 = CARTESIAN_POINT('',(-1.563825818847,-180.9995697324));
#248 = CARTESIAN_POINT('',(-1.564163294117,-180.9996107414));
#249 = CARTESIAN_POINT('',(-1.564500770651,-180.9996493211));
#250 = CARTESIAN_POINT('',(-1.564838248351,-180.9996854715));
#251 = CARTESIAN_POINT('',(-1.565472294893,-180.9997488254));
#252 = CARTESIAN_POINT('',(-1.56576886349,-180.9997765823));
#253 = CARTESIAN_POINT('',(-1.566065432848,-180.999802463));
#254 = CARTESIAN_POINT('',(-1.566362002902,-180.9998264675));
#255 = CARTESIAN_POINT('',(-1.566658573587,-180.9998485958));
#256 = CARTESIAN_POINT('',(-1.567241486797,-180.9998884013));
#257 = CARTESIAN_POINT('',(-1.567527829283,-180.9999062057));
#258 = CARTESIAN_POINT('',(-1.567814172238,-180.9999222609));
#259 = CARTESIAN_POINT('',(-1.568100515601,-180.9999365671));
#260 = CARTESIAN_POINT('',(-1.568386859315,-180.9999491241));
#261 = CARTESIAN_POINT('',(-1.569027056491,-180.9999732879));
#262 = CARTESIAN_POINT('',(-1.569380910107,-180.9999839727));
#263 = CARTESIAN_POINT('',(-1.569734764057,-180.9999919863));
#264 = CARTESIAN_POINT('',(-1.570088618229,-180.9999973287));
#265 = CARTESIAN_POINT('',(-1.570442472512,-181.));
#266 = CARTESIAN_POINT('',(-1.570796326795,-181.));
#267 = ( GEOMETRIC_REPRESENTATION_CONTEXT(2) 
PARAMETRIC_REPRESENTATION_CONTEXT() REPRESENTATION_CONTEXT('2D SPACE',''
  ) );
#268 = ORIENTED_EDGE('',*,*,#269,.F.);
#269 = EDGE_CURVE('',#270,#80,#272,.T.);
#270 = VERTEX_POINT('',#271);
#271 = CARTESIAN_POINT('',(90.,-2.204364238465E-14,2.88E+03));
#272 = SURFACE_CURVE('',#273,(#311,#352),.PCURVE_S1.);
#273 = B_SPLINE_CURVE_WITH_KNOTS('',6,(#274,#275,#276,#277,#278,#279,
    #280,#281,#282,#283,#284,#285,#286,#287,#288,#289,#290,#291,#292,
    #293,#294,#295,#296,#297,#298,#299,#300,#301,#302,#303,#304,#305,
    #306,#307,#308,#309,#310),.UNSPECIFIED.,.F.,.F.,(7,5,5,5,5,5,5,7),(
    0.,0.147787797856,0.237322524492,0.353868958063,0.444435849667,
    0.517150188978,0.756988404029,1.),.UNSPECIFIED.);
#274 = CARTESIAN_POINT('',(90.,-3.673940397442E-15,2.88E+03));
#275 = CARTESIAN_POINT('',(90.,1.92022757619,2.88E+03));
#276 = CARTESIAN_POINT('',(89.950836328158,3.836931380501,
    2.880110618483E+03));
#277 = CARTESIAN_POINT('',(89.852847432694,5.734431795931,
    2.880331092468E+03));
#278 = CARTESIAN_POINT('',(89.708845105946,7.597193612657,
    2.880656941367E+03));
#279 = CARTESIAN_POINT('',(89.524048291638,9.410256291976,
    2.881080008391E+03));
#280 = CARTESIAN_POINT('',(89.173006414838,12.21948121133,
    2.881896163676E+03));
#281 = CARTESIAN_POINT('',(89.028004377951,13.257195108026,
    2.882235700311E+03));
#282 = CARTESIAN_POINT('',(88.871674450054,14.271674740149,
    2.882604933478E+03));
#283 = CARTESIAN_POINT('',(88.705305226034,15.261917990086,
    2.883001888097E+03));
#284 = CARTESIAN_POINT('',(88.530214335342,16.227031289791,
    2.883424534416E+03));
#285 = CARTESIAN_POINT('',(88.110181366365,18.388773229868,
    2.884451651991E+03));
#286 = CARTESIAN_POINT('',(87.860060828709,19.567616838689,
    2.885072609968E+03));
#287 = CARTESIAN_POINT('',(87.599933148029,20.702767164427,
    2.885729903264E+03));
#288 = CARTESIAN_POINT('',(87.332200755265,21.794441280422,
    2.886420128755E+03));
#289 = CARTESIAN_POINT('',(87.059088686173,22.843018340496,
    2.887140196947E+03));
#290 = CARTESIAN_POINT('',(86.567804500714,24.630722241573,
    2.888467862759E+03));
#291 = CARTESIAN_POINT('',(86.350915171522,25.38687681305,
    2.889064863397E+03));
#292 = CARTESIAN_POINT('',(86.132872050546,26.1178477411,
    2.889677128757E+03));
#293 = CARTESIAN_POINT('',(85.914512620876,26.824032818173,
    2.89030360963E+03));
#294 = CARTESIAN_POINT('',(85.696608516822,27.505835875656,
    2.890943379859E+03));
#295 = CARTESIAN_POINT('',(85.305851546737,28.691826818697,
    2.892119320824E+03));
#296 = CARTESIAN_POINT('',(85.132584243023,29.204536533614,
    2.892651056764E+03));
#297 = CARTESIAN_POINT('',(84.960436719147,29.701996252479,
    2.893190418433E+03));
#298 = CARTESIAN_POINT('',(84.789757134992,30.184398770705,
    2.893737018592E+03));
#299 = CARTESIAN_POINT('',(84.620872458979,30.651930200263,
    2.894290509144E+03));
#300 = CARTESIAN_POINT('',(83.903979610011,32.598401182844,
    2.896697902083E+03));
#301 = CARTESIAN_POINT('',(83.376422337512,33.933054955101,
    2.898617878507E+03));
#302 = CARTESIAN_POINT('',(82.883011692232,35.113401363168,
    2.90059782571E+03));
#303 = CARTESIAN_POINT('',(82.433243953535,36.143432123036,
    2.902628041737E+03));
#304 = CARTESIAN_POINT('',(82.034913828572,37.026094818563,
    2.904700963085E+03));
#305 = CARTESIAN_POINT('',(81.349287412592,38.509346532628,
    2.908947604812E+03));
#306 = CARTESIAN_POINT('',(81.063599816067,39.105897628422,
    2.911121861183E+03));
#307 = CARTESIAN_POINT('',(80.844384049168,39.552934682287,
    2.913323115194E+03));
#308 = CARTESIAN_POINT('',(80.69654565284,39.850912345964,
    2.91554227536E+03));
#309 = CARTESIAN_POINT('',(80.622577482985,40.,2.917770741391E+03));
#310 = CARTESIAN_POINT('',(80.622577482985,40.,2.92E+03));
#311 = PCURVE('',#32,#312);
#312 = DEFINITIONAL_REPRESENTATION('',(#313),#351);
#313 = B_SPLINE_CURVE_WITH_KNOTS('',6,(#314,#315,#316,#317,#318,#319,
    #320,#321,#322,#323,#324,#325,#326,#327,#328,#329,#330,#331,#332,
    #333,#334,#335,#336,#337,#338,#339,#340,#341,#342,#343,#344,#345,
    #346,#347,#348,#349,#350),.UNSPECIFIED.,.F.,.F.,(7,5,5,5,5,5,5,7),(
    0.,0.147787797856,0.237322524492,0.353868958063,0.444435849667,
    0.517150188978,0.756988404029,1.),.UNSPECIFIED.);
#314 = CARTESIAN_POINT('',(0.,160.));
#315 = CARTESIAN_POINT('',(2.133586195767E-02,160.));
#316 = CARTESIAN_POINT('',(4.263257487006E-02,160.1106184826));
#317 = CARTESIAN_POINT('',(6.373337564209E-02,160.33109246769));
#318 = CARTESIAN_POINT('',(8.448290998483E-02,160.65694136694));
#319 = CARTESIAN_POINT('',(0.104727189682,161.08000839072));
#320 = CARTESIAN_POINT('',(0.136183557753,161.89616367639));
#321 = CARTESIAN_POINT('',(0.147824503832,162.23570031078));
#322 = CARTESIAN_POINT('',(0.159227902919,162.60493347809));
#323 = CARTESIAN_POINT('',(0.170383355449,163.00188809658));
#324 = CARTESIAN_POINT('',(0.181281037278,163.42453441639));
#325 = CARTESIAN_POINT('',(0.20574960091,164.45165199078));
#326 = CARTESIAN_POINT('',(0.219137474969,165.07260996782));
#327 = CARTESIAN_POINT('',(0.232074757681,165.72990326424));
#328 = CARTESIAN_POINT('',(0.244561944932,166.42012875472));
#329 = CARTESIAN_POINT('',(0.256600429627,167.1401969469));
#330 = CARTESIAN_POINT('',(0.277200218038,168.4678627588));
#331 = CARTESIAN_POINT('',(0.285940178527,169.06486339684));
#332 = CARTESIAN_POINT('',(0.294415035414,169.67712875709));
#333 = CARTESIAN_POINT('',(0.302627512179,170.30360962997));
#334 = CARTESIAN_POINT('',(0.310580279038,170.94337985927));
#335 = CARTESIAN_POINT('',(0.324454785042,172.1193208242));
#336 = CARTESIAN_POINT('',(0.330467896412,172.65105676428));
#337 = CARTESIAN_POINT('',(0.33631660434,173.19041843269));
#338 = CARTESIAN_POINT('',(0.342002044357,173.73701859184));
#339 = CARTESIAN_POINT('',(0.347525261608,174.29050914446));
#340 = CARTESIAN_POINT('',(0.370572943377,176.69790208253));
#341 = CARTESIAN_POINT('',(0.386514490387,178.61787850731));
#342 = CARTESIAN_POINT('',(0.400725983229,180.59782570979));
#343 = CARTESIAN_POINT('',(0.413212754503,182.62804173663));
#344 = CARTESIAN_POINT('',(0.423972093902,184.70096308495));
#345 = CARTESIAN_POINT('',(0.442128204425,188.94760481237));
#346 = CARTESIAN_POINT('',(0.44947675026,191.12186118301));
#347 = CARTESIAN_POINT('',(0.455008824167,193.32311519353));
#348 = CARTESIAN_POINT('',(0.458704788232,195.54227536006));
#349 = CARTESIAN_POINT('',(0.460553991681,197.77074139134));
#350 = CARTESIAN_POINT('',(0.460553991681,200.));
#351 = ( GEOMETRIC_REPRESENTATION_CONTEXT(2) 
PARAMETRIC_REPRESENTATION_CONTEXT() REPRESENTATION_CONTEXT('2D SPACE',''
  ) );
#352 = PCURVE('',#203,#353);
#353 = DEFINITIONAL_REPRESENTATION('',(#354),#392);
#354 = B_SPLINE_CURVE_WITH_KNOTS('',6,(#355,#356,#357,#358,#359,#360,
    #361,#362,#363,#364,#365,#366,#367,#368,#369,#370,#371,#372,#373,
    #374,#375,#376,#377,#378,#379,#380,#381,#382,#383,#384,#385,#386,
    #387,#388,#389,#390,#391),.UNSPECIFIED.,.F.,.F.,(7,5,5,5,5,5,5,7),(
    0.,0.147787797856,0.237322524492,0.353868958063,0.444435849667,
    0.517150188978,0.756988404029,1.),.UNSPECIFIED.);
#355 = CARTESIAN_POINT('',(-4.712388980385,-181.));
#356 = CARTESIAN_POINT('',(-4.760394669789,-181.));
#357 = CARTESIAN_POINT('',(-4.808312261278,-180.9508363281));
#358 = CARTESIAN_POINT('',(-4.855948927908,-180.8528474326));
#359 = CARTESIAN_POINT('',(-4.90311166338,-180.7088451059));
#360 = CARTESIAN_POINT('',(-4.949589274,-180.5240482916));
#361 = CARTESIAN_POINT('',(-5.022723799438,-180.1730064148));
#362 = CARTESIAN_POINT('',(-5.050004747815,-180.0280043779));
#363 = CARTESIAN_POINT('',(-5.076972826735,-179.87167445));
#364 = CARTESIAN_POINT('',(-5.103623787102,-179.705305226));
#365 = CARTESIAN_POINT('',(-5.129951305946,-179.5302143353));
#366 = CARTESIAN_POINT('',(-5.189784922788,-179.1101813663));
#367 = CARTESIAN_POINT('',(-5.223066318015,-178.8600608287));
#368 = CARTESIAN_POINT('',(-5.255820604998,-178.599933148));
#369 = CARTESIAN_POINT('',(-5.288074595048,-178.3322007552));
#370 = CARTESIAN_POINT('',(-5.319853045193,-178.0590886861));
#371 = CARTESIAN_POINT('',(-5.375522728067,-177.5678045007));
#372 = CARTESIAN_POINT('',(-5.399597748439,-177.3509151715));
#373 = CARTESIAN_POINT('',(-5.423420810267,-177.1328720505));
#374 = CARTESIAN_POINT('',(-5.44700738595,-176.9145126208));
#375 = CARTESIAN_POINT('',(-5.470372669546,-176.6966085168));
#376 = CARTESIAN_POINT('',(-5.512126499236,-176.3058515467));
#377 = CARTESIAN_POINT('',(-5.530588266514,-176.132584243));
#378 = CARTESIAN_POINT('',(-5.548925105629,-175.9604367191));
#379 = CARTESIAN_POINT('',(-5.567144374446,-175.7897571349));
#380 = CARTESIAN_POINT('',(-5.58525333664,-175.6208724589));
#381 = CARTESIAN_POINT('',(-5.662649598033,-174.90397961));
#382 = CARTESIAN_POINT('',(-5.720953492661,-174.3764223375));
#383 = CARTESIAN_POINT('',(-5.778374702084,-173.8830116922));
#384 = CARTESIAN_POINT('',(-5.835096106918,-173.4332439535));
#385 = CARTESIAN_POINT('',(-5.891297034044,-173.0349138285));
#386 = CARTESIAN_POINT('',(-6.003752585286,-172.3492874125));
#387 = CARTESIAN_POINT('',(-6.059986600736,-172.063599816));
#388 = CARTESIAN_POINT('',(-6.115951607146,-171.8443840491));
#389 = CARTESIAN_POINT('',(-6.171742190544,-171.6965456528));
#390 = CARTESIAN_POINT('',(-6.227453841963,-171.6225774829));
#391 = CARTESIAN_POINT('',(-6.28318530718,-171.6225774829));
#392 = ( GEOMETRIC_REPRESENTATION_CONTEXT(2) 
PARAMETRIC_REPRESENTATION_CONTEXT() REPRESENTATION_CONTEXT('2D SPACE',''
  ) );
#393 = ORIENTED_EDGE('',*,*,#394,.F.);
#394 = EDGE_CURVE('',#395,#270,#397,.T.);
#395 = VERTEX_POINT('',#396);
#396 = CARTESIAN_POINT('',(90.,-2.204364238465E-14,2.72E+03));
#397 = SEAM_CURVE('',#398,(#402,#409),.PCURVE_S1.);
#398 = LINE('',#399,#400);
#399 = CARTESIAN_POINT('',(90.,-2.204364238465E-14,2.72E+03));
#400 = VECTOR('',#401,1.);
#401 = DIRECTION('',(0.,0.,1.));
#402 = PCURVE('',#32,#403);
#403 = DEFINITIONAL_REPRESENTATION('',(#404),#408);
#404 = LINE('',#405,#406);
#405 = CARTESIAN_POINT('',(6.28318530718,-0.));
#406 = VECTOR('',#407,1.);
#407 = DIRECTION('',(0.,1.));
#408 = ( GEOMETRIC_REPRESENTATION_CONTEXT(2) 
PARAMETRIC_REPRESENTATION_CONTEXT() REPRESENTATION_CONTEXT('2D SPACE',''
  ) );
#409 = PCURVE('',#32,#410);
#410 = DEFINITIONAL_REPRESENTATION('',(#411),#415);
#411 = LINE('',#412,#413);
#412 = CARTESIAN_POINT('',(0.,-0.));
#413 = VECTOR('',#414,1.);
#414 = DIRECTION('',(0.,1.));
#415 = ( GEOMETRIC_REPRESENTATION_CONTEXT(2) 
PARAMETRIC_REPRESENTATION_CONTEXT() REPRESENTATION_CONTEXT('2D SPACE',''
  ) );
#416 = ORIENTED_EDGE('',*,*,#417,.T.);
#417 = EDGE_CURVE('',#395,#395,#418,.T.);
#418 = SURFACE_CURVE('',#419,(#424,#431),.PCURVE_S1.);
#419 = CIRCLE('',#420,90.);
#420 = AXIS2_PLACEMENT_3D('',#421,#422,#423);
#421 = CARTESIAN_POINT('',(0.,0.,2.72E+03));
#422 = DIRECTION('',(0.,0.,1.));
#423 = DIRECTION('',(1.,0.,0.));
#424 = PCURVE('',#32,#425);
#425 = DEFINITIONAL_REPRESENTATION('',(#426),#430);
#426 = LINE('',#427,#428);
#427 = CARTESIAN_POINT('',(0.,0.));
#428 = VECTOR('',#429,1.);
#429 = DIRECTION('',(1.,0.));
#430 = ( GEOMETRIC_REPRESENTATION_CONTEXT(2) 
PARAMETRIC_REPRESENTATION_CONTEXT() REPRESENTATION_CONTEXT('2D SPACE',''
  ) );
#431 = PCURVE('',#432,#437);
#432 = PLANE('',#433);
#433 = AXIS2_PLACEMENT_3D('',#434,#435,#436);
#434 = CARTESIAN_POINT('',(0.,0.,2.72E+03));
#435 = DIRECTION('',(0.,0.,1.));
#436 = DIRECTION('',(1.,0.,0.));
#437 = DEFINITIONAL_REPRESENTATION('',(#438),#442);
#438 = CIRCLE('',#439,90.);
#439 = AXIS2_PLACEMENT_2D('',#440,#441);
#440 = CARTESIAN_POINT('',(0.,0.));
#441 = DIRECTION('',(1.,0.));
#442 = ( GEOMETRIC_REPRESENTATION_CONTEXT(2) 
PARAMETRIC_REPRESENTATION_CONTEXT() REPRESENTATION_CONTEXT('2D SPACE',''
  ) );
#443 = ORIENTED_EDGE('',*,*,#394,.T.);
#444 = ORIENTED_EDGE('',*,*,#445,.F.);
#445 = EDGE_CURVE('',#22,#270,#446,.T.);
#446 = SURFACE_CURVE('',#447,(#540,#636),.PCURVE_S1.);
#447 = B_SPLINE_CURVE_WITH_KNOTS('',6,(#448,#449,#450,#451,#452,#453,
    #454,#455,#456,#457,#458,#459,#460,#461,#462,#463,#464,#465,#466,
    #467,#468,#469,#470,#471,#472,#473,#474,#475,#476,#477,#478,#479,
    #480,#481,#482,#483,#484,#485,#486,#487,#488,#489,#490,#491,#492,
    #493,#494,#495,#496,#497,#498,#499,#500,#501,#502,#503,#504,#505,
    #506,#507,#508,#509,#510,#511,#512,#513,#514,#515,#516,#517,#518,
    #519,#520,#521,#522,#523,#524,#525,#526,#527,#528,#529,#530,#531,
    #532,#533,#534,#535,#536,#537,#538,#539),.UNSPECIFIED.,.F.,.F.,(7,5,
    5,5,5,5,5,5,5,5,5,5,5,5,5,5,5,5,7),(0.,7.389362838296E-02,
    0.118660827784,0.176933831226,0.222217111261,0.258574147825,
    0.378492816367,0.499998169561,0.621574203463,0.741293191619,
    0.777526586978,0.823212339005,0.880982870023,0.926076026162,
    0.998038339344,0.998557882895,0.999014444568,0.999455258586,1.),
  .UNSPECIFIED.);
#448 = CARTESIAN_POINT('',(90.,-7.105427357601E-15,2.96E+03));
#449 = CARTESIAN_POINT('',(90.,-1.920227575719,2.96E+03));
#450 = CARTESIAN_POINT('',(89.950836328182,-3.83693138062,
    2.959889381517E+03));
#451 = CARTESIAN_POINT('',(89.852847432664,-5.734431796398,
    2.959668907532E+03));
#452 = CARTESIAN_POINT('',(89.708845105908,-7.597193612784,
    2.959343058633E+03));
#453 = CARTESIAN_POINT('',(89.524048291695,-9.41025629152,
    2.958919991609E+03));
#454 = CARTESIAN_POINT('',(89.173006414838,-12.21948121133,
    2.958103836324E+03));
#455 = CARTESIAN_POINT('',(89.028004377952,-13.25719510802,
    2.957764299689E+03));
#456 = CARTESIAN_POINT('',(88.871674450054,-14.27167474014,
    2.957395066522E+03));
#457 = CARTESIAN_POINT('',(88.705305226034,-15.26191799008,
    2.956998111903E+03));
#458 = CARTESIAN_POINT('',(88.530214335342,-16.22703128979,
    2.956575465584E+03));
#459 = CARTESIAN_POINT('',(88.110181366263,-18.38877323039,
    2.955548348009E+03));
#460 = CARTESIAN_POINT('',(87.860060828717,-19.56761683856,
    2.954927390032E+03));
#461 = CARTESIAN_POINT('',(87.59993314814,-20.70276716394,
    2.954270096736E+03));
#462 = CARTESIAN_POINT('',(87.332200755317,-21.79444128028,
    2.953579871245E+03));
#463 = CARTESIAN_POINT('',(87.059088686052,-22.84301834093,
    2.952859803053E+03));
#464 = CARTESIAN_POINT('',(86.567804500715,-24.63072224156,
    2.951532137241E+03));
#465 = CARTESIAN_POINT('',(86.350915171523,-25.38687681304,
    2.950935136603E+03));
#466 = CARTESIAN_POINT('',(86.132872050546,-26.1178477411,
    2.950322871243E+03));
#467 = CARTESIAN_POINT('',(85.914512620876,-26.82403281817,
    2.94969639037E+03));
#468 = CARTESIAN_POINT('',(85.696608516821,-27.50583587565,
    2.949056620141E+03));
#469 = CARTESIAN_POINT('',(85.305851546737,-28.69182681869,
    2.947880679176E+03));
#470 = CARTESIAN_POINT('',(85.132584243023,-29.20453653361,
    2.947348943236E+03));
#471 = CARTESIAN_POINT('',(84.960436719148,-29.70199625247,
    2.946809581567E+03));
#472 = CARTESIAN_POINT('',(84.789757134992,-30.1843987707,
    2.946262981408E+03));
#473 = CARTESIAN_POINT('',(84.620872458979,-30.65193020026,
    2.945709490856E+03));
#474 = CARTESIAN_POINT('',(83.903979610012,-32.59840118284,
    2.943302097917E+03));
#475 = CARTESIAN_POINT('',(83.376422337512,-33.9330549551,
    2.941382121493E+03));
#476 = CARTESIAN_POINT('',(82.88301169223,-35.11340136317,
    2.93940217429E+03));
#477 = CARTESIAN_POINT('',(82.433243953536,-36.14343212303,
    2.937371958263E+03));
#478 = CARTESIAN_POINT('',(82.034913828572,-37.02609481856,
    2.935299036915E+03));
#479 = CARTESIAN_POINT('',(81.349287412592,-38.50934653262,
    2.931052395188E+03));
#480 = CARTESIAN_POINT('',(81.063599816067,-39.10589762842,
    2.928878138817E+03));
#481 = CARTESIAN_POINT('',(80.844384049169,-39.55293468228,
    2.926676884806E+03));
#482 = CARTESIAN_POINT('',(80.696545652839,-39.85091234596,
    2.92445772464E+03));
#483 = CARTESIAN_POINT('',(80.622577482985,-40.,2.922229258609E+03));
#484 = CARTESIAN_POINT('',(80.622577482985,-40.,2.917769444612E+03));
#485 = CARTESIAN_POINT('',(80.696631733403,-39.85073884482,
    2.915539684072E+03));
#486 = CARTESIAN_POINT('',(80.844641953669,-39.55241485973,
    2.913319245653E+03));
#487 = CARTESIAN_POINT('',(81.064109563009,-39.1048581057,
    2.91111674388E+03));
#488 = CARTESIAN_POINT('',(81.350117863435,-38.50761243669,
    2.908941285923E+03));
#489 = CARTESIAN_POINT('',(82.035721148379,-37.0242865767,
    2.904697124052E+03));
#490 = CARTESIAN_POINT('',(82.433447597269,-36.14290223091,
    2.902627712736E+03));
#491 = CARTESIAN_POINT('',(82.88243365066,-35.11463624536,
    2.900600871874E+03));
#492 = CARTESIAN_POINT('',(83.37492273275,-33.93655670392,
    2.89862412914E+03));
#493 = CARTESIAN_POINT('',(83.901468042445,-32.60469444863,
    2.896707135688E+03));
#494 = CARTESIAN_POINT('',(84.616718899327,-30.66336472635,
    2.894304218559E+03));
#495 = CARTESIAN_POINT('',(84.784989631045,-30.19773418004,
    2.893752466101E+03));
#496 = CARTESIAN_POINT('',(84.955048686108,-29.71733659341,
    2.893207551404E+03));
#497 = CARTESIAN_POINT('',(85.12657266747,-29.22198793602,
    2.892669818609E+03));
#498 = CARTESIAN_POINT('',(85.299217300879,-28.71149755755,
    2.892139650405E+03));
#499 = CARTESIAN_POINT('',(85.691250536008,-27.52266263218,
    2.890959061369E+03));
#500 = CARTESIAN_POINT('',(85.911085377598,-26.83526684656,
    2.890313346297E+03));
#501 = CARTESIAN_POINT('',(86.131394429432,-26.12305907502,
    2.88968114484E+03));
#502 = CARTESIAN_POINT('',(86.351385813076,-25.38562464019,
    2.889063407145E+03));
#503 = CARTESIAN_POINT('',(86.570199447844,-24.62255508712,
    2.88846121081E+03));
#504 = CARTESIAN_POINT('',(87.060931996689,-22.83560595219,
    2.887135446859E+03));
#505 = CARTESIAN_POINT('',(87.33165336908,-21.79588928461,
    2.886421732491E+03));
#506 = CARTESIAN_POINT('',(87.59708267647,-20.71381612909,
    2.885737354914E+03));
#507 = CARTESIAN_POINT('',(87.855052665271,-19.58901532695,
    2.885085323161E+03));
#508 = CARTESIAN_POINT('',(88.103224508848,-18.42127192432,
    2.88446894964E+03));
#509 = CARTESIAN_POINT('',(88.523209986066,-16.26555414489,
    2.88344144834E+03));
#510 = CARTESIAN_POINT('',(88.69985586403,-15.29422754242,
    2.883014897592E+03));
#511 = CARTESIAN_POINT('',(88.867683973834,-14.29738846419,
    2.882614366426E+03));
#512 = CARTESIAN_POINT('',(89.025348372779,-13.2759432988,
    2.882241927421E+03));
#513 = CARTESIAN_POINT('',(89.171532358048,-12.23091004625,
    2.88189959802E+03));
#514 = CARTESIAN_POINT('',(89.517923640102,-9.459853596145,
    2.881094236398E+03));
#515 = CARTESIAN_POINT('',(89.6987943169,-7.696090308712,
    2.880679952506E+03));
#516 = CARTESIAN_POINT('',(89.841163074356,-5.884911803802,
    2.880357540839E+03));
#517 = CARTESIAN_POINT('',(89.940181322975,-4.039984172725,
    2.88013460027E+03));
#518 = CARTESIAN_POINT('',(89.993127295224,-2.175501659323,
    2.880015463935E+03));
#519 = CARTESIAN_POINT('',(89.999526294113,-0.292316689523,
    2.88000106585E+03));
#520 = CARTESIAN_POINT('',(89.999569732409,-0.278818085844,
    2.880000968111E+03));
#521 = CARTESIAN_POINT('',(89.999610741457,-0.265319388744,
    2.880000875839E+03));
#522 = CARTESIAN_POINT('',(89.999649321179,-0.251820604845,
    2.880000789033E+03));
#523 = CARTESIAN_POINT('',(89.999685471508,-0.23832174077,
    2.880000707694E+03));
#524 = CARTESIAN_POINT('',(89.999748825425,-0.212960279718,
    2.880000565146E+03));
#525 = CARTESIAN_POINT('',(89.999776582335,-0.201097699494,
    2.880000502692E+03));
#526 = CARTESIAN_POINT('',(89.999802463068,-0.189235066964,
    2.88000044446E+03));
#527 = CARTESIAN_POINT('',(89.999826467586,-0.177372386622,
    2.880000390449E+03));
#528 = CARTESIAN_POINT('',(89.999848595856,-0.165509662965,
    2.88000034066E+03));
#529 = CARTESIAN_POINT('',(89.999888401313,-0.142193306594,
    2.880000251098E+03));
#530 = CARTESIAN_POINT('',(89.9999062057,-0.130739676512,
    2.880000211038E+03));
#531 = CARTESIAN_POINT('',(89.999922260985,-0.119286014287,
    2.880000174913E+03));
#532 = CARTESIAN_POINT('',(89.999936567145,-0.107832323967,
    2.880000142724E+03));
#533 = CARTESIAN_POINT('',(89.999949124162,-9.637860959651E-02,
    2.880000114471E+03));
#534 = CARTESIAN_POINT('',(89.99997328797,-7.077078026559E-02,
    2.880000060102E+03));
#535 = CARTESIAN_POINT('',(89.999983972764,-5.661665475897E-02,
    2.880000036061E+03));
#536 = CARTESIAN_POINT('',(89.999991986377,-4.246250634314E-02,
    2.880000018031E+03));
#537 = CARTESIAN_POINT('',(89.999997328792,-2.830834265542E-02,
    2.88000000601E+03));
#538 = CARTESIAN_POINT('',(90.,-1.415417133042E-02,2.88E+03));
#539 = CARTESIAN_POINT('',(90.,-1.42108547152E-14,2.88E+03));
#540 = PCURVE('',#32,#541);
#541 = DEFINITIONAL_REPRESENTATION('',(#542),#635);
#542 = B_SPLINE_CURVE_WITH_KNOTS('',6,(#543,#544,#545,#546,#547,#548,
    #549,#550,#551,#552,#553,#554,#555,#556,#557,#558,#559,#560,#561,
    #562,#563,#564,#565,#566,#567,#568,#569,#570,#571,#572,#573,#574,
    #575,#576,#577,#578,#579,#580,#581,#582,#583,#584,#585,#586,#587,
    #588,#589,#590,#591,#592,#593,#594,#595,#596,#597,#598,#599,#600,
    #601,#602,#603,#604,#605,#606,#607,#608,#609,#610,#611,#612,#613,
    #614,#615,#616,#617,#618,#619,#620,#621,#622,#623,#624,#625,#626,
    #627,#628,#629,#630,#631,#632,#633,#634),.UNSPECIFIED.,.F.,.F.,(7,5,
    5,5,5,5,5,5,5,5,5,5,5,5,5,5,5,5,7),(0.,7.389362838296E-02,
    0.118660827784,0.176933831226,0.222217111261,0.258574147825,
    0.378492816367,0.499998169561,0.621574203463,0.741293191619,
    0.777526586978,0.823212339005,0.880982870023,0.926076026162,
    0.998038339344,0.998557882895,0.999014444568,0.999455258586,1.),
  .UNSPECIFIED.);
#543 = CARTESIAN_POINT('',(6.28318530718,240.));
#544 = CARTESIAN_POINT('',(6.261849445227,240.));
#545 = CARTESIAN_POINT('',(6.240552732308,239.88938151744));
#546 = CARTESIAN_POINT('',(6.219451931532,239.66890753224));
#547 = CARTESIAN_POINT('',(6.198702397193,239.34305863296));
#548 = CARTESIAN_POINT('',(6.178458117503,238.91999160941));
#549 = CARTESIAN_POINT('',(6.147001749427,238.1038363236));
#550 = CARTESIAN_POINT('',(6.135360803347,237.76429968922));
#551 = CARTESIAN_POINT('',(6.123957404261,237.3950665219));
#552 = CARTESIAN_POINT('',(6.11280195173,236.99811190342));
#553 = CARTESIAN_POINT('',(6.101904269902,236.5754655836));
#554 = CARTESIAN_POINT('',(6.077435706263,235.54834800896));
#555 = CARTESIAN_POINT('',(6.064047832212,234.92739003218));
#556 = CARTESIAN_POINT('',(6.051110549505,234.27009673604));
#557 = CARTESIAN_POINT('',(6.038623362249,233.57987124542));
#558 = CARTESIAN_POINT('',(6.026584877547,232.85980305277));
#559 = CARTESIAN_POINT('',(6.005985089142,231.5321372412));
#560 = CARTESIAN_POINT('',(5.997245128652,230.93513660315));
#561 = CARTESIAN_POINT('',(5.988770271766,230.3228712429));
#562 = CARTESIAN_POINT('',(5.980557795,229.69639037002));
#563 = CARTESIAN_POINT('',(5.972605028142,229.05662014072));
#564 = CARTESIAN_POINT('',(5.958730522137,227.88067917579));
#565 = CARTESIAN_POINT('',(5.952717410767,227.34894323571));
#566 = CARTESIAN_POINT('',(5.946868702839,226.8095815673));
#567 = CARTESIAN_POINT('',(5.941183262822,226.26298140815));
#568 = CARTESIAN_POINT('',(5.935660045572,225.70949085553));
#569 = CARTESIAN_POINT('',(5.912612363803,223.30209791746));
#570 = CARTESIAN_POINT('',(5.896670816793,221.38212149268));
#571 = CARTESIAN_POINT('',(5.882459323951,219.40217429019));
#572 = CARTESIAN_POINT('',(5.869972552676,217.37195826336));
#573 = CARTESIAN_POINT('',(5.859213213277,215.29903691505));
#574 = CARTESIAN_POINT('',(5.841057102754,211.05239518762));
#575 = CARTESIAN_POINT('',(5.833708556919,208.87813881698));
#576 = CARTESIAN_POINT('',(5.828176483013,206.67688480647));
#577 = CARTESIAN_POINT('',(5.824480518947,204.45772463993));
#578 = CARTESIAN_POINT('',(5.822631315498,202.22925860865));
#579 = CARTESIAN_POINT('',(5.822631315498,197.76944461247));
#580 = CARTESIAN_POINT('',(5.824482670958,195.53968407232));
#581 = CARTESIAN_POINT('',(5.828182930639,193.319245653));
#582 = CARTESIAN_POINT('',(5.833721420938,191.11674387974));
#583 = CARTESIAN_POINT('',(5.841078463988,188.94128592281));
#584 = CARTESIAN_POINT('',(5.859235214497,184.69712405165));
#585 = CARTESIAN_POINT('',(5.869978849523,182.62771273611));
#586 = CARTESIAN_POINT('',(5.882444181696,180.60087187422));
#587 = CARTESIAN_POINT('',(5.896628504591,178.62412914035));
#588 = CARTESIAN_POINT('',(5.912537102729,176.70713568783));
#589 = CARTESIAN_POINT('',(5.935524874247,174.30421855931));
#590 = CARTESIAN_POINT('',(5.941025910597,173.75246610091));
#591 = CARTESIAN_POINT('',(5.946688051966,173.20755140436));
#592 = CARTESIAN_POINT('',(5.952512330577,172.66981860921));
#593 = CARTESIAN_POINT('',(5.958499867998,172.13965040495));
#594 = CARTESIAN_POINT('',(5.972408824776,170.95906136881));
#595 = CARTESIAN_POINT('',(5.980427306918,170.31334629655));
#596 = CARTESIAN_POINT('',(5.988710100955,169.68114484043));
#597 = CARTESIAN_POINT('',(5.997259947499,169.06340714493));
#598 = CARTESIAN_POINT('',(6.006079642608,168.46121080959));
#599 = CARTESIAN_POINT('',(6.026669720661,167.13544685938));
#600 = CARTESIAN_POINT('',(6.038606265577,166.42173249128));
#601 = CARTESIAN_POINT('',(6.050983801264,165.73735491419));
#602 = CARTESIAN_POINT('',(6.063803705901,165.08532316125));
#603 = CARTESIAN_POINT('',(6.077066493566,164.46894964036));
#604 = CARTESIAN_POINT('',(6.101469253341,163.44144834022));
#605 = CARTESIAN_POINT('',(6.112437932401,163.01489759232));
#606 = CARTESIAN_POINT('',(6.123668316269,162.61436642648));
#607 = CARTESIAN_POINT('',(6.135150431235,162.24192742053));
#608 = CARTESIAN_POINT('',(6.146873711499,161.89959801963));
#609 = CARTESIAN_POINT('',(6.177902851069,161.094236398));
#610 = CARTESIAN_POINT('',(6.197598158709,160.67995250619));
#611 = CARTESIAN_POINT('',(6.217775646676,160.35754083946));
#612 = CARTESIAN_POINT('',(6.238294585084,160.13460027039));
#613 = CARTESIAN_POINT('',(6.25901294005,160.01546393472));
#614 = CARTESIAN_POINT('',(6.27993733829,160.00106584953));
#615 = CARTESIAN_POINT('',(6.280087323549,160.00096811133));
#616 = CARTESIAN_POINT('',(6.280237309761,160.00087583927));
#617 = CARTESIAN_POINT('',(6.280387296858,160.00078903348));
#618 = CARTESIAN_POINT('',(6.280537284772,160.00070769407));
#619 = CARTESIAN_POINT('',(6.280819079663,160.00056514595));
#620 = CARTESIAN_POINT('',(6.280950886469,160.00050269222));
#621 = CARTESIAN_POINT('',(6.281082693808,160.00044446002));
#622 = CARTESIAN_POINT('',(6.281214501635,160.00039044941));
#623 = CARTESIAN_POINT('',(6.281346309903,160.00034066046));
#624 = CARTESIAN_POINT('',(6.281605380907,160.00025109765));
#625 = CARTESIAN_POINT('',(6.281732643616,160.00021103759));
#626 = CARTESIAN_POINT('',(6.281859906652,160.00017491307));
#627 = CARTESIAN_POINT('',(6.281987169975,160.00014272411));
#628 = CARTESIAN_POINT('',(6.282114433543,160.00011447076));
#629 = CARTESIAN_POINT('',(6.282398965107,160.00006010209));
#630 = CARTESIAN_POINT('',(6.28255623321,160.00003606128));
#631 = CARTESIAN_POINT('',(6.282713501547,160.00001803065));
#632 = CARTESIAN_POINT('',(6.282870770039,160.00000601021));
#633 = CARTESIAN_POINT('',(6.283028038609,160.));
#634 = CARTESIAN_POINT('',(6.28318530718,160.));
#635 = ( GEOMETRIC_REPRESENTATION_CONTEXT(2) 
PARAMETRIC_REPRESENTATION_CONTEXT() REPRESENTATION_CONTEXT('2D SPACE',''
  ) );
#636 = PCURVE('',#203,#637);
#637 = DEFINITIONAL_REPRESENTATION('',(#638),#731);
#638 = B_SPLINE_CURVE_WITH_KNOTS('',6,(#639,#640,#641,#642,#643,#644,
    #645,#646,#647,#648,#649,#650,#651,#652,#653,#654,#655,#656,#657,
    #658,#659,#660,#661,#662,#663,#664,#665,#666,#667,#668,#669,#670,
    #671,#672,#673,#674,#675,#676,#677,#678,#679,#680,#681,#682,#683,
    #684,#685,#686,#687,#688,#689,#690,#691,#692,#693,#694,#695,#696,
    #697,#698,#699,#700,#701,#702,#703,#704,#705,#706,#707,#708,#709,
    #710,#711,#712,#713,#714,#715,#716,#717,#718,#719,#720,#721,#722,
    #723,#724,#725,#726,#727,#728,#729,#730),.UNSPECIFIED.,.F.,.F.,(7,5,
    5,5,5,5,5,5,5,5,5,5,5,5,5,5,5,5,7),(0.,7.389362838296E-02,
    0.118660827784,0.176933831226,0.222217111261,0.258574147825,
    0.378492816367,0.499998169561,0.621574203463,0.741293191619,
    0.777526586978,0.823212339005,0.880982870023,0.926076026162,
    0.998038339344,0.998557882895,0.999014444568,0.999455258586,1.),
  .UNSPECIFIED.);
#639 = CARTESIAN_POINT('',(-1.570796326795,-181.));
#640 = CARTESIAN_POINT('',(-1.618802016188,-181.));
#641 = CARTESIAN_POINT('',(-1.666719607691,-180.9508363281));
#642 = CARTESIAN_POINT('',(-1.714356274329,-180.8528474326));
#643 = CARTESIAN_POINT('',(-1.761519009793,-180.7088451059));
#644 = CARTESIAN_POINT('',(-1.807996620398,-180.5240482916));
#645 = CARTESIAN_POINT('',(-1.881131145849,-180.1730064148));
#646 = CARTESIAN_POINT('',(-1.908412094225,-180.0280043779));
#647 = CARTESIAN_POINT('',(-1.935380173145,-179.87167445));
#648 = CARTESIAN_POINT('',(-1.962031133513,-179.705305226));
#649 = CARTESIAN_POINT('',(-1.988358652356,-179.5302143353));
#650 = CARTESIAN_POINT('',(-2.048192269213,-179.1101813662));
#651 = CARTESIAN_POINT('',(-2.081473664422,-178.8600608287));
#652 = CARTESIAN_POINT('',(-2.114227951394,-178.5999331481));
#653 = CARTESIAN_POINT('',(-2.146481941453,-178.3322007553));
#654 = CARTESIAN_POINT('',(-2.178260391617,-178.059088686));
#655 = CARTESIAN_POINT('',(-2.233930074477,-177.5678045007));
#656 = CARTESIAN_POINT('',(-2.258005094849,-177.3509151715));
#657 = CARTESIAN_POINT('',(-2.281828156677,-177.1328720505));
#658 = CARTESIAN_POINT('',(-2.305414732361,-176.9145126208));
#659 = CARTESIAN_POINT('',(-2.328780015956,-176.6966085168));
#660 = CARTESIAN_POINT('',(-2.370533845646,-176.3058515467));
#661 = CARTESIAN_POINT('',(-2.388995612924,-176.132584243));
#662 = CARTESIAN_POINT('',(-2.407332452039,-175.9604367191));
#663 = CARTESIAN_POINT('',(-2.425551720856,-175.7897571349));
#664 = CARTESIAN_POINT('',(-2.44366068305,-175.6208724589));
#665 = CARTESIAN_POINT('',(-2.521056944444,-174.90397961));
#666 = CARTESIAN_POINT('',(-2.579360839072,-174.3764223375));
#667 = CARTESIAN_POINT('',(-2.636782048494,-173.8830116922));
#668 = CARTESIAN_POINT('',(-2.693503453329,-173.4332439535));
#669 = CARTESIAN_POINT('',(-2.749704380454,-173.0349138285));
#670 = CARTESIAN_POINT('',(-2.862159931697,-172.3492874125));
#671 = CARTESIAN_POINT('',(-2.918393947146,-172.063599816));
#672 = CARTESIAN_POINT('',(-2.974358953556,-171.8443840491));
#673 = CARTESIAN_POINT('',(-3.030149536954,-171.6965456528));
#674 = CARTESIAN_POINT('',(-3.085861188374,-171.6225774829));
#675 = CARTESIAN_POINT('',(-3.197356538278,-171.6225774829));
#676 = CARTESIAN_POINT('',(-3.253100552427,-171.6966317334));
#677 = CARTESIAN_POINT('',(-3.308923636169,-171.8446419536));
#678 = CARTESIAN_POINT('',(-3.364921464524,-172.064109563));
#679 = CARTESIAN_POINT('',(-3.421188806513,-172.3501178634));
#680 = CARTESIAN_POINT('',(-3.533586442151,-173.0357211483));
#681 = CARTESIAN_POINT('',(-3.589694725766,-173.4334475972));
#682 = CARTESIAN_POINT('',(-3.646321869469,-173.8824336506));
#683 = CARTESIAN_POINT('',(-3.703646286268,-174.3749227327));
#684 = CARTESIAN_POINT('',(-3.761849932655,-174.9014680424));
#685 = CARTESIAN_POINT('',(-3.839078375509,-175.6167188993));
#686 = CARTESIAN_POINT('',(-3.857123522776,-175.784989631));
#687 = CARTESIAN_POINT('',(-3.875278103181,-175.9550486861));
#688 = CARTESIAN_POINT('',(-3.893549302505,-176.1265726674));
#689 = CARTESIAN_POINT('',(-3.911944399421,-176.2992173008));
#690 = CARTESIAN_POINT('',(-3.953830546833,-176.691250536));
#691 = CARTESIAN_POINT('',(-3.977399259043,-176.9110853775));
#692 = CARTESIAN_POINT('',(-4.001193009617,-177.1313944294));
#693 = CARTESIAN_POINT('',(-4.025227394938,-177.351385813));
#694 = CARTESIAN_POINT('',(-4.049518299641,-177.5701994478));
#695 = CARTESIAN_POINT('',(-4.105144492114,-178.0609319966));
#696 = CARTESIAN_POINT('',(-4.136650967332,-178.331653369));
#697 = CARTESIAN_POINT('',(-4.168624858455,-178.5970826764));
#698 = CARTESIAN_POINT('',(-4.201090344114,-178.8550526652));
#699 = CARTESIAN_POINT('',(-4.234073582456,-179.1032245088));
#700 = CARTESIAN_POINT('',(-4.293775331102,-179.523209986));
#701 = CARTESIAN_POINT('',(-4.320284051953,-179.699855864));
#702 = CARTESIAN_POINT('',(-4.347120925232,-179.8676839738));
#703 = CARTESIAN_POINT('',(-4.374279594515,-180.0253483727));
#704 = CARTESIAN_POINT('',(-4.401755831466,-180.171532358));
#705 = CARTESIAN_POINT('',(-4.473898750346,-180.5179236401));
#706 = CARTESIAN_POINT('',(-4.519131322189,-180.6987943169));
#707 = CARTESIAN_POINT('',(-4.565018220372,-180.8411630743));
#708 = CARTESIAN_POINT('',(-4.611366529619,-180.9401813229));
#709 = CARTESIAN_POINT('',(-4.657999998276,-180.9931272952));
#710 = CARTESIAN_POINT('',(-4.705080998527,-180.9995262941));
#711 = CARTESIAN_POINT('',(-4.705418472437,-180.9995697324));
#712 = CARTESIAN_POINT('',(-4.705755947707,-180.9996107414));
#713 = CARTESIAN_POINT('',(-4.706093424241,-180.9996493211));
#714 = CARTESIAN_POINT('',(-4.706430901941,-180.9996854715));
#715 = CARTESIAN_POINT('',(-4.707064948483,-180.9997488254));
#716 = CARTESIAN_POINT('',(-4.70736151708,-180.9997765823));
#717 = CARTESIAN_POINT('',(-4.707658086438,-180.999802463));
#718 = CARTESIAN_POINT('',(-4.707954656492,-180.9998264675));
#719 = CARTESIAN_POINT('',(-4.708251227177,-180.9998485958));
#720 = CARTESIAN_POINT('',(-4.708834140386,-180.9998884013));
#721 = CARTESIAN_POINT('',(-4.709120482873,-180.9999062057));
#722 = CARTESIAN_POINT('',(-4.709406825827,-180.9999222609));
#723 = CARTESIAN_POINT('',(-4.709693169191,-180.9999365671));
#724 = CARTESIAN_POINT('',(-4.709979512904,-180.9999491241));
#725 = CARTESIAN_POINT('',(-4.710619710081,-180.9999732879));
#726 = CARTESIAN_POINT('',(-4.710973563697,-180.9999839727));
#727 = CARTESIAN_POINT('',(-4.711327417646,-180.9999919863));
#728 = CARTESIAN_POINT('',(-4.711681271818,-180.9999973287));
#729 = CARTESIAN_POINT('',(-4.712035126101,-181.));
#730 = CARTESIAN_POINT('',(-4.712388980385,-181.));
#731 = ( GEOMETRIC_REPRESENTATION_CONTEXT(2) 
PARAMETRIC_REPRESENTATION_CONTEXT() REPRESENTATION_CONTEXT('2D SPACE',''
  ) );
#732 = FACE_BOUND('',#733,.T.);
#733 = EDGE_LOOP('',(#734));
#734 = ORIENTED_EDGE('',*,*,#735,.T.);
#735 = EDGE_CURVE('',#736,#736,#738,.T.);
#736 = VERTEX_POINT('',#737);
#737 = CARTESIAN_POINT('',(-80.62257748298,40.,2.92E+03));
#738 = SURFACE_CURVE('',#739,(#922,#1108),.PCURVE_S1.);
#739 = B_SPLINE_CURVE_WITH_KNOTS('',6,(#740,#741,#742,#743,#744,#745,
    #746,#747,#748,#749,#750,#751,#752,#753,#754,#755,#756,#757,#758,
    #759,#760,#761,#762,#763,#764,#765,#766,#767,#768,#769,#770,#771,
    #772,#773,#774,#775,#776,#777,#778,#779,#780,#781,#782,#783,#784,
    #785,#786,#787,#788,#789,#790,#791,#792,#793,#794,#795,#796,#797,
    #798,#799,#800,#801,#802,#803,#804,#805,#806,#807,#808,#809,#810,
    #811,#812,#813,#814,#815,#816,#817,#818,#819,#820,#821,#822,#823,
    #824,#825,#826,#827,#828,#829,#830,#831,#832,#833,#834,#835,#836,
    #837,#838,#839,#840,#841,#842,#843,#844,#845,#846,#847,#848,#849,
    #850,#851,#852,#853,#854,#855,#856,#857,#858,#859,#860,#861,#862,
    #863,#864,#865,#866,#867,#868,#869,#870,#871,#872,#873,#874,#875,
    #876,#877,#878,#879,#880,#881,#882,#883,#884,#885,#886,#887,#888,
    #889,#890,#891,#892,#893,#894,#895,#896,#897,#898,#899,#900,#901,
    #902,#903,#904,#905,#906,#907,#908,#909,#910,#911,#912,#913,#914,
    #915,#916,#917,#918,#919,#920,#921),.UNSPECIFIED.,.T.,.F.,(7,5,5,5,5
    ,5,5,5,5,5,5,5,5,5,5,5,5,5,5,5,5,5,5,5,5,5,5,5,5,5,5,5,5,5,5,5,7),(
    0.,6.078046003487E-02,0.120632512635,0.138746958127,0.161586994417,
    0.190468669042,0.21301244423,0.248989127821,0.249248867303,
    0.249477119761,0.24969749937,0.249925748509,0.286916566386,
    0.309300170063,0.338436677148,0.361078321181,0.379256842687,
    0.439216187592,0.499968874964,0.560756902696,0.620616407387,
    0.63873310828,0.661575988344,0.69046125898,0.713007841054,
    0.748989004035,0.749248775857,0.749477056734,0.749697463782,
    0.74992574134,0.786921164883,0.809307555512,0.838447690141,
    0.861092153239,0.879272938116,0.939239748434,1.),.UNSPECIFIED.);
#740 = CARTESIAN_POINT('',(-80.62257748298,40.,2.92E+03));
#741 = CARTESIAN_POINT('',(-80.62257748298,40.,2.922230555388E+03));
#742 = CARTESIAN_POINT('',(-80.6966317334,39.85073884483,
    2.924460315928E+03));
#743 = CARTESIAN_POINT('',(-80.84464195367,39.552414859728,
    2.926680754347E+03));
#744 = CARTESIAN_POINT('',(-81.06410956301,39.104858105702,
    2.92888325612E+03));
#745 = CARTESIAN_POINT('',(-81.35011786343,38.507612436696,
    2.931058714077E+03));
#746 = CARTESIAN_POINT('',(-82.03572114842,37.024286576613,
    2.935302875949E+03));
#747 = CARTESIAN_POINT('',(-82.43344759729,36.142902230856,
    2.937372287264E+03));
#748 = CARTESIAN_POINT('',(-82.88243365058,35.114636245506,
    2.939399128125E+03));
#749 = CARTESIAN_POINT('',(-83.37492273266,33.93655670419,
    2.941375870859E+03));
#750 = CARTESIAN_POINT('',(-83.90146804257,32.604694448278,
    2.943292864313E+03));
#751 = CARTESIAN_POINT('',(-84.61671889932,30.66336472636,
    2.945695781441E+03));
#752 = CARTESIAN_POINT('',(-84.78498963104,30.197734180047,
    2.946247533899E+03));
#753 = CARTESIAN_POINT('',(-84.9550486861,29.717336593418,
    2.946792448596E+03));
#754 = CARTESIAN_POINT('',(-85.12657266747,29.221987936028,
    2.947330181391E+03));
#755 = CARTESIAN_POINT('',(-85.29921730088,28.711497557551,
    2.947860349595E+03));
#756 = CARTESIAN_POINT('',(-85.691250536,27.522662632188,
    2.949040938631E+03));
#757 = CARTESIAN_POINT('',(-85.91108537759,26.835266846568,
    2.949686653703E+03));
#758 = CARTESIAN_POINT('',(-86.13139442943,26.123059075028,
    2.95031885516E+03));
#759 = CARTESIAN_POINT('',(-86.35138581307,25.385624640196,
    2.950936592855E+03));
#760 = CARTESIAN_POINT('',(-86.57019944784,24.62255508713,
    2.95153878919E+03));
#761 = CARTESIAN_POINT('',(-87.06093199672,22.835605952078,
    2.952864553141E+03));
#762 = CARTESIAN_POINT('',(-87.33165336906,21.795889284648,
    2.953578267509E+03));
#763 = CARTESIAN_POINT('',(-87.59708267643,20.713816129232,
    2.954262645086E+03));
#764 = CARTESIAN_POINT('',(-87.85505266526,19.589015326988,
    2.954914676839E+03));
#765 = CARTESIAN_POINT('',(-88.10322450887,18.421271924176,
    2.95553105036E+03));
#766 = CARTESIAN_POINT('',(-88.52320998608,16.26555414481,
    2.95655855166E+03));
#767 = CARTESIAN_POINT('',(-88.69985586402,15.294227542449,
    2.956985102408E+03));
#768 = CARTESIAN_POINT('',(-88.86768397381,14.297388464298,
    2.957385633573E+03));
#769 = CARTESIAN_POINT('',(-89.02534837277,13.275943298836,
    2.957758072579E+03));
#770 = CARTESIAN_POINT('',(-89.17153235806,12.230910046142,
    2.95810040198E+03));
#771 = CARTESIAN_POINT('',(-89.5179236401,9.459853596144,
    2.958905763602E+03));
#772 = CARTESIAN_POINT('',(-89.69879431689,7.696090308717,
    2.959320047494E+03));
#773 = CARTESIAN_POINT('',(-89.84116307435,5.884911803802,
    2.959642459161E+03));
#774 = CARTESIAN_POINT('',(-89.94018132297,4.039984172727,
    2.95986539973E+03));
#775 = CARTESIAN_POINT('',(-89.99312729522,2.175501659324,
    2.959984536065E+03));
#776 = CARTESIAN_POINT('',(-89.99952629411,0.292316689524,
    2.95999893415E+03));
#777 = CARTESIAN_POINT('',(-89.9995697324,0.278818085845,
    2.959999031889E+03));
#778 = CARTESIAN_POINT('',(-89.99961074145,0.265319388745,
    2.959999124161E+03));
#779 = CARTESIAN_POINT('',(-89.99964932117,0.251820604846,
    2.959999210967E+03));
#780 = CARTESIAN_POINT('',(-89.9996854715,0.238321740771,
    2.959999292306E+03));
#781 = CARTESIAN_POINT('',(-89.99974882542,0.21296027972,
    2.959999434854E+03));
#782 = CARTESIAN_POINT('',(-89.99977658233,0.201097699496,
    2.959999497308E+03));
#783 = CARTESIAN_POINT('',(-89.99980246306,0.189235066965,
    2.95999955554E+03));
#784 = CARTESIAN_POINT('',(-89.99982646758,0.177372386624,
    2.959999609551E+03));
#785 = CARTESIAN_POINT('',(-89.99984859585,0.165509662966,
    2.95999965934E+03));
#786 = CARTESIAN_POINT('',(-89.99988840131,0.142193306595,
    2.959999748902E+03));
#787 = CARTESIAN_POINT('',(-89.9999062057,0.130739676513,
    2.959999788962E+03));
#788 = CARTESIAN_POINT('',(-89.99992226098,0.119286014289,
    2.959999825087E+03));
#789 = CARTESIAN_POINT('',(-89.99993656714,0.107832323968,
    2.959999857276E+03));
#790 = CARTESIAN_POINT('',(-89.99994912416,9.63786095978E-02,
    2.959999885529E+03));
#791 = CARTESIAN_POINT('',(-89.99997112582,7.306213971012E-02,
    2.959999935033E+03));
#792 = CARTESIAN_POINT('',(-89.9999804433,6.119938273888E-02,
    2.959999955997E+03));
#793 = CARTESIAN_POINT('',(-89.99998788447,4.933660880613E-02,
    2.95999997274E+03));
#794 = CARTESIAN_POINT('',(-89.9999934493,3.747382240765E-02,
    2.959999985261E+03));
#795 = CARTESIAN_POINT('',(-89.99999713778,2.561102803944E-02,
    2.95999999356E+03));
#796 = CARTESIAN_POINT('',(-90.00029263116,-1.90877641018,
    2.96000065842E+03));
#797 = CARTESIAN_POINT('',(-89.95130441871,-3.827857564537,
    2.959890434704E+03));
#798 = CARTESIAN_POINT('',(-89.85336376762,-5.727753346635,
    2.95967007586E+03));
#799 = CARTESIAN_POINT('',(-89.70928640757,-7.592865615049,
    2.959344068967E+03));
#800 = CARTESIAN_POINT('',(-89.52430861058,-9.40817308046,
    2.958920596838E+03));
#801 = CARTESIAN_POINT('',(-89.17300641485,-12.21948121121,
    2.958103836324E+03));
#802 = CARTESIAN_POINT('',(-89.02800437795,-13.25719510805,
    2.957764299689E+03));
#803 = CARTESIAN_POINT('',(-88.87167445003,-14.27167474025,
    2.957395066522E+03));
#804 = CARTESIAN_POINT('',(-88.70530522602,-15.26191799011,
    2.956998111903E+03));
#805 = CARTESIAN_POINT('',(-88.53021433536,-16.22703128969,
    2.956575465584E+03));
#806 = CARTESIAN_POINT('',(-88.11018136471,-18.38877323836,
    2.955548348005E+03));
#807 = CARTESIAN_POINT('',(-87.86006083143,-19.56761682662,
    2.954927390039E+03));
#808 = CARTESIAN_POINT('',(-87.59993314799,-20.7027671634,
    2.954270096735E+03));
#809 = CARTESIAN_POINT('',(-87.33220075252,-21.79444129198,
    2.953579871238E+03));
#810 = CARTESIAN_POINT('',(-87.05908868791,-22.84301833414,
    2.952859803058E+03));
#811 = CARTESIAN_POINT('',(-86.56780450071,-24.63072224157,
    2.951532137241E+03));
#812 = CARTESIAN_POINT('',(-86.35091517152,-25.38687681305,
    2.950935136603E+03));
#813 = CARTESIAN_POINT('',(-86.13287205054,-26.1178477411,
    2.950322871243E+03));
#814 = CARTESIAN_POINT('',(-85.91451262087,-26.82403281817,
    2.94969639037E+03));
#815 = CARTESIAN_POINT('',(-85.69660851682,-27.50583587565,
    2.949056620141E+03));
#816 = CARTESIAN_POINT('',(-85.30585154673,-28.6918268187,
    2.947880679176E+03));
#817 = CARTESIAN_POINT('',(-85.13258424302,-29.20453653361,
    2.947348943236E+03));
#818 = CARTESIAN_POINT('',(-84.96043671914,-29.70199625248,
    2.946809581567E+03));
#819 = CARTESIAN_POINT('',(-84.78975713499,-30.1843987707,
    2.946262981408E+03));
#820 = CARTESIAN_POINT('',(-84.62087245898,-30.65193020026,
    2.945709490856E+03));
#821 = CARTESIAN_POINT('',(-83.90397961001,-32.59840118284,
    2.943302097917E+03));
#822 = CARTESIAN_POINT('',(-83.37642233751,-33.9330549551,
    2.941382121493E+03));
#823 = CARTESIAN_POINT('',(-82.88301169223,-35.11340136316,
    2.93940217429E+03));
#824 = CARTESIAN_POINT('',(-82.43324395353,-36.14343212303,
    2.937371958263E+03));
#825 = CARTESIAN_POINT('',(-82.03491382857,-37.02609481856,
    2.935299036915E+03));
#826 = CARTESIAN_POINT('',(-81.34928741259,-38.50934653263,
    2.931052395188E+03));
#827 = CARTESIAN_POINT('',(-81.06359981606,-39.10589762842,
    2.928878138817E+03));
#828 = CARTESIAN_POINT('',(-80.84438404916,-39.55293468228,
    2.926676884806E+03));
#829 = CARTESIAN_POINT('',(-80.69654565284,-39.85091234596,
    2.92445772464E+03));
#830 = CARTESIAN_POINT('',(-80.62257748298,-40.,2.922229258609E+03));
#831 = CARTESIAN_POINT('',(-80.62257748298,-40.,2.917769444612E+03));
#832 = CARTESIAN_POINT('',(-80.6966317334,-39.85073884482,
    2.915539684072E+03));
#833 = CARTESIAN_POINT('',(-80.84464195367,-39.55241485973,
    2.913319245653E+03));
#834 = CARTESIAN_POINT('',(-81.06410956301,-39.1048581057,
    2.91111674388E+03));
#835 = CARTESIAN_POINT('',(-81.35011786343,-38.50761243669,
    2.908941285923E+03));
#836 = CARTESIAN_POINT('',(-82.03572114836,-37.02428657674,
    2.904697124052E+03));
#837 = CARTESIAN_POINT('',(-82.43344759729,-36.14290223086,
    2.902627712736E+03));
#838 = CARTESIAN_POINT('',(-82.88243365067,-35.11463624531,
    2.900600871874E+03));
#839 = CARTESIAN_POINT('',(-83.37492273269,-33.93655670406,
    2.898624129141E+03));
#840 = CARTESIAN_POINT('',(-83.90146804247,-32.60469444854,
    2.896707135688E+03));
#841 = CARTESIAN_POINT('',(-84.61671889932,-30.66336472635,
    2.894304218559E+03));
#842 = CARTESIAN_POINT('',(-84.78498963104,-30.19773418004,
    2.893752466101E+03));
#843 = CARTESIAN_POINT('',(-84.9550486861,-29.71733659341,
    2.893207551404E+03));
#844 = CARTESIAN_POINT('',(-85.12657266747,-29.22198793602,
    2.892669818609E+03));
#845 = CARTESIAN_POINT('',(-85.29921730088,-28.71149755755,
    2.892139650405E+03));
#846 = CARTESIAN_POINT('',(-85.691250536,-27.52266263218,
    2.890959061369E+03));
#847 = CARTESIAN_POINT('',(-85.91108537759,-26.83526684656,
    2.890313346297E+03));
#848 = CARTESIAN_POINT('',(-86.13139442943,-26.12305907502,
    2.88968114484E+03));
#849 = CARTESIAN_POINT('',(-86.35138581307,-25.38562464019,
    2.889063407145E+03));
#850 = CARTESIAN_POINT('',(-86.57019944784,-24.62255508712,
    2.88846121081E+03));
#851 = CARTESIAN_POINT('',(-87.06093199672,-22.83560595207,
    2.887135446859E+03));
#852 = CARTESIAN_POINT('',(-87.33165336906,-21.79588928464,
    2.886421732491E+03));
#853 = CARTESIAN_POINT('',(-87.59708267643,-20.71381612923,
    2.885737354914E+03));
#854 = CARTESIAN_POINT('',(-87.85505266526,-19.58901532698,
    2.885085323161E+03));
#855 = CARTESIAN_POINT('',(-88.10322450887,-18.42127192417,
    2.88446894964E+03));
#856 = CARTESIAN_POINT('',(-88.52320998606,-16.2655541449,
    2.88344144834E+03));
#857 = CARTESIAN_POINT('',(-88.69985586403,-15.29422754242,
    2.883014897592E+03));
#858 = CARTESIAN_POINT('',(-88.86768397383,-14.29738846419,
    2.882614366426E+03));
#859 = CARTESIAN_POINT('',(-89.02534837277,-13.2759432988,
    2.882241927421E+03));
#860 = CARTESIAN_POINT('',(-89.17153235804,-12.23091004625,
    2.88189959802E+03));
#861 = CARTESIAN_POINT('',(-89.5179236401,-9.459853596145,
    2.881094236398E+03));
#862 = CARTESIAN_POINT('',(-89.69879431689,-7.696090308714,
    2.880679952506E+03));
#863 = CARTESIAN_POINT('',(-89.84116307435,-5.884911803799,
    2.880357540839E+03));
#864 = CARTESIAN_POINT('',(-89.94018132297,-4.039984172726,
    2.88013460027E+03));
#865 = CARTESIAN_POINT('',(-89.99312729522,-2.175501659322,
    2.880015463935E+03));
#866 = CARTESIAN_POINT('',(-89.99952629411,-0.292316689523,
    2.88000106585E+03));
#867 = CARTESIAN_POINT('',(-89.9995697324,-0.278818085844,
    2.880000968111E+03));
#868 = CARTESIAN_POINT('',(-89.99961074145,-0.265319388744,
    2.880000875839E+03));
#869 = CARTESIAN_POINT('',(-89.99964932117,-0.251820604845,
    2.880000789033E+03));
#870 = CARTESIAN_POINT('',(-89.9996854715,-0.23832174077,
    2.880000707694E+03));
#871 = CARTESIAN_POINT('',(-89.99974882542,-0.212960279718,
    2.880000565146E+03));
#872 = CARTESIAN_POINT('',(-89.99977658233,-0.201097699494,
    2.880000502692E+03));
#873 = CARTESIAN_POINT('',(-89.99980246306,-0.189235066964,
    2.88000044446E+03));
#874 = CARTESIAN_POINT('',(-89.99982646758,-0.177372386622,
    2.880000390449E+03));
#875 = CARTESIAN_POINT('',(-89.99984859585,-0.165509662965,
    2.88000034066E+03));
#876 = CARTESIAN_POINT('',(-89.99988840131,-0.142193306594,
    2.880000251098E+03));
#877 = CARTESIAN_POINT('',(-89.9999062057,-0.130739676512,
    2.880000211038E+03));
#878 = CARTESIAN_POINT('',(-89.99992226098,-0.119286014287,
    2.880000174913E+03));
#879 = CARTESIAN_POINT('',(-89.99993656714,-0.107832323967,
    2.880000142724E+03));
#880 = CARTESIAN_POINT('',(-89.99994912416,-9.637860959658E-02,
    2.880000114471E+03));
#881 = CARTESIAN_POINT('',(-89.99997112582,-7.306213970881E-02,
    2.880000064967E+03));
#882 = CARTESIAN_POINT('',(-89.9999804433,-6.119938273748E-02,
    2.880000044003E+03));
#883 = CARTESIAN_POINT('',(-89.99998788447,-4.933660880468E-02,
    2.88000002726E+03));
#884 = CARTESIAN_POINT('',(-89.9999934493,-3.747382240625E-02,
    2.880000014739E+03));
#885 = CARTESIAN_POINT('',(-89.99999713778,-2.561102803813E-02,
    2.88000000644E+03));
#886 = CARTESIAN_POINT('',(-90.00029263116,1.908776410659,
    2.87999934158E+03));
#887 = CARTESIAN_POINT('',(-89.95130441869,3.827857564424,
    2.880109565296E+03));
#888 = CARTESIAN_POINT('',(-89.85336376765,5.727753346148,
    2.88032992414E+03));
#889 = CARTESIAN_POINT('',(-89.70928640761,7.592865614928,
    2.880655931033E+03));
#890 = CARTESIAN_POINT('',(-89.52430861053,9.408173080923,
    2.881079403162E+03));
#891 = CARTESIAN_POINT('',(-89.17300641485,12.21948121121,
    2.881896163676E+03));
#892 = CARTESIAN_POINT('',(-89.02800437795,13.257195108058,
    2.882235700311E+03));
#893 = CARTESIAN_POINT('',(-88.87167445003,14.271674740257,
    2.882604933478E+03));
#894 = CARTESIAN_POINT('',(-88.70530522602,15.261917990111,
    2.883001888097E+03));
#895 = CARTESIAN_POINT('',(-88.53021433536,16.227031289694,
    2.883424534416E+03));
#896 = CARTESIAN_POINT('',(-88.11018136636,18.388773229861,
    2.884451651991E+03));
#897 = CARTESIAN_POINT('',(-87.86006082871,19.567616838689,
    2.885072609968E+03));
#898 = CARTESIAN_POINT('',(-87.59993314802,20.702767164431,
    2.885729903264E+03));
#899 = CARTESIAN_POINT('',(-87.33220075526,21.794441280423,
    2.886420128755E+03));
#900 = CARTESIAN_POINT('',(-87.05908868617,22.843018340492,
    2.887140196947E+03));
#901 = CARTESIAN_POINT('',(-86.56780450071,24.630722241576,
    2.888467862759E+03));
#902 = CARTESIAN_POINT('',(-86.35091517152,25.386876813052,
    2.889064863397E+03));
#903 = CARTESIAN_POINT('',(-86.13287205054,26.1178477411,
    2.889677128757E+03));
#904 = CARTESIAN_POINT('',(-85.91451262087,26.824032818171,
    2.89030360963E+03));
#905 = CARTESIAN_POINT('',(-85.69660851682,27.505835875655,
    2.890943379859E+03));
#906 = CARTESIAN_POINT('',(-85.30585154673,28.691826818695,
    2.892119320824E+03));
#907 = CARTESIAN_POINT('',(-85.13258424302,29.204536533613,
    2.892651056764E+03));
#908 = CARTESIAN_POINT('',(-84.96043671914,29.701996252479,
    2.893190418433E+03));
#909 = CARTESIAN_POINT('',(-84.78975713499,30.184398770706,
    2.893737018592E+03));
#910 = CARTESIAN_POINT('',(-84.62087245897,30.651930200265,
    2.894290509144E+03));
#911 = CARTESIAN_POINT('',(-83.90397961004,32.598401182753,
    2.896697902082E+03));
#912 = CARTESIAN_POINT('',(-83.37642233745,33.933054955271,
    2.898617878507E+03));
#913 = CARTESIAN_POINT('',(-82.88301169225,35.113401363083,
    2.90059782571E+03));
#914 = CARTESIAN_POINT('',(-82.43324395355,36.143432122996,
    2.902628041736E+03));
#915 = CARTESIAN_POINT('',(-82.03491382855,37.026094818603,
    2.904700963085E+03));
#916 = CARTESIAN_POINT('',(-81.34928741259,38.509346532627,
    2.908947604812E+03));
#917 = CARTESIAN_POINT('',(-81.06359981606,39.105897628427,
    2.911121861183E+03));
#918 = CARTESIAN_POINT('',(-80.84438404917,39.552934682279,
    2.913323115194E+03));
#919 = CARTESIAN_POINT('',(-80.69654565283,39.850912345968,
    2.91554227536E+03));
#920 = CARTESIAN_POINT('',(-80.62257748298,40.,2.917770741391E+03));
#921 = CARTESIAN_POINT('',(-80.62257748298,40.,2.92E+03));
#922 = PCURVE('',#32,#923);
#923 = DEFINITIONAL_REPRESENTATION('',(#924),#1107);
#924 = B_SPLINE_CURVE_WITH_KNOTS('',6,(#925,#926,#927,#928,#929,#930,
    #931,#932,#933,#934,#935,#936,#937,#938,#939,#940,#941,#942,#943,
    #944,#945,#946,#947,#948,#949,#950,#951,#952,#953,#954,#955,#956,
    #957,#958,#959,#960,#961,#962,#963,#964,#965,#966,#967,#968,#969,
    #970,#971,#972,#973,#974,#975,#976,#977,#978,#979,#980,#981,#982,
    #983,#984,#985,#986,#987,#988,#989,#990,#991,#992,#993,#994,#995,
    #996,#997,#998,#999,#1000,#1001,#1002,#1003,#1004,#1005,#1006,#1007,
    #1008,#1009,#1010,#1011,#1012,#1013,#1014,#1015,#1016,#1017,#1018,
    #1019,#1020,#1021,#1022,#1023,#1024,#1025,#1026,#1027,#1028,#1029,
    #1030,#1031,#1032,#1033,#1034,#1035,#1036,#1037,#1038,#1039,#1040,
    #1041,#1042,#1043,#1044,#1045,#1046,#1047,#1048,#1049,#1050,#1051,
    #1052,#1053,#1054,#1055,#1056,#1057,#1058,#1059,#1060,#1061,#1062,
    #1063,#1064,#1065,#1066,#1067,#1068,#1069,#1070,#1071,#1072,#1073,
    #1074,#1075,#1076,#1077,#1078,#1079,#1080,#1081,#1082,#1083,#1084,
    #1085,#1086,#1087,#1088,#1089,#1090,#1091,#1092,#1093,#1094,#1095,
    #1096,#1097,#1098,#1099,#1100,#1101,#1102,#1103,#1104,#1105,#1106),
  .UNSPECIFIED.,.T.,.F.,(7,5,5,5,5,5,5,5,5,5,5,5,5,5,5,5,5,5,5,5,5,5,5,5
    ,5,5,5,5,5,5,5,5,5,5,5,5,7),(0.,6.078046003487E-02,0.120632512635,
    0.138746958127,0.161586994417,0.190468669042,0.21301244423,
    0.248989127821,0.249248867303,0.249477119761,0.24969749937,
    0.249925748509,0.286916566386,0.309300170063,0.338436677148,
    0.361078321181,0.379256842687,0.439216187592,0.499968874964,
    0.560756902696,0.620616407387,0.63873310828,0.661575988344,
    0.69046125898,0.713007841054,0.748989004035,0.749248775857,
    0.749477056734,0.749697463782,0.74992574134,0.786921164883,
    0.809307555512,0.838447690141,0.861092153239,0.879272938116,
    0.939239748434,1.),.UNSPECIFIED.);
#925 = CARTESIAN_POINT('',(2.681038661908,200.));
#926 = CARTESIAN_POINT('',(2.681038661908,202.23055538751));
#927 = CARTESIAN_POINT('',(2.682890017368,204.46031592768));
#928 = CARTESIAN_POINT('',(2.686590277049,206.68075434699));
#929 = CARTESIAN_POINT('',(2.692128767348,208.88325612026));
#930 = CARTESIAN_POINT('',(2.699485810399,211.05871407717));
#931 = CARTESIAN_POINT('',(2.717642560909,215.30287594861));
#932 = CARTESIAN_POINT('',(2.728386195934,217.37228726394));
#933 = CARTESIAN_POINT('',(2.740851528105,219.39912812538));
#934 = CARTESIAN_POINT('',(2.755035850998,221.37587085943));
#935 = CARTESIAN_POINT('',(2.770944449143,223.2928643126));
#936 = CARTESIAN_POINT('',(2.793932220657,225.69578144068));
#937 = CARTESIAN_POINT('',(2.799433257007,226.24753389908));
#938 = CARTESIAN_POINT('',(2.805095398376,226.79244859563));
#939 = CARTESIAN_POINT('',(2.810919676987,227.33018139078));
#940 = CARTESIAN_POINT('',(2.816907214408,227.86034959505));
#941 = CARTESIAN_POINT('',(2.830816171187,229.04093863118));
#942 = CARTESIAN_POINT('',(2.838834653328,229.68665370344));
#943 = CARTESIAN_POINT('',(2.847117447365,230.31885515957));
#944 = CARTESIAN_POINT('',(2.855667293909,230.93659285506));
#945 = CARTESIAN_POINT('',(2.864486989018,231.5387891904));
#946 = CARTESIAN_POINT('',(2.885077067073,232.8645531407));
#947 = CARTESIAN_POINT('',(2.897013611986,233.57826750867));
#948 = CARTESIAN_POINT('',(2.909391147672,234.26264508572));
#949 = CARTESIAN_POINT('',(2.922211052311,234.91467683874));
#950 = CARTESIAN_POINT('',(2.935473839978,235.5310503597));
#951 = CARTESIAN_POINT('',(2.959876599752,236.55855165982));
#952 = CARTESIAN_POINT('',(2.970845278811,236.98510240765));
#953 = CARTESIAN_POINT('',(2.982075662678,237.38563357347));
#954 = CARTESIAN_POINT('',(2.993557777645,237.75807257946));
#955 = CARTESIAN_POINT('',(3.005281057911,238.10040198039));
#956 = CARTESIAN_POINT('',(3.03631019748,238.90576360199));
#957 = CARTESIAN_POINT('',(3.056005505119,239.3200474938));
#958 = CARTESIAN_POINT('',(3.076182993086,239.64245916053));
#959 = CARTESIAN_POINT('',(3.096701931494,239.8653997296));
#960 = CARTESIAN_POINT('',(3.11742028646,239.98453606528));
#961 = CARTESIAN_POINT('',(3.1383446847,239.99893415046));
#962 = CARTESIAN_POINT('',(3.138494669959,239.99903188866));
#963 = CARTESIAN_POINT('',(3.138644656171,239.99912416072));
#964 = CARTESIAN_POINT('',(3.138794643268,239.99921096651));
#965 = CARTESIAN_POINT('',(3.138944631182,239.99929230592));
#966 = CARTESIAN_POINT('',(3.139226426073,239.99943485404));
#967 = CARTESIAN_POINT('',(3.139358232879,239.99949730778));
#968 = CARTESIAN_POINT('',(3.139490040218,239.99955553997));
#969 = CARTESIAN_POINT('',(3.139621848045,239.99960955058));
#970 = CARTESIAN_POINT('',(3.139753656313,239.99965933953));
#971 = CARTESIAN_POINT('',(3.140012727317,239.99974890234));
#972 = CARTESIAN_POINT('',(3.140139990026,239.9997889624));
#973 = CARTESIAN_POINT('',(3.140267253062,239.99982508693));
#974 = CARTESIAN_POINT('',(3.140394516385,239.99985727588));
#975 = CARTESIAN_POINT('',(3.140521779953,239.99988552923));
#976 = CARTESIAN_POINT('',(3.140780851956,239.99993503305));
#977 = CARTESIAN_POINT('',(3.140912660406,239.99995599743));
#978 = CARTESIAN_POINT('',(3.141044469029,239.99997274005));
#979 = CARTESIAN_POINT('',(3.141176277778,239.99998526092));
#980 = CARTESIAN_POINT('',(3.141308086609,239.99999356001));
#981 = CARTESIAN_POINT('',(3.162801280618,240.00065842014));
#982 = CARTESIAN_POINT('',(3.184124325172,239.89043470366));
#983 = CARTESIAN_POINT('',(3.205251637276,239.67007585991));
#984 = CARTESIAN_POINT('',(3.226027237795,239.34406896725));
#985 = CARTESIAN_POINT('',(3.246296516458,238.92059683817));
#986 = CARTESIAN_POINT('',(3.277776211341,238.10383632364));
#987 = CARTESIAN_POINT('',(3.289417157422,237.76429968921));
#988 = CARTESIAN_POINT('',(3.30082055651,237.39506652186));
#989 = CARTESIAN_POINT('',(3.31197600904,236.99811190339));
#990 = CARTESIAN_POINT('',(3.322873690866,236.57546558364));
#991 = CARTESIAN_POINT('',(3.347342254596,235.54834800517));
#992 = CARTESIAN_POINT('',(3.360730128421,234.92739003916));
#993 = CARTESIAN_POINT('',(3.373667411259,234.27009673546));
#994 = CARTESIAN_POINT('',(3.386154598654,233.57987123816));
#995 = CARTESIAN_POINT('',(3.398193083144,232.85980305781));
#996 = CARTESIAN_POINT('',(3.418792871628,231.53213724119));
#997 = CARTESIAN_POINT('',(3.427532832117,230.93513660315));
#998 = CARTESIAN_POINT('',(3.436007689004,230.3228712429));
#999 = CARTESIAN_POINT('',(3.444220165769,229.69639037002));
#1000 = CARTESIAN_POINT('',(3.452172932628,229.05662014072));
#1001 = CARTESIAN_POINT('',(3.466047438632,227.88067917579));
#1002 = CARTESIAN_POINT('',(3.472060550002,227.34894323571));
#1003 = CARTESIAN_POINT('',(3.47790925793,226.8095815673));
#1004 = CARTESIAN_POINT('',(3.483594697947,226.26298140815));
#1005 = CARTESIAN_POINT('',(3.489117915198,225.70949085553));
#1006 = CARTESIAN_POINT('',(3.512165596967,223.30209791746));
#1007 = CARTESIAN_POINT('',(3.528107143976,221.38212149268));
#1008 = CARTESIAN_POINT('',(3.542318636819,219.4021742902));
#1009 = CARTESIAN_POINT('',(3.554805408093,217.37195826336));
#1010 = CARTESIAN_POINT('',(3.565564747492,215.29903691504));
#1011 = CARTESIAN_POINT('',(3.583720858015,211.05239518761));
#1012 = CARTESIAN_POINT('',(3.59106940385,208.87813881698));
#1013 = CARTESIAN_POINT('',(3.596601477756,206.67688480647));
#1014 = CARTESIAN_POINT('',(3.600297441822,204.45772463994));
#1015 = CARTESIAN_POINT('',(3.602146645271,202.22925860864));
#1016 = CARTESIAN_POINT('',(3.602146645271,197.76944461247));
#1017 = CARTESIAN_POINT('',(3.600295289811,195.53968407232));
#1018 = CARTESIAN_POINT('',(3.59659503013,193.319245653));
#1019 = CARTESIAN_POINT('',(3.591056539831,191.11674387974));
#1020 = CARTESIAN_POINT('',(3.583699496781,188.94128592282));
#1021 = CARTESIAN_POINT('',(3.565542746273,184.69712405177));
#1022 = CARTESIAN_POINT('',(3.554799111245,182.62771273592));
#1023 = CARTESIAN_POINT('',(3.542333779072,180.60087187425));
#1024 = CARTESIAN_POINT('',(3.52814945618,178.62412914051));
#1025 = CARTESIAN_POINT('',(3.512240858039,176.70713568773));
#1026 = CARTESIAN_POINT('',(3.489253086522,174.30421855931));
#1027 = CARTESIAN_POINT('',(3.483752050172,173.75246610091));
#1028 = CARTESIAN_POINT('',(3.478089908803,173.20755140436));
#1029 = CARTESIAN_POINT('',(3.472265630193,172.66981860921));
#1030 = CARTESIAN_POINT('',(3.466278092772,172.13965040495));
#1031 = CARTESIAN_POINT('',(3.452369135993,170.95906136881));
#1032 = CARTESIAN_POINT('',(3.444350653851,170.31334629655));
#1033 = CARTESIAN_POINT('',(3.436067859814,169.68114484042));
#1034 = CARTESIAN_POINT('',(3.427518013271,169.06340714493));
#1035 = CARTESIAN_POINT('',(3.418698318162,168.46121080959));
#1036 = CARTESIAN_POINT('',(3.398108240107,167.13544685929));
#1037 = CARTESIAN_POINT('',(3.386171695193,166.42173249132));
#1038 = CARTESIAN_POINT('',(3.373794159507,165.73735491427));
#1039 = CARTESIAN_POINT('',(3.360974254869,165.08532316125));
#1040 = CARTESIAN_POINT('',(3.347711467202,164.46894964029));
#1041 = CARTESIAN_POINT('',(3.323308707428,163.44144834022));
#1042 = CARTESIAN_POINT('',(3.312340028369,163.01489759232));
#1043 = CARTESIAN_POINT('',(3.3011096445,162.61436642648));
#1044 = CARTESIAN_POINT('',(3.289627529535,162.24192742053));
#1045 = CARTESIAN_POINT('',(3.27790424927,161.89959801963));
#1046 = CARTESIAN_POINT('',(3.2468751097,161.094236398));
#1047 = CARTESIAN_POINT('',(3.227179802061,160.67995250619));
#1048 = CARTESIAN_POINT('',(3.207002314093,160.35754083946));
#1049 = CARTESIAN_POINT('',(3.186483375686,160.13460027039));
#1050 = CARTESIAN_POINT('',(3.165765020719,160.01546393472));
#1051 = CARTESIAN_POINT('',(3.14484062248,160.00106584953));
#1052 = CARTESIAN_POINT('',(3.14469063722,160.00096811133));
#1053 = CARTESIAN_POINT('',(3.144540651008,160.00087583927));
#1054 = CARTESIAN_POINT('',(3.144390663912,160.00078903348));
#1055 = CARTESIAN_POINT('',(3.144240675998,160.00070769407));
#1056 = CARTESIAN_POINT('',(3.143958881107,160.00056514595));
#1057 = CARTESIAN_POINT('',(3.143827074301,160.00050269222));
#1058 = CARTESIAN_POINT('',(3.143695266961,160.00044446002));
#1059 = CARTESIAN_POINT('',(3.143563459135,160.00039044941));
#1060 = CARTESIAN_POINT('',(3.143431650866,160.00034066046));
#1061 = CARTESIAN_POINT('',(3.143172579862,160.00025109765));
#1062 = CARTESIAN_POINT('',(3.143045317154,160.00021103759));
#1063 = CARTESIAN_POINT('',(3.142918054117,160.00017491307));
#1064 = CARTESIAN_POINT('',(3.142790790794,160.00014272411));
#1065 = CARTESIAN_POINT('',(3.142663527226,160.00011447076));
#1066 = CARTESIAN_POINT('',(3.142404455223,160.00006496694));
#1067 = CARTESIAN_POINT('',(3.142272646774,160.00004400257));
#1068 = CARTESIAN_POINT('',(3.142140838151,160.00002725994));
#1069 = CARTESIAN_POINT('',(3.142009029401,160.00001473907));
#1070 = CARTESIAN_POINT('',(3.14187722057,160.00000643998));
#1071 = CARTESIAN_POINT('',(3.120384026556,159.99934157985));
#1072 = CARTESIAN_POINT('',(3.099060982009,160.10956529639));
#1073 = CARTESIAN_POINT('',(3.077933669909,160.32992414001));
#1074 = CARTESIAN_POINT('',(3.057158069386,160.65593103266));
#1075 = CARTESIAN_POINT('',(3.036888790717,161.07940316196));
#1076 = CARTESIAN_POINT('',(3.005409095838,161.89616367636));
#1077 = CARTESIAN_POINT('',(2.993768149757,162.23570031078));
#1078 = CARTESIAN_POINT('',(2.98236475067,162.60493347813));
#1079 = CARTESIAN_POINT('',(2.97120929814,163.0018880966));
#1080 = CARTESIAN_POINT('',(2.960311616313,163.42453441635));
#1081 = CARTESIAN_POINT('',(2.93584305268,164.45165199078));
#1082 = CARTESIAN_POINT('',(2.922455178621,165.07260996782));
#1083 = CARTESIAN_POINT('',(2.909517895909,165.72990326424));
#1084 = CARTESIAN_POINT('',(2.897030708658,166.42012875472));
#1085 = CARTESIAN_POINT('',(2.884992223963,167.1401969469));
#1086 = CARTESIAN_POINT('',(2.864392435552,168.4678627588));
#1087 = CARTESIAN_POINT('',(2.855652475062,169.06486339684));
#1088 = CARTESIAN_POINT('',(2.847177618176,169.67712875709));
#1089 = CARTESIAN_POINT('',(2.838965141411,170.30360962997));
#1090 = CARTESIAN_POINT('',(2.831012374552,170.94337985927));
#1091 = CARTESIAN_POINT('',(2.817137868547,172.1193208242));
#1092 = CARTESIAN_POINT('',(2.811124757177,172.65105676428));
#1093 = CARTESIAN_POINT('',(2.80527604925,173.19041843269));
#1094 = CARTESIAN_POINT('',(2.799590609233,173.73701859184));
#1095 = CARTESIAN_POINT('',(2.794067391982,174.29050914446));
#1096 = CARTESIAN_POINT('',(2.771019710214,176.69790208242));
#1097 = CARTESIAN_POINT('',(2.755078163201,178.61787850749));
#1098 = CARTESIAN_POINT('',(2.740866670362,180.5978257098));
#1099 = CARTESIAN_POINT('',(2.728379899087,182.62804173644));
#1100 = CARTESIAN_POINT('',(2.717620559687,184.70096308506));
#1101 = CARTESIAN_POINT('',(2.699464449164,188.94760481236));
#1102 = CARTESIAN_POINT('',(2.692115903329,191.12186118303));
#1103 = CARTESIAN_POINT('',(2.686583829423,193.32311519349));
#1104 = CARTESIAN_POINT('',(2.682887865357,195.54227536008));
#1105 = CARTESIAN_POINT('',(2.681038661908,197.77074139134));
#1106 = CARTESIAN_POINT('',(2.681038661908,200.));
#1107 = ( GEOMETRIC_REPRESENTATION_CONTEXT(2) 
PARAMETRIC_REPRESENTATION_CONTEXT() REPRESENTATION_CONTEXT('2D SPACE',''
  ) );
#1108 = PCURVE('',#1109,#1114);
#1109 = CYLINDRICAL_SURFACE('',#1110,40.);
#1110 = AXIS2_PLACEMENT_3D('',#1111,#1112,#1113);
#1111 = CARTESIAN_POINT('',(-91.,0.,2.92E+03));
#1112 = DIRECTION('',(-1.,-0.,-0.));
#1113 = DIRECTION('',(0.,1.,0.));
#1114 = DEFINITIONAL_REPRESENTATION('',(#1115),#1298);
#1115 = B_SPLINE_CURVE_WITH_KNOTS('',6,(#1116,#1117,#1118,#1119,#1120,
    #1121,#1122,#1123,#1124,#1125,#1126,#1127,#1128,#1129,#1130,#1131,
    #1132,#1133,#1134,#1135,#1136,#1137,#1138,#1139,#1140,#1141,#1142,
    #1143,#1144,#1145,#1146,#1147,#1148,#1149,#1150,#1151,#1152,#1153,
    #1154,#1155,#1156,#1157,#1158,#1159,#1160,#1161,#1162,#1163,#1164,
    #1165,#1166,#1167,#1168,#1169,#1170,#1171,#1172,#1173,#1174,#1175,
    #1176,#1177,#1178,#1179,#1180,#1181,#1182,#1183,#1184,#1185,#1186,
    #1187,#1188,#1189,#1190,#1191,#1192,#1193,#1194,#1195,#1196,#1197,
    #1198,#1199,#1200,#1201,#1202,#1203,#1204,#1205,#1206,#1207,#1208,
    #1209,#1210,#1211,#1212,#1213,#1214,#1215,#1216,#1217,#1218,#1219,
    #1220,#1221,#1222,#1223,#1224,#1225,#1226,#1227,#1228,#1229,#1230,
    #1231,#1232,#1233,#1234,#1235,#1236,#1237,#1238,#1239,#1240,#1241,
    #1242,#1243,#1244,#1245,#1246,#1247,#1248,#1249,#1250,#1251,#1252,
    #1253,#1254,#1255,#1256,#1257,#1258,#1259,#1260,#1261,#1262,#1263,
    #1264,#1265,#1266,#1267,#1268,#1269,#1270,#1271,#1272,#1273,#1274,
    #1275,#1276,#1277,#1278,#1279,#1280,#1281,#1282,#1283,#1284,#1285,
    #1286,#1287,#1288,#1289,#1290,#1291,#1292,#1293,#1294,#1295,#1296,
    #1297),.UNSPECIFIED.,.F.,.F.,(7,5,5,5,5,5,5,5,5,5,5,5,5,5,5,5,5,5,5,
    5,5,5,5,5,5,5,5,5,5,5,5,5,5,5,5,5,7),(0.,6.078046003487E-02,
    0.120632512635,0.138746958127,0.161586994417,0.190468669042,
    0.21301244423,0.248989127821,0.249248867303,0.249477119761,
    0.24969749937,0.249925748509,0.286916566386,0.309300170063,
    0.338436677148,0.361078321181,0.379256842687,0.439216187592,
    0.499968874964,0.560756902696,0.620616407387,0.63873310828,
    0.661575988344,0.69046125898,0.713007841054,0.748989004035,
    0.749248775857,0.749477056734,0.749697463782,0.74992574134,
    0.786921164883,0.809307555512,0.838447690141,0.861092153239,
    0.879272938116,0.939239748434,1.),.UNSPECIFIED.);
#1116 = CARTESIAN_POINT('',(0.,-10.37742251701));
#1117 = CARTESIAN_POINT('',(-5.576388468777E-02,-10.37742251701));
#1118 = CARTESIAN_POINT('',(-0.111507898838,-10.30336826659));
#1119 = CARTESIAN_POINT('',(-0.167330982579,-10.15535804633));
#1120 = CARTESIAN_POINT('',(-0.223328810934,-9.935890436989));
#1121 = CARTESIAN_POINT('',(-0.279596152922,-9.649882136566));
#1122 = CARTESIAN_POINT('',(-0.391993788569,-8.964278851578));
#1123 = CARTESIAN_POINT('',(-0.448102072178,-8.566552402703));
#1124 = CARTESIAN_POINT('',(-0.504729215869,-8.117566349418));
#1125 = CARTESIAN_POINT('',(-0.56205363267,-7.625077267336));
#1126 = CARTESIAN_POINT('',(-0.620257279079,-7.098531957424));
#1127 = CARTESIAN_POINT('',(-0.69748572192,-6.383281100674));
#1128 = CARTESIAN_POINT('',(-0.715530869187,-6.215010368956));
#1129 = CARTESIAN_POINT('',(-0.733685449591,-6.044951313892));
#1130 = CARTESIAN_POINT('',(-0.751956648915,-5.87342733253));
#1131 = CARTESIAN_POINT('',(-0.770351745831,-5.700782699119));
#1132 = CARTESIAN_POINT('',(-0.812237893243,-5.308749463992));
#1133 = CARTESIAN_POINT('',(-0.835806605454,-5.088914622402));
#1134 = CARTESIAN_POINT('',(-0.859600356027,-4.868605570568));
#1135 = CARTESIAN_POINT('',(-0.883634741348,-4.648614186924));
#1136 = CARTESIAN_POINT('',(-0.907925646051,-4.429800552156));
#1137 = CARTESIAN_POINT('',(-0.963551838528,-3.939068003278));
#1138 = CARTESIAN_POINT('',(-0.995058313741,-3.668346630934));
#1139 = CARTESIAN_POINT('',(-1.027032204861,-3.402917323561));
#1140 = CARTESIAN_POINT('',(-1.059497690524,-3.144947334732));
#1141 = CARTESIAN_POINT('',(-1.09248092887,-2.896775491124));
#1142 = CARTESIAN_POINT('',(-1.152182677515,-2.476790013917));
#1143 = CARTESIAN_POINT('',(-1.178691398362,-2.300144135978));
#1144 = CARTESIAN_POINT('',(-1.20552827164,-2.132316026182));
#1145 = CARTESIAN_POINT('',(-1.232686940925,-1.974651627222));
#1146 = CARTESIAN_POINT('',(-1.260163177879,-1.828467641938));
#1147 = CARTESIAN_POINT('',(-1.332306096756,-1.482076359898));
#1148 = CARTESIAN_POINT('',(-1.3775386686,-1.301205683101));
#1149 = CARTESIAN_POINT('',(-1.423425566782,-1.158836925644));
#1150 = CARTESIAN_POINT('',(-1.469773876029,-1.059818677026));
#1151 = CARTESIAN_POINT('',(-1.516407344686,-1.006872704776));
#1152 = CARTESIAN_POINT('',(-1.563488344937,-1.000473705887));
#1153 = CARTESIAN_POINT('',(-1.563825818847,-1.000430267591));
#1154 = CARTESIAN_POINT('',(-1.564163294117,-1.000389258544));
#1155 = CARTESIAN_POINT('',(-1.564500770651,-1.000350678821));
#1156 = CARTESIAN_POINT('',(-1.564838248351,-1.000314528492));
#1157 = CARTESIAN_POINT('',(-1.565472294893,-1.000251174575));
#1158 = CARTESIAN_POINT('',(-1.56576886349,-1.000223417665));
#1159 = CARTESIAN_POINT('',(-1.566065432848,-1.000197536932));
#1160 = CARTESIAN_POINT('',(-1.566362002902,-1.000173532414));
#1161 = CARTESIAN_POINT('',(-1.566658573587,-1.000151404144));
#1162 = CARTESIAN_POINT('',(-1.567241486797,-1.000111598687));
#1163 = CARTESIAN_POINT('',(-1.567527829283,-1.0000937943));
#1164 = CARTESIAN_POINT('',(-1.567814172238,-1.000077739015));
#1165 = CARTESIAN_POINT('',(-1.568100515601,-1.000063432855));
#1166 = CARTESIAN_POINT('',(-1.568386859315,-1.000050875838));
#1167 = CARTESIAN_POINT('',(-1.568969772376,-1.00002887418));
#1168 = CARTESIAN_POINT('',(-1.569266341744,-1.000019556692));
#1169 = CARTESIAN_POINT('',(-1.56956291136,-1.000012115528));
#1170 = CARTESIAN_POINT('',(-1.569859481157,-1.0000065507));
#1171 = CARTESIAN_POINT('',(-1.57015605107,-1.000002862215));
#1172 = CARTESIAN_POINT('',(-1.618515739882,-0.999707368837));
#1173 = CARTESIAN_POINT('',(-1.66649181514,-1.048695581284));
#1174 = CARTESIAN_POINT('',(-1.71418718539,-1.146636232374));
#1175 = CARTESIAN_POINT('',(-1.76140805925,-1.290713592421));
#1176 = CARTESIAN_POINT('',(-1.807942386701,-1.475691389412));
#1177 = CARTESIAN_POINT('',(-1.881131145846,-1.826993585147));
#1178 = CARTESIAN_POINT('',(-1.908412094226,-1.971995622049));
#1179 = CARTESIAN_POINT('',(-1.935380173148,-2.128325549963));
#1180 = CARTESIAN_POINT('',(-1.962031133513,-2.294694773974));
#1181 = CARTESIAN_POINT('',(-1.988358652353,-2.46978566464));
#1182 = CARTESIAN_POINT('',(-2.048192269433,-2.889818635285));
#1183 = CARTESIAN_POINT('',(-2.081473664075,-3.139939168564));
#1184 = CARTESIAN_POINT('',(-2.11422795139,-3.400066852008));
#1185 = CARTESIAN_POINT('',(-2.146481941799,-3.667799247474));
#1186 = CARTESIAN_POINT('',(-2.178260391406,-3.940911312083));
#1187 = CARTESIAN_POINT('',(-2.233930074477,-4.432195499286));
#1188 = CARTESIAN_POINT('',(-2.258005094849,-4.649084828479));
#1189 = CARTESIAN_POINT('',(-2.281828156677,-4.867127949454));
#1190 = CARTESIAN_POINT('',(-2.30541473236,-5.085487379123));
#1191 = CARTESIAN_POINT('',(-2.328780015956,-5.303391483178));
#1192 = CARTESIAN_POINT('',(-2.370533845646,-5.694148453265));
#1193 = CARTESIAN_POINT('',(-2.388995612924,-5.867415756979));
#1194 = CARTESIAN_POINT('',(-2.40733245204,-6.039563280853));
#1195 = CARTESIAN_POINT('',(-2.425551720856,-6.210242865008));
#1196 = CARTESIAN_POINT('',(-2.44366068305,-6.37912754102));
#1197 = CARTESIAN_POINT('',(-2.521056944444,-7.096020389988));
#1198 = CARTESIAN_POINT('',(-2.579360839072,-7.623577662488));
#1199 = CARTESIAN_POINT('',(-2.636782048494,-8.116988307768));
#1200 = CARTESIAN_POINT('',(-2.693503453329,-8.566756046465));
#1201 = CARTESIAN_POINT('',(-2.749704380454,-8.965086171428));
#1202 = CARTESIAN_POINT('',(-2.862159931697,-9.650712587409));
#1203 = CARTESIAN_POINT('',(-2.918393947146,-9.936400183932));
#1204 = CARTESIAN_POINT('',(-2.974358953556,-10.15561595083));
#1205 = CARTESIAN_POINT('',(-3.030149536954,-10.30345434716));
#1206 = CARTESIAN_POINT('',(-3.085861188374,-10.37742251701));
#1207 = CARTESIAN_POINT('',(-3.197356538278,-10.37742251701));
#1208 = CARTESIAN_POINT('',(-3.253100552427,-10.30336826659));
#1209 = CARTESIAN_POINT('',(-3.308923636169,-10.15535804633));
#1210 = CARTESIAN_POINT('',(-3.364921464524,-9.93589043699));
#1211 = CARTESIAN_POINT('',(-3.421188806512,-9.649882136565));
#1212 = CARTESIAN_POINT('',(-3.533586442148,-8.96427885164));
#1213 = CARTESIAN_POINT('',(-3.589694725771,-8.566552402705));
#1214 = CARTESIAN_POINT('',(-3.646321869469,-8.117566349324));
#1215 = CARTESIAN_POINT('',(-3.703646286263,-7.625077267304));
#1216 = CARTESIAN_POINT('',(-3.761849932658,-7.098531957523));
#1217 = CARTESIAN_POINT('',(-3.839078375509,-6.383281100673));
#1218 = CARTESIAN_POINT('',(-3.857123522776,-6.215010368955));
#1219 = CARTESIAN_POINT('',(-3.875278103181,-6.044951313892));
#1220 = CARTESIAN_POINT('',(-3.893549302505,-5.87342733253));
#1221 = CARTESIAN_POINT('',(-3.911944399421,-5.70078269912));
#1222 = CARTESIAN_POINT('',(-3.953830546833,-5.308749463992));
#1223 = CARTESIAN_POINT('',(-3.977399259043,-5.088914622402));
#1224 = CARTESIAN_POINT('',(-4.001193009617,-4.868605570568));
#1225 = CARTESIAN_POINT('',(-4.025227394938,-4.648614186924));
#1226 = CARTESIAN_POINT('',(-4.049518299641,-4.429800552156));
#1227 = CARTESIAN_POINT('',(-4.105144492118,-3.939068003277));
#1228 = CARTESIAN_POINT('',(-4.136650967331,-3.668346630934));
#1229 = CARTESIAN_POINT('',(-4.168624858451,-3.402917323561));
#1230 = CARTESIAN_POINT('',(-4.201090344114,-3.144947334731));
#1231 = CARTESIAN_POINT('',(-4.23407358246,-2.896775491123));
#1232 = CARTESIAN_POINT('',(-4.293775331102,-2.476790013934));
#1233 = CARTESIAN_POINT('',(-4.320284051953,-2.30014413597));
#1234 = CARTESIAN_POINT('',(-4.347120925232,-2.132316026165));
#1235 = CARTESIAN_POINT('',(-4.374279594515,-1.974651627221));
#1236 = CARTESIAN_POINT('',(-4.401755831466,-1.828467641952));
#1237 = CARTESIAN_POINT('',(-4.473898750346,-1.482076359898));
#1238 = CARTESIAN_POINT('',(-4.519131322189,-1.301205683101));
#1239 = CARTESIAN_POINT('',(-4.565018220372,-1.158836925643));
#1240 = CARTESIAN_POINT('',(-4.611366529619,-1.059818677026));
#1241 = CARTESIAN_POINT('',(-4.657999998276,-1.006872704776));
#1242 = CARTESIAN_POINT('',(-4.705080998527,-1.000473705887));
#1243 = CARTESIAN_POINT('',(-4.705418472437,-1.000430267591));
#1244 = CARTESIAN_POINT('',(-4.705755947707,-1.000389258543));
#1245 = CARTESIAN_POINT('',(-4.706093424241,-1.000350678821));
#1246 = CARTESIAN_POINT('',(-4.706430901941,-1.000314528492));
#1247 = CARTESIAN_POINT('',(-4.707064948483,-1.000251174575));
#1248 = CARTESIAN_POINT('',(-4.70736151708,-1.000223417665));
#1249 = CARTESIAN_POINT('',(-4.707658086438,-1.000197536932));
#1250 = CARTESIAN_POINT('',(-4.707954656492,-1.000173532414));
#1251 = CARTESIAN_POINT('',(-4.708251227177,-1.000151404144));
#1252 = CARTESIAN_POINT('',(-4.708834140386,-1.000111598687));
#1253 = CARTESIAN_POINT('',(-4.709120482873,-1.0000937943));
#1254 = CARTESIAN_POINT('',(-4.709406825827,-1.000077739015));
#1255 = CARTESIAN_POINT('',(-4.709693169191,-1.000063432855));
#1256 = CARTESIAN_POINT('',(-4.709979512904,-1.000050875838));
#1257 = CARTESIAN_POINT('',(-4.710562425965,-1.00002887418));
#1258 = CARTESIAN_POINT('',(-4.710858995334,-1.000019556692));
#1259 = CARTESIAN_POINT('',(-4.711155564949,-1.000012115528));
#1260 = CARTESIAN_POINT('',(-4.711452134746,-1.0000065507));
#1261 = CARTESIAN_POINT('',(-4.711748704659,-1.000002862215));
#1262 = CARTESIAN_POINT('',(-4.760108393483,-0.999707368837));
#1263 = CARTESIAN_POINT('',(-4.808084468727,-1.048695581309));
#1264 = CARTESIAN_POINT('',(-4.855779838968,-1.146636232342));
#1265 = CARTESIAN_POINT('',(-4.903000712836,-1.290713592383));
#1266 = CARTESIAN_POINT('',(-4.949535040303,-1.47569138947));
#1267 = CARTESIAN_POINT('',(-5.022723799435,-1.826993585147));
#1268 = CARTESIAN_POINT('',(-5.050004747816,-1.97199562205));
#1269 = CARTESIAN_POINT('',(-5.076972826738,-2.128325549963));
#1270 = CARTESIAN_POINT('',(-5.103623787103,-2.294694773974));
#1271 = CARTESIAN_POINT('',(-5.129951305943,-2.46978566464));
#1272 = CARTESIAN_POINT('',(-5.189784922788,-2.889818633633));
#1273 = CARTESIAN_POINT('',(-5.223066318015,-3.13993917129));
#1274 = CARTESIAN_POINT('',(-5.255820604998,-3.400066851972));
#1275 = CARTESIAN_POINT('',(-5.288074595048,-3.667799244736));
#1276 = CARTESIAN_POINT('',(-5.319853045193,-3.940911313826));
#1277 = CARTESIAN_POINT('',(-5.375522728067,-4.432195499287));
#1278 = CARTESIAN_POINT('',(-5.399597748439,-4.649084828478));
#1279 = CARTESIAN_POINT('',(-5.423420810267,-4.867127949454));
#1280 = CARTESIAN_POINT('',(-5.44700738595,-5.085487379123));
#1281 = CARTESIAN_POINT('',(-5.470372669546,-5.303391483178));
#1282 = CARTESIAN_POINT('',(-5.512126499236,-5.694148453262));
#1283 = CARTESIAN_POINT('',(-5.530588266514,-5.867415756976));
#1284 = CARTESIAN_POINT('',(-5.548925105629,-6.039563280852));
#1285 = CARTESIAN_POINT('',(-5.567144374446,-6.210242865009));
#1286 = CARTESIAN_POINT('',(-5.58525333664,-6.379127541022));
#1287 = CARTESIAN_POINT('',(-5.66264959803,-7.096020389956));
#1288 = CARTESIAN_POINT('',(-5.720953492667,-7.623577662548));
#1289 = CARTESIAN_POINT('',(-5.778374702083,-8.116988307745));
#1290 = CARTESIAN_POINT('',(-5.835096106914,-8.566756046441));
#1291 = CARTESIAN_POINT('',(-5.891297034047,-8.965086171447));
#1292 = CARTESIAN_POINT('',(-6.003752585286,-9.650712587407));
#1293 = CARTESIAN_POINT('',(-6.059986600736,-9.936400183934));
#1294 = CARTESIAN_POINT('',(-6.115951607146,-10.15561595083));
#1295 = CARTESIAN_POINT('',(-6.171742190544,-10.30345434716));
#1296 = CARTESIAN_POINT('',(-6.227453841963,-10.37742251701));
#1297 = CARTESIAN_POINT('',(-6.28318530718,-10.37742251701));
#1298 = ( GEOMETRIC_REPRESENTATION_CONTEXT(2) 
PARAMETRIC_REPRESENTATION_CONTEXT() REPRESENTATION_CONTEXT('2D SPACE',''
  ) );
#1299 = ADVANCED_FACE('',(#1300),#203,.F.);
#1300 = FACE_BOUND('',#1301,.T.);
#1301 = EDGE_LOOP('',(#1302,#1494,#1515,#1516,#1517,#1518,#1519,#1644));
#1302 = ORIENTED_EDGE('',*,*,#1303,.F.);
#1303 = EDGE_CURVE('',#1304,#1306,#1308,.T.);
#1304 = VERTEX_POINT('',#1305);
#1305 = CARTESIAN_POINT('',(69.282032302755,40.,2.92E+03));
#1306 = VERTEX_POINT('',#1307);
#1307 = CARTESIAN_POINT('',(80.,-1.959434878636E-14,2.96E+03));
#1308 = SURFACE_CURVE('',#1309,(#1367,#1428),.PCURVE_S1.);
#1309 = B_SPLINE_CURVE_WITH_KNOTS('',6,(#1310,#1311,#1312,#1313,#1314,
    #1315,#1316,#1317,#1318,#1319,#1320,#1321,#1322,#1323,#1324,#1325,
    #1326,#1327,#1328,#1329,#1330,#1331,#1332,#1333,#1334,#1335,#1336,
    #1337,#1338,#1339,#1340,#1341,#1342,#1343,#1344,#1345,#1346,#1347,
    #1348,#1349,#1350,#1351,#1352,#1353,#1354,#1355,#1356,#1357,#1358,
    #1359,#1360,#1361,#1362,#1363,#1364,#1365,#1366),.UNSPECIFIED.,.F.,
  .F.,(7,5,5,5,5,5,5,5,5,5,5,7),(0.,0.324815942479,0.516087619374,
    0.580664387516,0.66376325714,0.772639166451,0.859064209516,
    0.996096674895,0.997130467371,0.998038936901,0.998916071019,1.),
  .UNSPECIFIED.);
#1310 = CARTESIAN_POINT('',(69.282032302755,40.,2.92E+03));
#1311 = CARTESIAN_POINT('',(69.282032302755,40.,2.922998730733E+03));
#1312 = CARTESIAN_POINT('',(69.437784723505,39.73022766874,
    2.925992366884E+03));
#1313 = CARTESIAN_POINT('',(69.748298403493,39.192407343338,
    2.928960725718E+03));
#1314 = CARTESIAN_POINT('',(70.202970672331,38.386688906145,
    2.931883380042E+03));
#1315 = CARTESIAN_POINT('',(70.781575999775,37.312506440445,
    2.934737040797E+03));
#1316 = CARTESIAN_POINT('',(71.854306926264,35.181534789855,
    2.93911858658E+03));
#1317 = CARTESIAN_POINT('',(72.285715294991,34.298464260791,
    2.94071062861E+03));
#1318 = CARTESIAN_POINT('',(72.746113001367,33.320824572098,
    2.942267805966E+03));
#1319 = CARTESIAN_POINT('',(73.230109403839,32.246577520488,
    2.943786263142E+03));
#1320 = CARTESIAN_POINT('',(73.731603181644,31.073137816174,
    2.945260957661E+03));
#1321 = CARTESIAN_POINT('',(74.416400308846,29.366898158951,
    2.947166192426E+03));
#1322 = CARTESIAN_POINT('',(74.590456613774,28.924546998839,
    2.947641394849E+03));
#1323 = CARTESIAN_POINT('',(74.765466449746,28.47035666543,
    2.948110689658E+03));
#1324 = CARTESIAN_POINT('',(74.941156371503,28.004175774857,
    2.948573823815E+03));
#1325 = CARTESIAN_POINT('',(75.117237806388,27.525848600893,
    2.949030515401E+03));
#1326 = CARTESIAN_POINT('',(75.520105692077,26.403856575964,
    2.95005944447E+03));
#1327 = CARTESIAN_POINT('',(75.746951107488,25.752115150504,
    2.950627256735E+03));
#1328 = CARTESIAN_POINT('',(75.973300867062,25.079632143699,
    2.951183241906E+03));
#1329 = CARTESIAN_POINT('',(76.198460540787,24.386055314181,
    2.951726651498E+03));
#1330 = CARTESIAN_POINT('',(76.421681604035,23.671038458173,
    2.952256637586E+03));
#1331 = CARTESIAN_POINT('',(76.931028659036,21.968891084236,
    2.953447811649E+03));
#1332 = CARTESIAN_POINT('',(77.215256896556,20.965923526415,
    2.954098861351E+03));
#1333 = CARTESIAN_POINT('',(77.492925237764,19.924892338885,
    2.954723001509E+03));
#1334 = CARTESIAN_POINT('',(77.761955344285,18.845446490372,
    2.955317594502E+03));
#1335 = CARTESIAN_POINT('',(78.020116078257,17.727367637277,
    2.955879739987E+03));
#1336 = CARTESIAN_POINT('',(78.459441607637,15.652378825338,
    2.956824188451E+03));
#1337 = CARTESIAN_POINT('',(78.645535808139,14.709637556054,
    2.957219736293E+03));
#1338 = CARTESIAN_POINT('',(78.821951188499,13.743141747198,
    2.957590922308E+03));
#1339 = CARTESIAN_POINT('',(78.987339994761,12.753744655553,
    2.957935839219E+03));
#1340 = CARTESIAN_POINT('',(79.140388843695,11.742395488671,
    2.958252633779E+03));
#1341 = CARTESIAN_POINT('',(79.500946729971,9.073432086142,
    2.958994339632E+03));
#1342 = CARTESIAN_POINT('',(79.688240495992,7.381404267501,
    2.959374703507E+03));
#1343 = CARTESIAN_POINT('',(79.835404472818,5.645904338941,
    2.959670678539E+03));
#1344 = CARTESIAN_POINT('',(79.937731062982,3.879476325423,
    2.959875455125E+03));
#1345 = CARTESIAN_POINT('',(79.992575612572,2.095083259058,
    2.959985150912E+03));
#1346 = CARTESIAN_POINT('',(79.99946708047,0.292316699504,
    2.95999893415E+03));
#1347 = CARTESIAN_POINT('',(79.999515948602,0.278818101427,
    2.959999031889E+03));
#1348 = CARTESIAN_POINT('',(79.999562083835,0.265319405841,
    2.959999124161E+03));
#1349 = CARTESIAN_POINT('',(79.999605486081,0.251820619656,
    2.959999210966E+03));
#1350 = CARTESIAN_POINT('',(79.999646155259,0.238321749786,
    2.959999292306E+03));
#1351 = CARTESIAN_POINT('',(79.999717428484,0.212960285279,
    2.959999434854E+03));
#1352 = CARTESIAN_POINT('',(79.999748655024,0.201097708129,
    2.959999497308E+03));
#1353 = CARTESIAN_POINT('',(79.999777770867,0.189235076383,
    2.95999955554E+03));
#1354 = CARTESIAN_POINT('',(79.999804775969,0.177372394733,
    2.959999609551E+03));
#1355 = CARTESIAN_POINT('',(79.999829670291,0.16550966787,
    2.95999965934E+03));
#1356 = CARTESIAN_POINT('',(79.99987445145,0.142193309965,
    2.959999748902E+03));
#1357 = CARTESIAN_POINT('',(79.99989448139,0.130739681669,
    2.959999788962E+03));
#1358 = CARTESIAN_POINT('',(79.99991254359,0.119286019823,
    2.959999825087E+03));
#1359 = CARTESIAN_POINT('',(79.999928638026,0.107832328652,
    2.959999857276E+03));
#1360 = CARTESIAN_POINT('',(79.999942764675,9.637861237734E-02,
    2.959999885529E+03));
#1361 = CARTESIAN_POINT('',(79.999969948963,7.077078249558E-02,
    2.959999939898E+03));
#1362 = CARTESIAN_POINT('',(79.999981969357,5.661665788001E-02,
    2.959999963939E+03));
#1363 = CARTESIAN_POINT('',(79.999990984673,4.246250935244E-02,
    2.959999981969E+03));
#1364 = CARTESIAN_POINT('',(79.999996994891,2.83083448846E-02,
    2.95999999399E+03));
#1365 = CARTESIAN_POINT('',(80.,1.415417244523E-02,2.96E+03));
#1366 = CARTESIAN_POINT('',(80.,6.123233995737E-15,2.96E+03));
#1367 = PCURVE('',#203,#1368);
#1368 = DEFINITIONAL_REPRESENTATION('',(#1369),#1427);
#1369 = B_SPLINE_CURVE_WITH_KNOTS('',6,(#1370,#1371,#1372,#1373,#1374,
    #1375,#1376,#1377,#1378,#1379,#1380,#1381,#1382,#1383,#1384,#1385,
    #1386,#1387,#1388,#1389,#1390,#1391,#1392,#1393,#1394,#1395,#1396,
    #1397,#1398,#1399,#1400,#1401,#1402,#1403,#1404,#1405,#1406,#1407,
    #1408,#1409,#1410,#1411,#1412,#1413,#1414,#1415,#1416,#1417,#1418,
    #1419,#1420,#1421,#1422,#1423,#1424,#1425,#1426),.UNSPECIFIED.,.F.,
  .F.,(7,5,5,5,5,5,5,5,5,5,5,7),(0.,0.324815942479,0.516087619374,
    0.580664387516,0.66376325714,0.772639166451,0.859064209516,
    0.996096674895,0.997130467371,0.998038936901,0.998916071019,1.),
  .UNSPECIFIED.);
#1370 = CARTESIAN_POINT('',(0.,-160.2820323027));
#1371 = CARTESIAN_POINT('',(-7.496826833118E-02,-160.2820323027));
#1372 = CARTESIAN_POINT('',(-0.149809146414,-160.4377847235));
#1373 = CARTESIAN_POINT('',(-0.224776652773,-160.7482984034));
#1374 = CARTESIAN_POINT('',(-0.300105031732,-161.2029706723));
#1375 = CARTESIAN_POINT('',(-0.376006514792,-161.7815759997));
#1376 = CARTESIAN_POINT('',(-0.49781318442,-162.8543069262));
#1377 = CARTESIAN_POINT('',(-0.543261253905,-163.2857152949));
#1378 = CARTESIAN_POINT('',(-0.589125089927,-163.7461130013));
#1379 = CARTESIAN_POINT('',(-0.635517230979,-164.2301094038));
#1380 = CARTESIAN_POINT('',(-0.682552170875,-164.7316031816));
#1381 = CARTESIAN_POINT('',(-0.746491464734,-165.4164003088));
#1382 = CARTESIAN_POINT('',(-0.762719076815,-165.5904566137));
#1383 = CARTESIAN_POINT('',(-0.77904165268,-165.7654664497));
#1384 = CARTESIAN_POINT('',(-0.795465026657,-165.9411563715));
#1385 = CARTESIAN_POINT('',(-0.811995082828,-166.1172378063));
#1386 = CARTESIAN_POINT('',(-0.850053928165,-166.520105692));
#1387 = CARTESIAN_POINT('',(-0.871656776299,-166.7469511074));
#1388 = CARTESIAN_POINT('',(-0.893459637824,-166.973300867));
#1389 = CARTESIAN_POINT('',(-0.915475564776,-167.1984605407));
#1390 = CARTESIAN_POINT('',(-0.93771778008,-167.421681604));
#1391 = CARTESIAN_POINT('',(-0.989656453838,-167.931028659));
#1392 = CARTESIAN_POINT('',(-1.019531966902,-168.2152568965));
#1393 = CARTESIAN_POINT('',(-1.049847450105,-168.4929252377));
#1394 = CARTESIAN_POINT('',(-1.080624745031,-168.7619553442));
#1395 = CARTESIAN_POINT('',(-1.111887349966,-169.0201160782));
#1396 = CARTESIAN_POINT('',(-1.168882752586,-169.4594416076));
#1397 = CARTESIAN_POINT('',(-1.194430338308,-169.6455358081));
#1398 = CARTESIAN_POINT('',(-1.220295016359,-169.8219511884));
#1399 = CARTESIAN_POINT('',(-1.246470205029,-169.9873399947));
#1400 = CARTESIAN_POINT('',(-1.272951335013,-170.1403888436));
#1401 = CARTESIAN_POINT('',(-1.342204011935,-170.5009467299));
#1402 = CARTESIAN_POINT('',(-1.385506292554,-170.6882404959));
#1403 = CARTESIAN_POINT('',(-1.429428691192,-170.8354044728));
#1404 = CARTESIAN_POINT('',(-1.473788376233,-170.9377310629));
#1405 = CARTESIAN_POINT('',(-1.518417863453,-170.9925756125));
#1406 = CARTESIAN_POINT('',(-1.563488344687,-170.9994670804));
#1407 = CARTESIAN_POINT('',(-1.563825818458,-170.9995159486));
#1408 = CARTESIAN_POINT('',(-1.56416329369,-170.9995620838));
#1409 = CARTESIAN_POINT('',(-1.564500770281,-170.999605486));
#1410 = CARTESIAN_POINT('',(-1.564838248126,-170.9996461552));
#1411 = CARTESIAN_POINT('',(-1.565472294754,-170.9997174284));
#1412 = CARTESIAN_POINT('',(-1.565768863274,-170.999748655));
#1413 = CARTESIAN_POINT('',(-1.566065432613,-170.9997777708));
#1414 = CARTESIAN_POINT('',(-1.566362002699,-170.9998047759));
#1415 = CARTESIAN_POINT('',(-1.566658573464,-170.9998296702));
#1416 = CARTESIAN_POINT('',(-1.567241486712,-170.9998744514));
#1417 = CARTESIAN_POINT('',(-1.567527829154,-170.9998944813));
#1418 = CARTESIAN_POINT('',(-1.567814172099,-170.9999125435));
#1419 = CARTESIAN_POINT('',(-1.568100515484,-170.999928638));
#1420 = CARTESIAN_POINT('',(-1.568386859245,-170.9999427646));
#1421 = CARTESIAN_POINT('',(-1.569027056435,-170.9999699489));
#1422 = CARTESIAN_POINT('',(-1.569380910029,-170.9999819693));
#1423 = CARTESIAN_POINT('',(-1.569734763981,-170.9999909846));
#1424 = CARTESIAN_POINT('',(-1.570088618173,-170.9999969948));
#1425 = CARTESIAN_POINT('',(-1.570442472484,-171.));
#1426 = CARTESIAN_POINT('',(-1.570796326795,-171.));
#1427 = ( GEOMETRIC_REPRESENTATION_CONTEXT(2) 
PARAMETRIC_REPRESENTATION_CONTEXT() REPRESENTATION_CONTEXT('2D SPACE',''
  ) );
#1428 = PCURVE('',#1429,#1434);
#1429 = CYLINDRICAL_SURFACE('',#1430,80.);
#1430 = AXIS2_PLACEMENT_3D('',#1431,#1432,#1433);
#1431 = CARTESIAN_POINT('',(0.,0.,2.72E+03));
#1432 = DIRECTION('',(0.,0.,1.));
#1433 = DIRECTION('',(1.,0.,0.));
#1434 = DEFINITIONAL_REPRESENTATION('',(#1435),#1493);
#1435 = B_SPLINE_CURVE_WITH_KNOTS('',6,(#1436,#1437,#1438,#1439,#1440,
    #1441,#1442,#1443,#1444,#1445,#1446,#1447,#1448,#1449,#1450,#1451,
    #1452,#1453,#1454,#1455,#1456,#1457,#1458,#1459,#1460,#1461,#1462,
    #1463,#1464,#1465,#1466,#1467,#1468,#1469,#1470,#1471,#1472,#1473,
    #1474,#1475,#1476,#1477,#1478,#1479,#1480,#1481,#1482,#1483,#1484,
    #1485,#1486,#1487,#1488,#1489,#1490,#1491,#1492),.UNSPECIFIED.,.F.,
  .F.,(7,5,5,5,5,5,5,5,5,5,5,7),(0.,0.324815942479,0.516087619374,
    0.580664387516,0.66376325714,0.772639166451,0.859064209516,
    0.996096674895,0.997130467371,0.998038936901,0.998916071019,1.),
  .UNSPECIFIED.);
#1436 = CARTESIAN_POINT('',(0.523598775598,200.));
#1437 = CARTESIAN_POINT('',(0.523598775598,202.99873073324));
#1438 = CARTESIAN_POINT('',(0.519704981582,205.9923668841));
#1439 = CARTESIAN_POINT('',(0.511942054894,208.96072571767));
#1440 = CARTESIAN_POINT('',(0.500378543163,211.88338004174));
#1441 = CARTESIAN_POINT('',(0.485133146913,214.73704079709));
#1442 = CARTESIAN_POINT('',(0.455311301375,219.11858658025));
#1443 = CARTESIAN_POINT('',(0.443026978709,220.71062860999));
#1444 = CARTESIAN_POINT('',(0.429521419636,222.26780596636));
#1445 = CARTESIAN_POINT('',(0.414797008888,223.78626314241));
#1446 = CARTESIAN_POINT('',(0.398849566485,225.26095766108));
#1447 = CARTESIAN_POINT('',(0.375867913227,227.16619242636));
#1448 = CARTESIAN_POINT('',(0.369926007533,227.64139484942));
#1449 = CARTESIAN_POINT('',(0.363841976396,228.11068965843));
#1450 = CARTESIAN_POINT('',(0.357614893851,228.57382381462));
#1451 = CARTESIAN_POINT('',(0.351243752743,229.03051540123));
#1452 = CARTESIAN_POINT('',(0.336342155527,230.05944447043));
#1453 = CARTESIAN_POINT('',(0.327716429715,230.62725673509));
#1454 = CARTESIAN_POINT('',(0.318847719015,231.18324190581));
#1455 = CARTESIAN_POINT('',(0.309733449962,231.72665149841));
#1456 = CARTESIAN_POINT('',(0.300370974439,232.25663758593));
#1457 = CARTESIAN_POINT('',(0.278161952816,233.44781164886));
#1458 = CARTESIAN_POINT('',(0.265132553277,234.09886135128));
#1459 = CARTESIAN_POINT('',(0.251667238439,234.72300150877));
#1460 = CARTESIAN_POINT('',(0.237764419102,235.3175945018));
#1461 = CARTESIAN_POINT('',(0.223423113219,235.87973998684));
#1462 = CARTESIAN_POINT('',(0.196910776791,236.82418845127));
#1463 = CARTESIAN_POINT('',(0.184900249492,237.21973629346));
#1464 = CARTESIAN_POINT('',(0.172621387224,237.5909223076));
#1465 = CARTESIAN_POINT('',(0.160084507777,237.93583921875));
#1466 = CARTESIAN_POINT('',(0.147300325483,238.25263377859));
#1467 = CARTESIAN_POINT('',(0.113635229423,238.99433963219));
#1468 = CARTESIAN_POINT('',(9.236184559726E-02,239.37470350699));
#1469 = CARTESIAN_POINT('',(7.060128869634E-02,239.67067853898));
#1470 = CARTESIAN_POINT('',(4.849608785811E-02,239.87545512543));
#1471 = CARTESIAN_POINT('',(2.618871346583E-02,239.98515091246));
#1472 = CARTESIAN_POINT('',(3.653966821156E-03,239.99893415038));
#1473 = CARTESIAN_POINT('',(3.485233242943E-03,239.99903188855));
#1474 = CARTESIAN_POINT('',(3.316498567808E-03,239.99912416061));
#1475 = CARTESIAN_POINT('',(3.147762873502E-03,239.99921096642));
#1476 = CARTESIAN_POINT('',(2.979026237785E-03,239.99929230587));
#1477 = CARTESIAN_POINT('',(2.662006679591E-03,239.99943485401));
#1478 = CARTESIAN_POINT('',(2.513723953813E-03,239.99949730773));
#1479 = CARTESIAN_POINT('',(2.365440613869E-03,239.99955553993));
#1480 = CARTESIAN_POINT('',(2.217156712535E-03,239.99960955054));
#1481 = CARTESIAN_POINT('',(2.068872302594E-03,239.99965933951));
#1482 = CARTESIAN_POINT('',(1.777417291238E-03,239.99974890232));
#1483 = CARTESIAN_POINT('',(1.634246720726E-03,239.99978896238));
#1484 = CARTESIAN_POINT('',(1.491075772802E-03,239.99982508691));
#1485 = CARTESIAN_POINT('',(1.347904494979E-03,239.99985727587));
#1486 = CARTESIAN_POINT('',(1.204732934769E-03,239.99988552923));
#1487 = CARTESIAN_POINT('',(8.846348808858E-04,239.9999398979));
#1488 = CARTESIAN_POINT('',(7.077082633767E-04,239.9999639387));
#1489 = CARTESIAN_POINT('',(5.307813768745E-04,239.99998196934));
#1490 = CARTESIAN_POINT('',(3.538543110574E-04,239.99999398978));
#1491 = CARTESIAN_POINT('',(1.769271555653E-04,240.));
#1492 = CARTESIAN_POINT('',(0.,240.));
#1493 = ( GEOMETRIC_REPRESENTATION_CONTEXT(2) 
PARAMETRIC_REPRESENTATION_CONTEXT() REPRESENTATION_CONTEXT('2D SPACE',''
  ) );
#1494 = ORIENTED_EDGE('',*,*,#1495,.T.);
#1495 = EDGE_CURVE('',#1304,#80,#1496,.T.);
#1496 = SEAM_CURVE('',#1497,(#1501,#1508),.PCURVE_S1.);
#1497 = LINE('',#1498,#1499);
#1498 = CARTESIAN_POINT('',(-91.,40.,2.92E+03));
#1499 = VECTOR('',#1500,1.);
#1500 = DIRECTION('',(1.,0.,0.));
#1501 = PCURVE('',#203,#1502);
#1502 = DEFINITIONAL_REPRESENTATION('',(#1503),#1507);
#1503 = LINE('',#1504,#1505);
#1504 = CARTESIAN_POINT('',(-6.28318530718,0.));
#1505 = VECTOR('',#1506,1.);
#1506 = DIRECTION('',(-0.,-1.));
#1507 = ( GEOMETRIC_REPRESENTATION_CONTEXT(2) 
PARAMETRIC_REPRESENTATION_CONTEXT() REPRESENTATION_CONTEXT('2D SPACE',''
  ) );
#1508 = PCURVE('',#203,#1509);
#1509 = DEFINITIONAL_REPRESENTATION('',(#1510),#1514);
#1510 = LINE('',#1511,#1512);
#1511 = CARTESIAN_POINT('',(-0.,0.));
#1512 = VECTOR('',#1513,1.);
#1513 = DIRECTION('',(-0.,-1.));
#1514 = ( GEOMETRIC_REPRESENTATION_CONTEXT(2) 
PARAMETRIC_REPRESENTATION_CONTEXT() REPRESENTATION_CONTEXT('2D SPACE',''
  ) );
#1515 = ORIENTED_EDGE('',*,*,#79,.T.);
#1516 = ORIENTED_EDGE('',*,*,#445,.T.);
#1517 = ORIENTED_EDGE('',*,*,#269,.T.);
#1518 = ORIENTED_EDGE('',*,*,#1495,.F.);
#1519 = ORIENTED_EDGE('',*,*,#1520,.F.);
#1520 = EDGE_CURVE('',#1521,#1304,#1523,.T.);
#1521 = VERTEX_POINT('',#1522);
#1522 = CARTESIAN_POINT('',(80.,-1.959434878636E-14,2.88E+03));
#1523 = SURFACE_CURVE('',#1524,(#1562,#1603),.PCURVE_S1.);
#1524 = B_SPLINE_CURVE_WITH_KNOTS('',6,(#1525,#1526,#1527,#1528,#1529,
    #1530,#1531,#1532,#1533,#1534,#1535,#1536,#1537,#1538,#1539,#1540,
    #1541,#1542,#1543,#1544,#1545,#1546,#1547,#1548,#1549,#1550,#1551,
    #1552,#1553,#1554,#1555,#1556,#1557,#1558,#1559,#1560,#1561),
  .UNSPECIFIED.,.F.,.F.,(7,5,5,5,5,5,5,7),(0.,0.140875690198,
    0.228223160218,0.336433212454,0.419905076054,0.484663245836,
    0.67523176201,1.),.UNSPECIFIED.);
#1525 = CARTESIAN_POINT('',(80.,-3.673940397442E-15,2.88E+03));
#1526 = CARTESIAN_POINT('',(80.,1.839805209215,2.88E+03));
#1527 = CARTESIAN_POINT('',(79.949226677771,3.676338614285,
    2.880101546733E+03));
#1528 = CARTESIAN_POINT('',(79.848019121853,5.495241184502,
    2.880303961436E+03));
#1529 = CARTESIAN_POINT('',(79.699113449695,7.282270888432,
    2.88060322387E+03));
#1530 = CARTESIAN_POINT('',(79.507590923415,9.02364309745,
    2.880992002314E+03));
#1531 = CARTESIAN_POINT('',(79.139454516331,11.749686663033,
    2.881749282199E+03));
#1532 = CARTESIAN_POINT('',(78.984665950378,12.77166076919,
    2.882069689527E+03));
#1533 = CARTESIAN_POINT('',(78.817283958846,13.771200399757,
    2.882418805732E+03));
#1534 = CARTESIAN_POINT('',(78.638664149884,14.747331550601,
    2.882794718767E+03));
#1535 = CARTESIAN_POINT('',(78.450197300561,15.699180227713,
    2.883195461293E+03));
#1536 = CARTESIAN_POINT('',(78.009347332836,17.774124142271,
    2.88414370243E+03));
#1537 = CARTESIAN_POINT('',(77.752398683163,18.884058945402,
    2.884703500667E+03));
#1538 = CARTESIAN_POINT('',(77.484772008675,19.95583230557,
    2.885295272586E+03));
#1539 = CARTESIAN_POINT('',(77.208654130699,20.989665521402,
    2.885916177148E+03));
#1540 = CARTESIAN_POINT('',(76.926082292716,21.98590863468,
    2.886563630588E+03));
#1541 = CARTESIAN_POINT('',(76.417438343583,23.684837621844,
    2.887753383877E+03));
#1542 = CARTESIAN_POINT('',(76.193178800026,24.402698281644,
    2.888285976581E+03));
#1543 = CARTESIAN_POINT('',(75.966974370778,25.098931185332,
    2.888832100524E+03));
#1544 = CARTESIAN_POINT('',(75.739582991019,25.773887396912,
    2.88939089759E+03));
#1545 = CARTESIAN_POINT('',(75.511707582323,26.427924002811,
    2.889961610823E+03));
#1546 = CARTESIAN_POINT('',(75.107339375688,27.552863964674,
    2.890995085376E+03));
#1547 = CARTESIAN_POINT('',(74.930779670253,28.031953916186,
    2.891453366102E+03));
#1548 = CARTESIAN_POINT('',(74.754624934118,28.498835586692,
    2.891918114492E+03));
#1549 = CARTESIAN_POINT('',(74.579165752663,28.953665777354,
    2.892389047015E+03));
#1550 = CARTESIAN_POINT('',(74.40467745672,29.396596857052,
    2.892865909266E+03));
#1551 = CARTESIAN_POINT('',(73.721563324629,31.096640830658,
    2.894768559639E+03));
#1552 = CARTESIAN_POINT('',(73.222196568437,32.264167899149,
    2.896238520951E+03));
#1553 = CARTESIAN_POINT('',(72.740270557024,33.333266243867,
    2.897751866677E+03));
#1554 = CARTESIAN_POINT('',(72.281814876502,34.306485226083,
    2.899303616873E+03));
#1555 = CARTESIAN_POINT('',(71.852159535187,35.1858352104,
    2.900889958464E+03));
#1556 = CARTESIAN_POINT('',(70.781122155609,37.313348880978,
    2.905265198438E+03));
#1557 = CARTESIAN_POINT('',(70.202685474866,38.387194356047,
    2.908118453629E+03));
#1558 = CARTESIAN_POINT('',(69.748152079244,39.192660779745,
    2.911040671865E+03));
#1559 = CARTESIAN_POINT('',(69.437735635626,39.730312692878,
    2.914008574208E+03));
#1560 = CARTESIAN_POINT('',(69.282032302755,40.,2.917001741889E+03));
#1561 = CARTESIAN_POINT('',(69.282032302755,40.,2.92E+03));
#1562 = PCURVE('',#203,#1563);
#1563 = DEFINITIONAL_REPRESENTATION('',(#1564),#1602);
#1564 = B_SPLINE_CURVE_WITH_KNOTS('',6,(#1565,#1566,#1567,#1568,#1569,
    #1570,#1571,#1572,#1573,#1574,#1575,#1576,#1577,#1578,#1579,#1580,
    #1581,#1582,#1583,#1584,#1585,#1586,#1587,#1588,#1589,#1590,#1591,
    #1592,#1593,#1594,#1595,#1596,#1597,#1598,#1599,#1600,#1601),
  .UNSPECIFIED.,.F.,.F.,(7,5,5,5,5,5,5,7),(0.,0.140875690198,
    0.228223160218,0.336433212454,0.419905076054,0.484663245836,
    0.67523176201,1.),.UNSPECIFIED.);
#1565 = CARTESIAN_POINT('',(-4.712388980385,-171.));
#1566 = CARTESIAN_POINT('',(-4.758384110615,-171.));
#1567 = CARTESIAN_POINT('',(-4.804297442884,-170.9492266777));
#1568 = CARTESIAN_POINT('',(-4.849945172097,-170.8480191218));
#1569 = CARTESIAN_POINT('',(-4.895143195295,-170.6991134496));
#1570 = CARTESIAN_POINT('',(-4.939690593602,-170.5075909234));
#1571 = CARTESIAN_POINT('',(-5.010422421418,-170.1394545163));
#1572 = CARTESIAN_POINT('',(-5.037183573476,-169.9846659503));
#1573 = CARTESIAN_POINT('',(-5.063632129875,-169.8172839588));
#1574 = CARTESIAN_POINT('',(-5.089763486286,-169.6386641498));
#1575 = CARTESIAN_POINT('',(-5.115570945523,-169.4501973005));
#1576 = CARTESIAN_POINT('',(-5.172604671848,-169.0093473328));
#1577 = CARTESIAN_POINT('',(-5.203659511929,-168.7523986831));
#1578 = CARTESIAN_POINT('',(-5.234235413179,-168.4847720086));
#1579 = CARTESIAN_POINT('',(-5.264355533955,-168.2086541306));
#1580 = CARTESIAN_POINT('',(-5.294041428323,-167.9260822927));
#1581 = CARTESIAN_POINT('',(-5.345893818532,-167.4174383435));
#1582 = CARTESIAN_POINT('',(-5.36823184767,-167.1931788));
#1583 = CARTESIAN_POINT('',(-5.390341748453,-166.9669743707));
#1584 = CARTESIAN_POINT('',(-5.412236920831,-166.739582991));
#1585 = CARTESIAN_POINT('',(-5.433930591294,-166.5117075823));
#1586 = CARTESIAN_POINT('',(-5.472120573362,-166.1073393756));
#1587 = CARTESIAN_POINT('',(-5.488691839292,-165.9307796702));
#1588 = CARTESIAN_POINT('',(-5.505156055924,-165.7546249341));
#1589 = CARTESIAN_POINT('',(-5.521519150919,-165.5791657526));
#1590 = CARTESIAN_POINT('',(-5.537787001602,-165.4046774567));
#1591 = CARTESIAN_POINT('',(-5.601574872469,-164.7215633246));
#1592 = CARTESIAN_POINT('',(-5.648426162884,-164.2221965684));
#1593 = CARTESIAN_POINT('',(-5.694640897649,-163.740270557));
#1594 = CARTESIAN_POINT('',(-5.740332199457,-163.2818148765));
#1595 = CARTESIAN_POINT('',(-5.78561125454,-162.8521595351));
#1596 = CARTESIAN_POINT('',(-5.907238346631,-161.7811221556));
#1597 = CARTESIAN_POINT('',(-5.983127536954,-161.2026854748));
#1598 = CARTESIAN_POINT('',(-6.058443952527,-160.7481520792));
#1599 = CARTESIAN_POINT('',(-6.133399688057,-160.4377356356));
#1600 = CARTESIAN_POINT('',(-6.208228854397,-160.2820323027));
#1601 = CARTESIAN_POINT('',(-6.28318530718,-160.2820323027));
#1602 = ( GEOMETRIC_REPRESENTATION_CONTEXT(2) 
PARAMETRIC_REPRESENTATION_CONTEXT() REPRESENTATION_CONTEXT('2D SPACE',''
  ) );
#1603 = PCURVE('',#1429,#1604);
#1604 = DEFINITIONAL_REPRESENTATION('',(#1605),#1643);
#1605 = B_SPLINE_CURVE_WITH_KNOTS('',6,(#1606,#1607,#1608,#1609,#1610,
    #1611,#1612,#1613,#1614,#1615,#1616,#1617,#1618,#1619,#1620,#1621,
    #1622,#1623,#1624,#1625,#1626,#1627,#1628,#1629,#1630,#1631,#1632,
    #1633,#1634,#1635,#1636,#1637,#1638,#1639,#1640,#1641,#1642),
  .UNSPECIFIED.,.F.,.F.,(7,5,5,5,5,5,5,7),(0.,0.140875690198,
    0.228223160218,0.336433212454,0.419905076054,0.484663245836,
    0.67523176201,1.),.UNSPECIFIED.);
#1606 = CARTESIAN_POINT('',(0.,160.));
#1607 = CARTESIAN_POINT('',(2.299756511519E-02,160.));
#1608 = CARTESIAN_POINT('',(4.595423686365E-02,160.10154673306));
#1609 = CARTESIAN_POINT('',(6.871239203356E-02,160.30396143559));
#1610 = CARTESIAN_POINT('',(9.111561124324E-02,160.60322387022));
#1611 = CARTESIAN_POINT('',(0.113007350764,160.99200231445));
#1612 = CARTESIAN_POINT('',(0.147392208296,161.74928219949));
#1613 = CARTESIAN_POINT('',(0.160310908126,162.06968952722));
#1614 = CARTESIAN_POINT('',(0.172976873786,162.41880573225));
#1615 = CARTESIAN_POINT('',(0.185379110875,162.79471876729));
#1616 = CARTESIAN_POINT('',(0.197507039036,163.19546129317));
#1617 = CARTESIAN_POINT('',(0.224022780064,164.14370242974));
#1618 = CARTESIAN_POINT('',(0.238261541131,164.70350066697));
#1619 = CARTESIAN_POINT('',(0.252067123064,165.29527258588));
#1620 = CARTESIAN_POINT('',(0.265440558674,165.91617714801));
#1621 = CARTESIAN_POINT('',(0.278383468783,166.56363058776));
#1622 = CARTESIAN_POINT('',(0.300551429793,167.75338387698));
#1623 = CARTESIAN_POINT('',(0.309951698,168.28597658061));
#1624 = CARTESIAN_POINT('',(0.319101568281,168.83210052373));
#1625 = CARTESIAN_POINT('',(0.328003724694,169.3908975902));
#1626 = CARTESIAN_POINT('',(0.336660774286,169.96161082306));
#1627 = CARTESIAN_POINT('',(0.351603391423,170.99508537559));
#1628 = CARTESIAN_POINT('',(0.357985544848,171.45336610226));
#1629 = CARTESIAN_POINT('',(0.364222872411,171.91811449229));
#1630 = CARTESIAN_POINT('',(0.370316385786,172.38904701533));
#1631 = CARTESIAN_POINT('',(0.376267014212,172.86590926614));
#1632 = CARTESIAN_POINT('',(0.399168960191,174.76855963853));
#1633 = CARTESIAN_POINT('',(0.415038053617,176.23852095134));
#1634 = CARTESIAN_POINT('',(0.429693206448,177.75186667717));
#1635 = CARTESIAN_POINT('',(0.443138458668,179.30361687266));
#1636 = CARTESIAN_POINT('',(0.45537138551,180.88995846381));
#1637 = CARTESIAN_POINT('',(0.4851451037,185.26519843785));
#1638 = CARTESIAN_POINT('',(0.500385797042,188.11845362893));
#1639 = CARTESIAN_POINT('',(0.511945713076,191.04067186517));
#1640 = CARTESIAN_POINT('',(0.519706208759,194.0085742081));
#1641 = CARTESIAN_POINT('',(0.523598775598,197.0017418887));
#1642 = CARTESIAN_POINT('',(0.523598775598,200.));
#1643 = ( GEOMETRIC_REPRESENTATION_CONTEXT(2) 
PARAMETRIC_REPRESENTATION_CONTEXT() REPRESENTATION_CONTEXT('2D SPACE',''
  ) );
#1644 = ORIENTED_EDGE('',*,*,#1645,.F.);
#1645 = EDGE_CURVE('',#1306,#1521,#1646,.T.);
#1646 = SURFACE_CURVE('',#1647,(#1745,#1846),.PCURVE_S1.);
#1647 = B_SPLINE_CURVE_WITH_KNOTS('',6,(#1648,#1649,#1650,#1651,#1652,
    #1653,#1654,#1655,#1656,#1657,#1658,#1659,#1660,#1661,#1662,#1663,
    #1664,#1665,#1666,#1667,#1668,#1669,#1670,#1671,#1672,#1673,#1674,
    #1675,#1676,#1677,#1678,#1679,#1680,#1681,#1682,#1683,#1684,#1685,
    #1686,#1687,#1688,#1689,#1690,#1691,#1692,#1693,#1694,#1695,#1696,
    #1697,#1698,#1699,#1700,#1701,#1702,#1703,#1704,#1705,#1706,#1707,
    #1708,#1709,#1710,#1711,#1712,#1713,#1714,#1715,#1716,#1717,#1718,
    #1719,#1720,#1721,#1722,#1723,#1724,#1725,#1726,#1727,#1728,#1729,
    #1730,#1731,#1732,#1733,#1734,#1735,#1736,#1737,#1738,#1739,#1740,
    #1741,#1742,#1743,#1744),.UNSPECIFIED.,.F.,.F.,(7,5,5,5,5,5,5,5,5,5,
    5,5,5,5,5,5,5,5,5,7),(0.,7.038005493765E-02,0.114017958185,
    0.168078594274,0.209780284171,0.242132803591,0.337338884657,
    0.41379640149,0.499711671629,0.662213295116,0.757904281794,
    0.790211285206,0.831784680215,0.886254027455,0.929491468232,
    0.998047211987,0.998564406303,0.99901890301,0.999457722976,1.),
  .UNSPECIFIED.);
#1648 = CARTESIAN_POINT('',(80.,-7.105427357601E-15,2.96E+03));
#1649 = CARTESIAN_POINT('',(80.,-1.839805209213,2.96E+03));
#1650 = CARTESIAN_POINT('',(79.949226677772,-3.676338614288,
    2.959898453267E+03));
#1651 = CARTESIAN_POINT('',(79.848019121852,-5.495241184501,
    2.959696038564E+03));
#1652 = CARTESIAN_POINT('',(79.699113449695,-7.282270888434,
    2.95939677613E+03));
#1653 = CARTESIAN_POINT('',(79.507590923415,-9.023643097449,
    2.959007997686E+03));
#1654 = CARTESIAN_POINT('',(79.139454516331,-11.74968666303,
    2.958250717801E+03));
#1655 = CARTESIAN_POINT('',(78.984665950378,-12.77166076919,
    2.957930310473E+03));
#1656 = CARTESIAN_POINT('',(78.817283958846,-13.77120039975,
    2.957581194268E+03));
#1657 = CARTESIAN_POINT('',(78.638664149884,-14.7473315506,
    2.957205281233E+03));
#1658 = CARTESIAN_POINT('',(78.450197300561,-15.69918022771,
    2.956804538707E+03));
#1659 = CARTESIAN_POINT('',(78.00934733282,-17.77412414234,
    2.95585629757E+03));
#1660 = CARTESIAN_POINT('',(77.752398683163,-18.88405894538,
    2.955296499333E+03));
#1661 = CARTESIAN_POINT('',(77.484772008691,-19.9558323055,
    2.954704727414E+03));
#1662 = CARTESIAN_POINT('',(77.208654130707,-20.98966552138,
    2.954083822852E+03));
#1663 = CARTESIAN_POINT('',(76.926082292698,-21.98590863473,
    2.953436369412E+03));
#1664 = CARTESIAN_POINT('',(76.417438343585,-23.68483762183,
    2.952246616123E+03));
#1665 = CARTESIAN_POINT('',(76.193178800028,-24.40269828163,
    2.951714023419E+03));
#1666 = CARTESIAN_POINT('',(75.966974370779,-25.09893118533,
    2.951167899476E+03));
#1667 = CARTESIAN_POINT('',(75.739582991018,-25.77388739691,
    2.95060910241E+03));
#1668 = CARTESIAN_POINT('',(75.511707582322,-26.42792400281,
    2.950038389177E+03));
#1669 = CARTESIAN_POINT('',(75.107339377418,-27.55286395986,
    2.949004914629E+03));
#1670 = CARTESIAN_POINT('',(74.930779669839,-28.03195391707,
    2.948546633896E+03));
#1671 = CARTESIAN_POINT('',(74.754624932432,-28.49883559113,
    2.948081885503E+03));
#1672 = CARTESIAN_POINT('',(74.579165752178,-28.95366577882,
    2.947610952984E+03));
#1673 = CARTESIAN_POINT('',(74.404677458361,-29.39659685296,
    2.947134090738E+03));
#1674 = CARTESIAN_POINT('',(73.721563324623,-31.09664083067,
    2.945231440361E+03));
#1675 = CARTESIAN_POINT('',(73.222196568444,-32.26416789913,
    2.943761479049E+03));
#1676 = CARTESIAN_POINT('',(72.740270557018,-33.33326624387,
    2.942248133323E+03));
#1677 = CARTESIAN_POINT('',(72.281814876508,-34.30648522607,
    2.940696383127E+03));
#1678 = CARTESIAN_POINT('',(71.852159535183,-35.1858352104,
    2.939110041536E+03));
#1679 = CARTESIAN_POINT('',(71.13802804399,-36.60438935153,
    2.936192779537E+03));
#1680 = CARTESIAN_POINT('',(70.841656943462,-37.17641094251,
    2.934873212213E+03));
#1681 = CARTESIAN_POINT('',(70.569673002134,-37.68888818623,
    2.933535847678E+03));
#1682 = CARTESIAN_POINT('',(70.324442550293,-38.14202023827,
    2.932182900642E+03));
#1683 = CARTESIAN_POINT('',(70.107986361627,-38.53591618181,
    2.930816399325E+03));
#1684 = CARTESIAN_POINT('',(69.712917798765,-39.24658186749,
    2.927889582972E+03));
#1685 = CARTESIAN_POINT('',(69.542307334856,-39.54776880225,
    2.926326265169E+03));
#1686 = CARTESIAN_POINT('',(69.412618131795,-39.77381871829,
    2.924752075585E+03));
#1687 = CARTESIAN_POINT('',(69.325569513838,-39.92459133515,
    2.92317062995E+03));
#1688 = CARTESIAN_POINT('',(69.282032302755,-40.,2.921585441151E+03));
#1689 = CARTESIAN_POINT('',(69.282032302755,-40.,2.917001269267E+03));
#1690 = CARTESIAN_POINT('',(69.437784723506,-39.73022766873,
    2.914007633116E+03));
#1691 = CARTESIAN_POINT('',(69.748298403489,-39.19240734334,
    2.911039274282E+03));
#1692 = CARTESIAN_POINT('',(70.202970672337,-38.38668890613,
    2.908116619958E+03));
#1693 = CARTESIAN_POINT('',(70.781575999772,-37.31250644045,
    2.905262959203E+03));
#1694 = CARTESIAN_POINT('',(71.854306926292,-35.1815347898,
    2.90088141342E+03));
#1695 = CARTESIAN_POINT('',(72.285715294987,-34.29846426079,
    2.89928937139E+03));
#1696 = CARTESIAN_POINT('',(72.746113001334,-33.32082457216,
    2.897732194034E+03));
#1697 = CARTESIAN_POINT('',(73.230109403828,-32.24657752052,
    2.896213736858E+03));
#1698 = CARTESIAN_POINT('',(73.731603181679,-31.07313781608,
    2.894739042339E+03));
#1699 = CARTESIAN_POINT('',(74.41640031046,-29.36689815493,
    2.892833807569E+03));
#1700 = CARTESIAN_POINT('',(74.590456613298,-28.92454700028,
    2.892358605152E+03));
#1701 = CARTESIAN_POINT('',(74.765466448089,-28.4703566698,
    2.891889310346E+03));
#1702 = CARTESIAN_POINT('',(74.941156371095,-28.00417577573,
    2.891426176187E+03));
#1703 = CARTESIAN_POINT('',(75.117237808087,-27.52584859616,
    2.890969484594E+03));
#1704 = CARTESIAN_POINT('',(75.520105692077,-26.40385657596,
    2.88994055553E+03));
#1705 = CARTESIAN_POINT('',(75.746951107488,-25.7521151505,
    2.889372743265E+03));
#1706 = CARTESIAN_POINT('',(75.973300867063,-25.07963214369,
    2.888816758094E+03));
#1707 = CARTESIAN_POINT('',(76.198460540788,-24.38605531417,
    2.888273348502E+03));
#1708 = CARTESIAN_POINT('',(76.421681604035,-23.67103845817,
    2.887743362414E+03));
#1709 = CARTESIAN_POINT('',(76.931028659037,-21.96889108423,
    2.886552188351E+03));
#1710 = CARTESIAN_POINT('',(77.215256896555,-20.96592352641,
    2.885901138649E+03));
#1711 = CARTESIAN_POINT('',(77.492925237764,-19.92489233888,
    2.885276998491E+03));
#1712 = CARTESIAN_POINT('',(77.761955344285,-18.84544649037,
    2.884682405498E+03));
#1713 = CARTESIAN_POINT('',(78.020116078257,-17.72736763727,
    2.884120260013E+03));
#1714 = CARTESIAN_POINT('',(78.459441607638,-15.65237882533,
    2.883175811549E+03));
#1715 = CARTESIAN_POINT('',(78.645535808139,-14.70963755605,
    2.882780263707E+03));
#1716 = CARTESIAN_POINT('',(78.821951188499,-13.74314174719,
    2.882409077692E+03));
#1717 = CARTESIAN_POINT('',(78.987339994761,-12.75374465555,
    2.882064160781E+03));
#1718 = CARTESIAN_POINT('',(79.140388843695,-11.74239548867,
    2.881747366221E+03));
#1719 = CARTESIAN_POINT('',(79.500946729971,-9.073432086142,
    2.881005660368E+03));
#1720 = CARTESIAN_POINT('',(79.688240495993,-7.381404267495,
    2.880625296493E+03));
#1721 = CARTESIAN_POINT('',(79.835404472818,-5.645904338944,
    2.880329321461E+03));
#1722 = CARTESIAN_POINT('',(79.937731062983,-3.87947632542,
    2.880124544875E+03));
#1723 = CARTESIAN_POINT('',(79.992575612572,-2.095083259057,
    2.880014849088E+03));
#1724 = CARTESIAN_POINT('',(79.99946708047,-0.292316699503,
    2.88000106585E+03));
#1725 = CARTESIAN_POINT('',(79.999515948602,-0.278818101426,
    2.880000968111E+03));
#1726 = CARTESIAN_POINT('',(79.999562083835,-0.265319405839,
    2.880000875839E+03));
#1727 = CARTESIAN_POINT('',(79.999605486081,-0.251820619655,
    2.880000789034E+03));
#1728 = CARTESIAN_POINT('',(79.999646155259,-0.238321749784,
    2.880000707694E+03));
#1729 = CARTESIAN_POINT('',(79.999717428484,-0.212960285278,
    2.880000565146E+03));
#1730 = CARTESIAN_POINT('',(79.999748655024,-0.201097708127,
    2.880000502692E+03));
#1731 = CARTESIAN_POINT('',(79.999777770867,-0.189235076381,
    2.88000044446E+03));
#1732 = CARTESIAN_POINT('',(79.999804775969,-0.177372394731,
    2.880000390449E+03));
#1733 = CARTESIAN_POINT('',(79.999829670291,-0.165509667869,
    2.88000034066E+03));
#1734 = CARTESIAN_POINT('',(79.99987445145,-0.142193309963,
    2.880000251098E+03));
#1735 = CARTESIAN_POINT('',(79.99989448139,-0.130739681667,
    2.880000211038E+03));
#1736 = CARTESIAN_POINT('',(79.99991254359,-0.119286019822,
    2.880000174913E+03));
#1737 = CARTESIAN_POINT('',(79.999928638026,-0.10783232865,
    2.880000142724E+03));
#1738 = CARTESIAN_POINT('',(79.999942764675,-9.637861237587E-02,
    2.880000114471E+03));
#1739 = CARTESIAN_POINT('',(79.999969948963,-7.077078249438E-02,
    2.880000060102E+03));
#1740 = CARTESIAN_POINT('',(79.999981969357,-5.661665787906E-02,
    2.880000036061E+03));
#1741 = CARTESIAN_POINT('',(79.999990984673,-4.246250935175E-02,
    2.880000018031E+03));
#1742 = CARTESIAN_POINT('',(79.999996994891,-2.830834488416E-02,
    2.88000000601E+03));
#1743 = CARTESIAN_POINT('',(80.,-1.415417244501E-02,2.88E+03));
#1744 = CARTESIAN_POINT('',(80.,-1.42108547152E-14,2.88E+03));
#1745 = PCURVE('',#203,#1746);
#1746 = DEFINITIONAL_REPRESENTATION('',(#1747),#1845);
#1747 = B_SPLINE_CURVE_WITH_KNOTS('',6,(#1748,#1749,#1750,#1751,#1752,
    #1753,#1754,#1755,#1756,#1757,#1758,#1759,#1760,#1761,#1762,#1763,
    #1764,#1765,#1766,#1767,#1768,#1769,#1770,#1771,#1772,#1773,#1774,
    #1775,#1776,#1777,#1778,#1779,#1780,#1781,#1782,#1783,#1784,#1785,
    #1786,#1787,#1788,#1789,#1790,#1791,#1792,#1793,#1794,#1795,#1796,
    #1797,#1798,#1799,#1800,#1801,#1802,#1803,#1804,#1805,#1806,#1807,
    #1808,#1809,#1810,#1811,#1812,#1813,#1814,#1815,#1816,#1817,#1818,
    #1819,#1820,#1821,#1822,#1823,#1824,#1825,#1826,#1827,#1828,#1829,
    #1830,#1831,#1832,#1833,#1834,#1835,#1836,#1837,#1838,#1839,#1840,
    #1841,#1842,#1843,#1844),.UNSPECIFIED.,.F.,.F.,(7,5,5,5,5,5,5,5,5,5,
    5,5,5,5,5,5,5,5,5,7),(0.,7.038005493765E-02,0.114017958185,
    0.168078594274,0.209780284171,0.242132803591,0.337338884657,
    0.41379640149,0.499711671629,0.662213295116,0.757904281794,
    0.790211285206,0.831784680215,0.886254027455,0.929491468232,
    0.998047211987,0.998564406303,0.99901890301,0.999457722976,1.),
  .UNSPECIFIED.);
#1748 = CARTESIAN_POINT('',(-1.570796326795,-171.));
#1749 = CARTESIAN_POINT('',(-1.616791457025,-171.));
#1750 = CARTESIAN_POINT('',(-1.662704789294,-170.9492266777));
#1751 = CARTESIAN_POINT('',(-1.708352518507,-170.8480191218));
#1752 = CARTESIAN_POINT('',(-1.753550541706,-170.6991134496));
#1753 = CARTESIAN_POINT('',(-1.798097940013,-170.5075909234));
#1754 = CARTESIAN_POINT('',(-1.868829767828,-170.1394545163));
#1755 = CARTESIAN_POINT('',(-1.895590919886,-169.9846659503));
#1756 = CARTESIAN_POINT('',(-1.922039476286,-169.8172839588));
#1757 = CARTESIAN_POINT('',(-1.948170832696,-169.6386641498));
#1758 = CARTESIAN_POINT('',(-1.973978291933,-169.4501973005));
#1759 = CARTESIAN_POINT('',(-2.03101201826,-169.0093473328));
#1760 = CARTESIAN_POINT('',(-2.062066858339,-168.7523986831));
#1761 = CARTESIAN_POINT('',(-2.092642759588,-168.4847720086));
#1762 = CARTESIAN_POINT('',(-2.122762880364,-168.2086541307));
#1763 = CARTESIAN_POINT('',(-2.152448774735,-167.9260822926));
#1764 = CARTESIAN_POINT('',(-2.204301164942,-167.4174383435));
#1765 = CARTESIAN_POINT('',(-2.22663919408,-167.1931788));
#1766 = CARTESIAN_POINT('',(-2.248749094863,-166.9669743707));
#1767 = CARTESIAN_POINT('',(-2.270644267242,-166.739582991));
#1768 = CARTESIAN_POINT('',(-2.292337937705,-166.5117075823));
#1769 = CARTESIAN_POINT('',(-2.330527919609,-166.1073393774));
#1770 = CARTESIAN_POINT('',(-2.34709918574,-165.9307796698));
#1771 = CARTESIAN_POINT('',(-2.363563402492,-165.7546249324));
#1772 = CARTESIAN_POINT('',(-2.379926497376,-165.5791657521));
#1773 = CARTESIAN_POINT('',(-2.396194347859,-165.4046774583));
#1774 = CARTESIAN_POINT('',(-2.45998221888,-164.7215633246));
#1775 = CARTESIAN_POINT('',(-2.506833509293,-164.2221965684));
#1776 = CARTESIAN_POINT('',(-2.55304824406,-163.740270557));
#1777 = CARTESIAN_POINT('',(-2.598739545867,-163.2818148765));
#1778 = CARTESIAN_POINT('',(-2.64401860095,-162.8521595351));
#1779 = CARTESIAN_POINT('',(-2.725115431277,-162.1380280439));
#1780 = CARTESIAN_POINT('',(-2.761036741975,-161.8416569434));
#1781 = CARTESIAN_POINT('',(-2.796792036954,-161.5696730021));
#1782 = CARTESIAN_POINT('',(-2.832413858999,-161.3244425502));
#1783 = CARTESIAN_POINT('',(-2.867935324063,-161.1079863616));
#1784 = CARTESIAN_POINT('',(-2.943231820005,-160.7129177987));
#1785 = CARTESIAN_POINT('',(-2.982987879659,-160.5423073348));
#1786 = CARTESIAN_POINT('',(-3.022678674774,-160.4126181317));
#1787 = CARTESIAN_POINT('',(-3.062326906261,-160.3255695138));
#1788 = CARTESIAN_POINT('',(-3.101956624809,-160.2820323027));
#1789 = CARTESIAN_POINT('',(-3.216560921921,-160.2820323027));
#1790 = CARTESIAN_POINT('',(-3.291401800004,-160.4377847235));
#1791 = CARTESIAN_POINT('',(-3.366369306363,-160.7482984034));
#1792 = CARTESIAN_POINT('',(-3.441697685322,-161.2029706723));
#1793 = CARTESIAN_POINT('',(-3.517599168381,-161.7815759997));
#1794 = CARTESIAN_POINT('',(-3.639405838013,-162.8543069262));
#1795 = CARTESIAN_POINT('',(-3.684853907494,-163.2857152949));
#1796 = CARTESIAN_POINT('',(-3.730717743514,-163.7461130013));
#1797 = CARTESIAN_POINT('',(-3.777109884568,-164.2301094038));
#1798 = CARTESIAN_POINT('',(-3.824144824468,-164.7316031816));
#1799 = CARTESIAN_POINT('',(-3.888084118475,-165.4164003104));
#1800 = CARTESIAN_POINT('',(-3.904311730359,-165.5904566132));
#1801 = CARTESIAN_POINT('',(-3.920634306114,-165.765466448));
#1802 = CARTESIAN_POINT('',(-3.93705768021,-165.941156371));
#1803 = CARTESIAN_POINT('',(-3.953587736578,-166.117237808));
#1804 = CARTESIAN_POINT('',(-3.991646581755,-166.520105692));
#1805 = CARTESIAN_POINT('',(-4.013249429889,-166.7469511074));
#1806 = CARTESIAN_POINT('',(-4.035052291414,-166.973300867));
#1807 = CARTESIAN_POINT('',(-4.057068218366,-167.1984605407));
#1808 = CARTESIAN_POINT('',(-4.07931043367,-167.421681604));
#1809 = CARTESIAN_POINT('',(-4.131249107428,-167.931028659));
#1810 = CARTESIAN_POINT('',(-4.161124620492,-168.2152568965));
#1811 = CARTESIAN_POINT('',(-4.191440103695,-168.4929252377));
#1812 = CARTESIAN_POINT('',(-4.222217398621,-168.7619553442));
#1813 = CARTESIAN_POINT('',(-4.253480003556,-169.0201160782));
#1814 = CARTESIAN_POINT('',(-4.310475406176,-169.4594416076));
#1815 = CARTESIAN_POINT('',(-4.336022991897,-169.6455358081));
#1816 = CARTESIAN_POINT('',(-4.361887669948,-169.8219511884));
#1817 = CARTESIAN_POINT('',(-4.388062858619,-169.9873399947));
#1818 = CARTESIAN_POINT('',(-4.414543988603,-170.1403888436));
#1819 = CARTESIAN_POINT('',(-4.483796665524,-170.5009467299));
#1820 = CARTESIAN_POINT('',(-4.527098946144,-170.6882404959));
#1821 = CARTESIAN_POINT('',(-4.571021344781,-170.8354044728));
#1822 = CARTESIAN_POINT('',(-4.615381029823,-170.9377310629));
#1823 = CARTESIAN_POINT('',(-4.660010517043,-170.9925756125));
#1824 = CARTESIAN_POINT('',(-4.705080998277,-170.9994670804));
#1825 = CARTESIAN_POINT('',(-4.705418472047,-170.9995159486));
#1826 = CARTESIAN_POINT('',(-4.70575594728,-170.9995620838));
#1827 = CARTESIAN_POINT('',(-4.70609342387,-170.999605486));
#1828 = CARTESIAN_POINT('',(-4.706430901716,-170.9996461552));
#1829 = CARTESIAN_POINT('',(-4.707064948344,-170.9997174284));
#1830 = CARTESIAN_POINT('',(-4.707361516864,-170.999748655));
#1831 = CARTESIAN_POINT('',(-4.707658086202,-170.9997777708));
#1832 = CARTESIAN_POINT('',(-4.707954656289,-170.9998047759));
#1833 = CARTESIAN_POINT('',(-4.708251227054,-170.9998296702));
#1834 = CARTESIAN_POINT('',(-4.708834140302,-170.9998744514));
#1835 = CARTESIAN_POINT('',(-4.709120482744,-170.9998944813));
#1836 = CARTESIAN_POINT('',(-4.709406825689,-170.9999125435));
#1837 = CARTESIAN_POINT('',(-4.709693169074,-170.999928638));
#1838 = CARTESIAN_POINT('',(-4.709979512835,-170.9999427646));
#1839 = CARTESIAN_POINT('',(-4.710619710025,-170.9999699489));
#1840 = CARTESIAN_POINT('',(-4.710973563619,-170.9999819693));
#1841 = CARTESIAN_POINT('',(-4.711327417571,-170.9999909846));
#1842 = CARTESIAN_POINT('',(-4.711681271763,-170.9999969948));
#1843 = CARTESIAN_POINT('',(-4.712035126074,-171.));
#1844 = CARTESIAN_POINT('',(-4.712388980385,-171.));
#1845 = ( GEOMETRIC_REPRESENTATION_CONTEXT(2) 
PARAMETRIC_REPRESENTATION_CONTEXT() REPRESENTATION_CONTEXT('2D SPACE',''
  ) );
#1846 = PCURVE('',#1429,#1847);
#1847 = DEFINITIONAL_REPRESENTATION('',(#1848),#1946);
#1848 = B_SPLINE_CURVE_WITH_KNOTS('',6,(#1849,#1850,#1851,#1852,#1853,
    #1854,#1855,#1856,#1857,#1858,#1859,#1860,#1861,#1862,#1863,#1864,
    #1865,#1866,#1867,#1868,#1869,#1870,#1871,#1872,#1873,#1874,#1875,
    #1876,#1877,#1878,#1879,#1880,#1881,#1882,#1883,#1884,#1885,#1886,
    #1887,#1888,#1889,#1890,#1891,#1892,#1893,#1894,#1895,#1896,#1897,
    #1898,#1899,#1900,#1901,#1902,#1903,#1904,#1905,#1906,#1907,#1908,
    #1909,#1910,#1911,#1912,#1913,#1914,#1915,#1916,#1917,#1918,#1919,
    #1920,#1921,#1922,#1923,#1924,#1925,#1926,#1927,#1928,#1929,#1930,
    #1931,#1932,#1933,#1934,#1935,#1936,#1937,#1938,#1939,#1940,#1941,
    #1942,#1943,#1944,#1945),.UNSPECIFIED.,.F.,.F.,(7,5,5,5,5,5,5,5,5,5,
    5,5,5,5,5,5,5,5,5,7),(0.,7.038005493765E-02,0.114017958185,
    0.168078594274,0.209780284171,0.242132803591,0.337338884657,
    0.41379640149,0.499711671629,0.662213295116,0.757904281794,
    0.790211285206,0.831784680215,0.886254027455,0.929491468232,
    0.998047211987,0.998564406303,0.99901890301,0.999457722976,1.),
  .UNSPECIFIED.);
#1849 = CARTESIAN_POINT('',(6.28318530718,240.));
#1850 = CARTESIAN_POINT('',(6.260187742064,240.));
#1851 = CARTESIAN_POINT('',(6.237231070316,239.89845326693));
#1852 = CARTESIAN_POINT('',(6.214472915146,239.6960385644));
#1853 = CARTESIAN_POINT('',(6.192069695936,239.39677612977));
#1854 = CARTESIAN_POINT('',(6.170177956415,239.00799768554));
#1855 = CARTESIAN_POINT('',(6.135793098884,238.2507178005));
#1856 = CARTESIAN_POINT('',(6.122874399053,237.93031047277));
#1857 = CARTESIAN_POINT('',(6.110208433394,237.58119426774));
#1858 = CARTESIAN_POINT('',(6.097806196304,237.2052812327));
#1859 = CARTESIAN_POINT('',(6.085678268144,236.80453870682));
#1860 = CARTESIAN_POINT('',(6.059162527115,235.85629757022));
#1861 = CARTESIAN_POINT('',(6.044923766049,235.29649933302));
#1862 = CARTESIAN_POINT('',(6.031118184116,234.70472741415));
#1863 = CARTESIAN_POINT('',(6.017744748506,234.083822852));
#1864 = CARTESIAN_POINT('',(6.004801838396,233.43636941219));
#1865 = CARTESIAN_POINT('',(5.982633877386,232.24661612301));
#1866 = CARTESIAN_POINT('',(5.973233609179,231.71402341938));
#1867 = CARTESIAN_POINT('',(5.964083738899,231.16789947627));
#1868 = CARTESIAN_POINT('',(5.955181582486,230.60910240979));
#1869 = CARTESIAN_POINT('',(5.946524532894,230.03838917693));
#1870 = CARTESIAN_POINT('',(5.93158191582,229.00491462882));
#1871 = CARTESIAN_POINT('',(5.925199762319,228.54663389647));
#1872 = CARTESIAN_POINT('',(5.918962434709,228.0818855032));
#1873 = CARTESIAN_POINT('',(5.912868921374,227.61095298352));
#1874 = CARTESIAN_POINT('',(5.906918293023,227.13409073842));
#1875 = CARTESIAN_POINT('',(5.884016346989,225.23144036144));
#1876 = CARTESIAN_POINT('',(5.868147253563,223.76147904867));
#1877 = CARTESIAN_POINT('',(5.853492100732,222.2481333228));
#1878 = CARTESIAN_POINT('',(5.840046848512,220.69638312736));
#1879 = CARTESIAN_POINT('',(5.827813921669,219.11004153616));
#1880 = CARTESIAN_POINT('',(5.807961813634,216.19277953713));
#1881 = CARTESIAN_POINT('',(5.799909363655,214.87321221309));
#1882 = CARTESIAN_POINT('',(5.79265756646,213.5358476784));
#1883 = CARTESIAN_POINT('',(5.786217341437,212.18290064225));
#1884 = CARTESIAN_POINT('',(5.78059925888,210.81639932504));
#1885 = CARTESIAN_POINT('',(5.770435560563,207.8895829719));
#1886 = CARTESIAN_POINT('',(5.766108794791,206.32626516949));
#1887 = CARTESIAN_POINT('',(5.762851178206,204.75207558542));
#1888 = CARTESIAN_POINT('',(5.760674961621,203.17062994981));
#1889 = CARTESIAN_POINT('',(5.759586531581,201.58544115124));
#1890 = CARTESIAN_POINT('',(5.759586531581,197.00126926673));
#1891 = CARTESIAN_POINT('',(5.763480325598,194.00763311592));
#1892 = CARTESIAN_POINT('',(5.771243252285,191.03927428231));
#1893 = CARTESIAN_POINT('',(5.782806764017,188.11661995824));
#1894 = CARTESIAN_POINT('',(5.798052160266,185.26295920291));
#1895 = CARTESIAN_POINT('',(5.827874005805,180.88141341962));
#1896 = CARTESIAN_POINT('',(5.84015832847,179.28937139004));
#1897 = CARTESIAN_POINT('',(5.853663887543,177.73219403373));
#1898 = CARTESIAN_POINT('',(5.868388298291,176.2137368576));
#1899 = CARTESIAN_POINT('',(5.884335740696,174.73904233881));
#1900 = CARTESIAN_POINT('',(5.907317394006,172.83380756914));
#1901 = CARTESIAN_POINT('',(5.913259299628,172.35860515169));
#1902 = CARTESIAN_POINT('',(5.919343330725,171.88931034598));
#1903 = CARTESIAN_POINT('',(5.925570413317,171.42617618661));
#1904 = CARTESIAN_POINT('',(5.9319415545,170.96948459442));
#1905 = CARTESIAN_POINT('',(5.946843151653,169.94055552957));
#1906 = CARTESIAN_POINT('',(5.955468877465,169.37274326491));
#1907 = CARTESIAN_POINT('',(5.964337588165,168.81675809418));
#1908 = CARTESIAN_POINT('',(5.973451857218,168.27334850158));
#1909 = CARTESIAN_POINT('',(5.982814332741,167.74336241406));
#1910 = CARTESIAN_POINT('',(6.005023354363,166.55218835113));
#1911 = CARTESIAN_POINT('',(6.018052753903,165.90113864871));
#1912 = CARTESIAN_POINT('',(6.03151806874,165.27699849122));
#1913 = CARTESIAN_POINT('',(6.045420888078,164.68240549819));
#1914 = CARTESIAN_POINT('',(6.059762193961,164.12026001315));
#1915 = CARTESIAN_POINT('',(6.086274530389,163.17581154872));
#1916 = CARTESIAN_POINT('',(6.098285057688,162.78026370653));
#1917 = CARTESIAN_POINT('',(6.110563919956,162.40907769239));
#1918 = CARTESIAN_POINT('',(6.123100799402,162.06416078124));
#1919 = CARTESIAN_POINT('',(6.135884981697,161.7473662214));
#1920 = CARTESIAN_POINT('',(6.169550077757,161.0056603678));
#1921 = CARTESIAN_POINT('',(6.190823461582,160.625296493));
#1922 = CARTESIAN_POINT('',(6.212584018483,160.32932146101));
#1923 = CARTESIAN_POINT('',(6.234689219322,160.12454487456));
#1924 = CARTESIAN_POINT('',(6.256996593714,160.01484908753));
#1925 = CARTESIAN_POINT('',(6.279531340358,160.00106584961));
#1926 = CARTESIAN_POINT('',(6.279700073937,160.00096811144));
#1927 = CARTESIAN_POINT('',(6.279868808612,160.00087583938));
#1928 = CARTESIAN_POINT('',(6.280037544306,160.00078903357));
#1929 = CARTESIAN_POINT('',(6.280206280942,160.00070769412));
#1930 = CARTESIAN_POINT('',(6.2805233005,160.00056514598));
#1931 = CARTESIAN_POINT('',(6.280671583226,160.00050269226));
#1932 = CARTESIAN_POINT('',(6.280819866566,160.00044446006));
#1933 = CARTESIAN_POINT('',(6.280968150467,160.00039044945));
#1934 = CARTESIAN_POINT('',(6.281116434877,160.00034066048));
#1935 = CARTESIAN_POINT('',(6.281407889888,160.00025109767));
#1936 = CARTESIAN_POINT('',(6.281551060459,160.00021103761));
#1937 = CARTESIAN_POINT('',(6.281694231407,160.00017491308));
#1938 = CARTESIAN_POINT('',(6.281837402685,160.00014272412));
#1939 = CARTESIAN_POINT('',(6.281980574245,160.00011447076));
#1940 = CARTESIAN_POINT('',(6.282300672299,160.0000601021));
#1941 = CARTESIAN_POINT('',(6.282477598916,160.00003606129));
#1942 = CARTESIAN_POINT('',(6.282654525803,160.00001803065));
#1943 = CARTESIAN_POINT('',(6.282831452869,160.00000601021));
#1944 = CARTESIAN_POINT('',(6.283008380024,160.));
#1945 = CARTESIAN_POINT('',(6.28318530718,160.));
#1946 = ( GEOMETRIC_REPRESENTATION_CONTEXT(2) 
PARAMETRIC_REPRESENTATION_CONTEXT() REPRESENTATION_CONTEXT('2D SPACE',''
  ) );
#1947 = ADVANCED_FACE('',(#1948,#1951),#432,.F.);
#1948 = FACE_BOUND('',#1949,.F.);
#1949 = EDGE_LOOP('',(#1950));
#1950 = ORIENTED_EDGE('',*,*,#417,.T.);
#1951 = FACE_BOUND('',#1952,.F.);
#1952 = EDGE_LOOP('',(#1953));
#1953 = ORIENTED_EDGE('',*,*,#1954,.F.);
#1954 = EDGE_CURVE('',#1955,#1955,#1957,.T.);
#1955 = VERTEX_POINT('',#1956);
#1956 = CARTESIAN_POINT('',(80.,-1.959434878636E-14,2.72E+03));
#1957 = SURFACE_CURVE('',#1958,(#1963,#1970),.PCURVE_S1.);
#1958 = CIRCLE('',#1959,80.);
#1959 = AXIS2_PLACEMENT_3D('',#1960,#1961,#1962);
#1960 = CARTESIAN_POINT('',(0.,0.,2.72E+03));
#1961 = DIRECTION('',(0.,0.,1.));
#1962 = DIRECTION('',(1.,0.,0.));
#1963 = PCURVE('',#432,#1964);
#1964 = DEFINITIONAL_REPRESENTATION('',(#1965),#1969);
#1965 = CIRCLE('',#1966,80.);
#1966 = AXIS2_PLACEMENT_2D('',#1967,#1968);
#1967 = CARTESIAN_POINT('',(0.,0.));
#1968 = DIRECTION('',(1.,0.));
#1969 = ( GEOMETRIC_REPRESENTATION_CONTEXT(2) 
PARAMETRIC_REPRESENTATION_CONTEXT() REPRESENTATION_CONTEXT('2D SPACE',''
  ) );
#1970 = PCURVE('',#1429,#1971);
#1971 = DEFINITIONAL_REPRESENTATION('',(#1972),#1976);
#1972 = LINE('',#1973,#1974);
#1973 = CARTESIAN_POINT('',(0.,0.));
#1974 = VECTOR('',#1975,1.);
#1975 = DIRECTION('',(1.,0.));
#1976 = ( GEOMETRIC_REPRESENTATION_CONTEXT(2) 
PARAMETRIC_REPRESENTATION_CONTEXT() REPRESENTATION_CONTEXT('2D SPACE',''
  ) );
#1977 = ADVANCED_FACE('',(#1978,#1981),#66,.T.);
#1978 = FACE_BOUND('',#1979,.T.);
#1979 = EDGE_LOOP('',(#1980));
#1980 = ORIENTED_EDGE('',*,*,#51,.T.);
#1981 = FACE_BOUND('',#1982,.T.);
#1982 = EDGE_LOOP('',(#1983));
#1983 = ORIENTED_EDGE('',*,*,#1984,.F.);
#1984 = EDGE_CURVE('',#1985,#1985,#1987,.T.);
#1985 = VERTEX_POINT('',#1986);
#1986 = CARTESIAN_POINT('',(80.,-1.959434878636E-14,3.12E+03));
#1987 = SURFACE_CURVE('',#1988,(#1993,#2000),.PCURVE_S1.);
#1988 = CIRCLE('',#1989,80.);
#1989 = AXIS2_PLACEMENT_3D('',#1990,#1991,#1992);
#1990 = CARTESIAN_POINT('',(0.,0.,3.12E+03));
#1991 = DIRECTION('',(0.,0.,1.));
#1992 = DIRECTION('',(1.,0.,0.));
#1993 = PCURVE('',#66,#1994);
#1994 = DEFINITIONAL_REPRESENTATION('',(#1995),#1999);
#1995 = CIRCLE('',#1996,80.);
#1996 = AXIS2_PLACEMENT_2D('',#1997,#1998);
#1997 = CARTESIAN_POINT('',(0.,0.));
#1998 = DIRECTION('',(1.,0.));
#1999 = ( GEOMETRIC_REPRESENTATION_CONTEXT(2) 
PARAMETRIC_REPRESENTATION_CONTEXT() REPRESENTATION_CONTEXT('2D SPACE',''
  ) );
#2000 = PCURVE('',#1429,#2001);
#2001 = DEFINITIONAL_REPRESENTATION('',(#2002),#2006);
#2002 = LINE('',#2003,#2004);
#2003 = CARTESIAN_POINT('',(0.,400.));
#2004 = VECTOR('',#2005,1.);
#2005 = DIRECTION('',(1.,0.));
#2006 = ( GEOMETRIC_REPRESENTATION_CONTEXT(2) 
PARAMETRIC_REPRESENTATION_CONTEXT() REPRESENTATION_CONTEXT('2D SPACE',''
  ) );
#2007 = ADVANCED_FACE('',(#2008),#1109,.F.);
#2008 = FACE_BOUND('',#2009,.T.);
#2009 = EDGE_LOOP('',(#2010,#2011,#2034,#2607));
#2010 = ORIENTED_EDGE('',*,*,#735,.F.);
#2011 = ORIENTED_EDGE('',*,*,#2012,.T.);
#2012 = EDGE_CURVE('',#736,#2013,#2015,.T.);
#2013 = VERTEX_POINT('',#2014);
#2014 = CARTESIAN_POINT('',(-69.28203230275,40.,2.92E+03));
#2015 = SEAM_CURVE('',#2016,(#2020,#2027),.PCURVE_S1.);
#2016 = LINE('',#2017,#2018);
#2017 = CARTESIAN_POINT('',(-91.,40.,2.92E+03));
#2018 = VECTOR('',#2019,1.);
#2019 = DIRECTION('',(1.,0.,0.));
#2020 = PCURVE('',#1109,#2021);
#2021 = DEFINITIONAL_REPRESENTATION('',(#2022),#2026);
#2022 = LINE('',#2023,#2024);
#2023 = CARTESIAN_POINT('',(-6.28318530718,0.));
#2024 = VECTOR('',#2025,1.);
#2025 = DIRECTION('',(-0.,-1.));
#2026 = ( GEOMETRIC_REPRESENTATION_CONTEXT(2) 
PARAMETRIC_REPRESENTATION_CONTEXT() REPRESENTATION_CONTEXT('2D SPACE',''
  ) );
#2027 = PCURVE('',#1109,#2028);
#2028 = DEFINITIONAL_REPRESENTATION('',(#2029),#2033);
#2029 = LINE('',#2030,#2031);
#2030 = CARTESIAN_POINT('',(-0.,0.));
#2031 = VECTOR('',#2032,1.);
#2032 = DIRECTION('',(-0.,-1.));
#2033 = ( GEOMETRIC_REPRESENTATION_CONTEXT(2) 
PARAMETRIC_REPRESENTATION_CONTEXT() REPRESENTATION_CONTEXT('2D SPACE',''
  ) );
#2034 = ORIENTED_EDGE('',*,*,#2035,.T.);
#2035 = EDGE_CURVE('',#2013,#2013,#2036,.T.);
#2036 = SURFACE_CURVE('',#2037,(#2225,#2416),.PCURVE_S1.);
#2037 = B_SPLINE_CURVE_WITH_KNOTS('',6,(#2038,#2039,#2040,#2041,#2042,
    #2043,#2044,#2045,#2046,#2047,#2048,#2049,#2050,#2051,#2052,#2053,
    #2054,#2055,#2056,#2057,#2058,#2059,#2060,#2061,#2062,#2063,#2064,
    #2065,#2066,#2067,#2068,#2069,#2070,#2071,#2072,#2073,#2074,#2075,
    #2076,#2077,#2078,#2079,#2080,#2081,#2082,#2083,#2084,#2085,#2086,
    #2087,#2088,#2089,#2090,#2091,#2092,#2093,#2094,#2095,#2096,#2097,
    #2098,#2099,#2100,#2101,#2102,#2103,#2104,#2105,#2106,#2107,#2108,
    #2109,#2110,#2111,#2112,#2113,#2114,#2115,#2116,#2117,#2118,#2119,
    #2120,#2121,#2122,#2123,#2124,#2125,#2126,#2127,#2128,#2129,#2130,
    #2131,#2132,#2133,#2134,#2135,#2136,#2137,#2138,#2139,#2140,#2141,
    #2142,#2143,#2144,#2145,#2146,#2147,#2148,#2149,#2150,#2151,#2152,
    #2153,#2154,#2155,#2156,#2157,#2158,#2159,#2160,#2161,#2162,#2163,
    #2164,#2165,#2166,#2167,#2168,#2169,#2170,#2171,#2172,#2173,#2174,
    #2175,#2176,#2177,#2178,#2179,#2180,#2181,#2182,#2183,#2184,#2185,
    #2186,#2187,#2188,#2189,#2190,#2191,#2192,#2193,#2194,#2195,#2196,
    #2197,#2198,#2199,#2200,#2201,#2202,#2203,#2204,#2205,#2206,#2207,
    #2208,#2209,#2210,#2211,#2212,#2213,#2214,#2215,#2216,#2217,#2218,
    #2219,#2220,#2221,#2222,#2223,#2224),.UNSPECIFIED.,.T.,.F.,(7,5,5,5,
    5,5,5,5,5,5,5,5,5,5,5,5,5,5,5,5,5,5,5,5,5,5,5,5,5,5,5,5,5,5,5,5,5,7)
  ,(0.,8.113212093383E-02,0.128907721798,0.145037626544,0.165793958936,
    0.192988848269,0.214575988126,0.248803787036,0.249062006436,
    0.249288922826,0.249508012296,0.249734925139,0.284970844184,
    0.306791128295,0.333823097084,0.354675215394,0.370852463147,
    0.41845841172,0.456689505509,0.499649764835,0.580905539856,
    0.628753955708,0.644908444105,0.665696411307,0.692932748479,
    0.714552789384,0.748832755025,0.749091367979,0.749318630213,
    0.749538053598,0.74976531228,0.78505493453,0.806908475019,
    0.833981643339,0.854865542447,0.87106744585,0.91874594992,1.),
  .UNSPECIFIED.);
#2038 = CARTESIAN_POINT('',(-69.28203230275,40.,2.92E+03));
#2039 = CARTESIAN_POINT('',(-69.28203230275,40.,2.922998730733E+03));
#2040 = CARTESIAN_POINT('',(-69.4377847235,39.730227668736,
    2.925992366884E+03));
#2041 = CARTESIAN_POINT('',(-69.74829840348,39.192407343348,
    2.928960725718E+03));
#2042 = CARTESIAN_POINT('',(-70.20297067233,38.386688906132,
    2.931883380042E+03));
#2043 = CARTESIAN_POINT('',(-70.78157599977,37.31250644045,
    2.934737040797E+03));
#2044 = CARTESIAN_POINT('',(-71.85430692629,35.1815347898,
    2.93911858658E+03));
#2045 = CARTESIAN_POINT('',(-72.28571529498,34.298464260797,
    2.94071062861E+03));
#2046 = CARTESIAN_POINT('',(-72.74611300133,33.320824572164,
    2.942267805966E+03));
#2047 = CARTESIAN_POINT('',(-73.23010940382,32.246577520524,
    2.943786263142E+03));
#2048 = CARTESIAN_POINT('',(-73.73160318167,31.073137816088,
    2.945260957661E+03));
#2049 = CARTESIAN_POINT('',(-74.41640031046,29.366898154931,
    2.947166192431E+03));
#2050 = CARTESIAN_POINT('',(-74.59045661329,28.924547000287,
    2.947641394848E+03));
#2051 = CARTESIAN_POINT('',(-74.76546644808,28.470356669801,
    2.948110689654E+03));
#2052 = CARTESIAN_POINT('',(-74.94115637109,28.004175775736,
    2.948573823813E+03));
#2053 = CARTESIAN_POINT('',(-75.11723780808,27.525848596163,
    2.949030515406E+03));
#2054 = CARTESIAN_POINT('',(-75.52010569207,26.403856575966,
    2.95005944447E+03));
#2055 = CARTESIAN_POINT('',(-75.74695110748,25.752115150505,
    2.950627256735E+03));
#2056 = CARTESIAN_POINT('',(-75.97330086706,25.079632143699,
    2.951183241906E+03));
#2057 = CARTESIAN_POINT('',(-76.19846054078,24.386055314178,
    2.951726651498E+03));
#2058 = CARTESIAN_POINT('',(-76.42168160403,23.671038458169,
    2.952256637586E+03));
#2059 = CARTESIAN_POINT('',(-76.93102865901,21.968891084293,
    2.953447811649E+03));
#2060 = CARTESIAN_POINT('',(-77.21525689656,20.965923526398,
    2.954098861351E+03));
#2061 = CARTESIAN_POINT('',(-77.49292523777,19.924892338824,
    2.954723001509E+03));
#2062 = CARTESIAN_POINT('',(-77.76195534428,18.845446490356,
    2.955317594502E+03));
#2063 = CARTESIAN_POINT('',(-78.02011607824,17.727367637343,
    2.955879739987E+03));
#2064 = CARTESIAN_POINT('',(-78.45944160761,15.652378825439,
    2.956824188451E+03));
#2065 = CARTESIAN_POINT('',(-78.64553580814,14.709637556028,
    2.957219736293E+03));
#2066 = CARTESIAN_POINT('',(-78.82195118851,13.743141747086,
    2.957590922308E+03));
#2067 = CARTESIAN_POINT('',(-78.98733999476,12.753744655518,
    2.957935839219E+03));
#2068 = CARTESIAN_POINT('',(-79.14038884367,11.742395488795,
    2.958252633779E+03));
#2069 = CARTESIAN_POINT('',(-79.50094672997,9.073432086141,
    2.958994339632E+03));
#2070 = CARTESIAN_POINT('',(-79.68824049599,7.381404267506,
    2.959374703507E+03));
#2071 = CARTESIAN_POINT('',(-79.83540447281,5.645904338934,
    2.959670678539E+03));
#2072 = CARTESIAN_POINT('',(-79.93773106298,3.879476325429,
    2.959875455125E+03));
#2073 = CARTESIAN_POINT('',(-79.99257561257,2.095083259055,
    2.959985150912E+03));
#2074 = CARTESIAN_POINT('',(-79.99946708047,0.292316699504,
    2.95999893415E+03));
#2075 = CARTESIAN_POINT('',(-79.9995159486,0.278818101427,
    2.959999031889E+03));
#2076 = CARTESIAN_POINT('',(-79.99956208383,0.265319405841,
    2.959999124161E+03));
#2077 = CARTESIAN_POINT('',(-79.99960548608,0.251820619656,
    2.959999210966E+03));
#2078 = CARTESIAN_POINT('',(-79.99964615525,0.238321749786,
    2.959999292306E+03));
#2079 = CARTESIAN_POINT('',(-79.99971742848,0.212960285279,
    2.959999434854E+03));
#2080 = CARTESIAN_POINT('',(-79.99974865502,0.201097708129,
    2.959999497308E+03));
#2081 = CARTESIAN_POINT('',(-79.99977777086,0.189235076383,
    2.95999955554E+03));
#2082 = CARTESIAN_POINT('',(-79.99980477596,0.177372394733,
    2.959999609551E+03));
#2083 = CARTESIAN_POINT('',(-79.99982967029,0.16550966787,
    2.95999965934E+03));
#2084 = CARTESIAN_POINT('',(-79.99987445145,0.142193309965,
    2.959999748902E+03));
#2085 = CARTESIAN_POINT('',(-79.99989448139,0.130739681669,
    2.959999788962E+03));
#2086 = CARTESIAN_POINT('',(-79.99991254359,0.119286019823,
    2.959999825087E+03));
#2087 = CARTESIAN_POINT('',(-79.99992863802,0.107832328652,
    2.959999857276E+03));
#2088 = CARTESIAN_POINT('',(-79.99994276467,9.637861237733E-02,
    2.959999885529E+03));
#2089 = CARTESIAN_POINT('',(-79.99996751654,7.306214140238E-02,
    2.959999935033E+03));
#2090 = CARTESIAN_POINT('',(-79.99997799871,6.119938518403E-02,
    2.959999955997E+03));
#2091 = CARTESIAN_POINT('',(-79.99998637003,4.93366112617E-02,
    2.95999997274E+03));
#2092 = CARTESIAN_POINT('',(-79.99999263046,3.747382432799E-02,
    2.959999985261E+03));
#2093 = CARTESIAN_POINT('',(-79.99999678,2.561102907568E-02,
    2.95999999356E+03));
#2094 = CARTESIAN_POINT('',(-80.00031538921,-1.82835385029,
    2.960000630778E+03));
#2095 = CARTESIAN_POINT('',(-79.94973123264,-3.667260954224,
    2.959899462362E+03));
#2096 = CARTESIAN_POINT('',(-79.84857633161,-5.488554495327,
    2.959697158385E+03));
#2097 = CARTESIAN_POINT('',(-79.69959079382,-7.277932339208,
    2.959397745134E+03));
#2098 = CARTESIAN_POINT('',(-79.50787337417,-9.021551554598,
    2.959008578705E+03));
#2099 = CARTESIAN_POINT('',(-79.13945451633,-11.74968666303,
    2.958250717801E+03));
#2100 = CARTESIAN_POINT('',(-78.98466595037,-12.77166076919,
    2.957930310473E+03));
#2101 = CARTESIAN_POINT('',(-78.81728395884,-13.77120039975,
    2.957581194268E+03));
#2102 = CARTESIAN_POINT('',(-78.63866414988,-14.7473315506,
    2.957205281233E+03));
#2103 = CARTESIAN_POINT('',(-78.45019730056,-15.69918022771,
    2.956804538707E+03));
#2104 = CARTESIAN_POINT('',(-78.00934733283,-17.77412414227,
    2.95585629757E+03));
#2105 = CARTESIAN_POINT('',(-77.75239868316,-18.8840589454,
    2.955296499333E+03));
#2106 = CARTESIAN_POINT('',(-77.48477200867,-19.95583230556,
    2.954704727414E+03));
#2107 = CARTESIAN_POINT('',(-77.20865413069,-20.9896655214,
    2.954083822852E+03));
#2108 = CARTESIAN_POINT('',(-76.92608229271,-21.98590863468,
    2.953436369412E+03));
#2109 = CARTESIAN_POINT('',(-76.41743834358,-23.68483762184,
    2.952246616123E+03));
#2110 = CARTESIAN_POINT('',(-76.19317880002,-24.40269828164,
    2.951714023419E+03));
#2111 = CARTESIAN_POINT('',(-75.96697437077,-25.09893118532,
    2.951167899476E+03));
#2112 = CARTESIAN_POINT('',(-75.73958299102,-25.7738873969,
    2.95060910241E+03));
#2113 = CARTESIAN_POINT('',(-75.51170758232,-26.42792400281,
    2.950038389177E+03));
#2114 = CARTESIAN_POINT('',(-75.10733937568,-27.55286396467,
    2.949004914624E+03));
#2115 = CARTESIAN_POINT('',(-74.93077967025,-28.03195391618,
    2.948546633898E+03));
#2116 = CARTESIAN_POINT('',(-74.75462493411,-28.49883558669,
    2.948081885508E+03));
#2117 = CARTESIAN_POINT('',(-74.57916575266,-28.95366577735,
    2.947610952985E+03));
#2118 = CARTESIAN_POINT('',(-74.40467745672,-29.39659685705,
    2.947134090734E+03));
#2119 = CARTESIAN_POINT('',(-73.72156332459,-31.09664083074,
    2.945231440361E+03));
#2120 = CARTESIAN_POINT('',(-73.22219656844,-32.26416789911,
    2.943761479049E+03));
#2121 = CARTESIAN_POINT('',(-72.74027055706,-33.33326624378,
    2.942248133323E+03));
#2122 = CARTESIAN_POINT('',(-72.2818148765,-34.30648522608,
    2.940696383127E+03));
#2123 = CARTESIAN_POINT('',(-71.85215953515,-35.18583521045,
    2.939110041536E+03));
#2124 = CARTESIAN_POINT('',(-71.13802804398,-36.60438935153,
    2.936192779537E+03));
#2125 = CARTESIAN_POINT('',(-70.84165694346,-37.17641094251,
    2.934873212213E+03));
#2126 = CARTESIAN_POINT('',(-70.56967300213,-37.68888818624,
    2.933535847678E+03));
#2127 = CARTESIAN_POINT('',(-70.32444255029,-38.14202023826,
    2.932182900642E+03));
#2128 = CARTESIAN_POINT('',(-70.10798636162,-38.5359161818,
    2.930816399325E+03));
#2129 = CARTESIAN_POINT('',(-69.71291779876,-39.24658186748,
    2.927889582972E+03));
#2130 = CARTESIAN_POINT('',(-69.54230733485,-39.54776880225,
    2.92632626517E+03));
#2131 = CARTESIAN_POINT('',(-69.41261813179,-39.77381871829,
    2.924752075585E+03));
#2132 = CARTESIAN_POINT('',(-69.32556951384,-39.92459133514,
    2.92317062995E+03));
#2133 = CARTESIAN_POINT('',(-69.28203230275,-40.,2.921585441151E+03));
#2134 = CARTESIAN_POINT('',(-69.28203230275,-40.,2.917001269277E+03));
#2135 = CARTESIAN_POINT('',(-69.43778472564,-39.73022766461,
    2.914007633083E+03));
#2136 = CARTESIAN_POINT('',(-69.74829839799,-39.19240735404,
    2.911039274329E+03));
#2137 = CARTESIAN_POINT('',(-70.20297067798,-38.38668889504,
    2.908116619926E+03));
#2138 = CARTESIAN_POINT('',(-70.78157599737,-37.3125064452,
    2.905262959213E+03));
#2139 = CARTESIAN_POINT('',(-71.85430692627,-35.18153478984,
    2.90088141342E+03));
#2140 = CARTESIAN_POINT('',(-72.28571529498,-34.2984642608,
    2.89928937139E+03));
#2141 = CARTESIAN_POINT('',(-72.74611300136,-33.32082457211,
    2.897732194034E+03));
#2142 = CARTESIAN_POINT('',(-73.23010940385,-32.24657752044,
    2.896213736858E+03));
#2143 = CARTESIAN_POINT('',(-73.73160318163,-31.07313781619,
    2.894739042339E+03));
#2144 = CARTESIAN_POINT('',(-74.41640031046,-29.36689815493,
    2.892833807569E+03));
#2145 = CARTESIAN_POINT('',(-74.59045661329,-28.92454700028,
    2.892358605152E+03));
#2146 = CARTESIAN_POINT('',(-74.76546644808,-28.4703566698,
    2.891889310346E+03));
#2147 = CARTESIAN_POINT('',(-74.94115637109,-28.00417577573,
    2.891426176187E+03));
#2148 = CARTESIAN_POINT('',(-75.11723780808,-27.52584859616,
    2.890969484594E+03));
#2149 = CARTESIAN_POINT('',(-75.52010569207,-26.40385657596,
    2.88994055553E+03));
#2150 = CARTESIAN_POINT('',(-75.74695110748,-25.7521151505,
    2.889372743265E+03));
#2151 = CARTESIAN_POINT('',(-75.97330086706,-25.07963214369,
    2.888816758094E+03));
#2152 = CARTESIAN_POINT('',(-76.19846054078,-24.38605531417,
    2.888273348502E+03));
#2153 = CARTESIAN_POINT('',(-76.42168160403,-23.67103845817,
    2.887743362414E+03));
#2154 = CARTESIAN_POINT('',(-76.93102865902,-21.96889108429,
    2.886552188351E+03));
#2155 = CARTESIAN_POINT('',(-77.21525689656,-20.96592352639,
    2.885901138649E+03));
#2156 = CARTESIAN_POINT('',(-77.49292523777,-19.92489233882,
    2.885276998491E+03));
#2157 = CARTESIAN_POINT('',(-77.76195534428,-18.84544649035,
    2.884682405498E+03));
#2158 = CARTESIAN_POINT('',(-78.02011607824,-17.72736763734,
    2.884120260013E+03));
#2159 = CARTESIAN_POINT('',(-78.45944160763,-15.65237882533,
    2.883175811549E+03));
#2160 = CARTESIAN_POINT('',(-78.64553580813,-14.70963755605,
    2.882780263707E+03));
#2161 = CARTESIAN_POINT('',(-78.82195118849,-13.74314174719,
    2.882409077692E+03));
#2162 = CARTESIAN_POINT('',(-78.98733999476,-12.75374465555,
    2.882064160781E+03));
#2163 = CARTESIAN_POINT('',(-79.14038884369,-11.74239548867,
    2.881747366221E+03));
#2164 = CARTESIAN_POINT('',(-79.50094672997,-9.073432086141,
    2.881005660368E+03));
#2165 = CARTESIAN_POINT('',(-79.68824049599,-7.381404267498,
    2.880625296493E+03));
#2166 = CARTESIAN_POINT('',(-79.83540447281,-5.645904338942,
    2.880329321461E+03));
#2167 = CARTESIAN_POINT('',(-79.93773106298,-3.879476325421,
    2.880124544875E+03));
#2168 = CARTESIAN_POINT('',(-79.99257561257,-2.095083259057,
    2.880014849088E+03));
#2169 = CARTESIAN_POINT('',(-79.99946708047,-0.292316699503,
    2.88000106585E+03));
#2170 = CARTESIAN_POINT('',(-79.9995159486,-0.278818101426,
    2.880000968111E+03));
#2171 = CARTESIAN_POINT('',(-79.99956208383,-0.265319405839,
    2.880000875839E+03));
#2172 = CARTESIAN_POINT('',(-79.99960548608,-0.251820619655,
    2.880000789034E+03));
#2173 = CARTESIAN_POINT('',(-79.99964615525,-0.238321749784,
    2.880000707694E+03));
#2174 = CARTESIAN_POINT('',(-79.99971742848,-0.212960285278,
    2.880000565146E+03));
#2175 = CARTESIAN_POINT('',(-79.99974865502,-0.201097708127,
    2.880000502692E+03));
#2176 = CARTESIAN_POINT('',(-79.99977777086,-0.189235076381,
    2.88000044446E+03));
#2177 = CARTESIAN_POINT('',(-79.99980477596,-0.177372394731,
    2.880000390449E+03));
#2178 = CARTESIAN_POINT('',(-79.99982967029,-0.165509667869,
    2.88000034066E+03));
#2179 = CARTESIAN_POINT('',(-79.99987445145,-0.142193309963,
    2.880000251098E+03));
#2180 = CARTESIAN_POINT('',(-79.99989448139,-0.130739681667,
    2.880000211038E+03));
#2181 = CARTESIAN_POINT('',(-79.99991254359,-0.119286019822,
    2.880000174913E+03));
#2182 = CARTESIAN_POINT('',(-79.99992863802,-0.10783232865,
    2.880000142724E+03));
#2183 = CARTESIAN_POINT('',(-79.99994276467,-9.637861237591E-02,
    2.880000114471E+03));
#2184 = CARTESIAN_POINT('',(-79.99996751654,-7.306214140107E-02,
    2.880000064967E+03));
#2185 = CARTESIAN_POINT('',(-79.99997799871,-6.119938518257E-02,
    2.880000044003E+03));
#2186 = CARTESIAN_POINT('',(-79.99998637003,-4.933661126015E-02,
    2.88000002726E+03));
#2187 = CARTESIAN_POINT('',(-79.99999263046,-3.747382432651E-02,
    2.880000014739E+03));
#2188 = CARTESIAN_POINT('',(-79.99999678,-2.561102907434E-02,
    2.88000000644E+03));
#2189 = CARTESIAN_POINT('',(-80.00031538921,1.828353849846,
    2.879999369222E+03));
#2190 = CARTESIAN_POINT('',(-79.94973123266,3.667260954343,
    2.880100537638E+03));
#2191 = CARTESIAN_POINT('',(-79.84857633158,5.488554495759,
    2.880302841615E+03));
#2192 = CARTESIAN_POINT('',(-79.69959079379,7.277932339333,
    2.880602254866E+03));
#2193 = CARTESIAN_POINT('',(-79.50787337423,9.021551554166,
    2.880991421295E+03));
#2194 = CARTESIAN_POINT('',(-79.13945451631,11.749686663163,
    2.8817492822E+03));
#2195 = CARTESIAN_POINT('',(-78.98466595037,12.771660769153,
    2.882069689527E+03));
#2196 = CARTESIAN_POINT('',(-78.81728395886,13.771200399638,
    2.882418805732E+03));
#2197 = CARTESIAN_POINT('',(-78.63866414989,14.747331550573,
    2.882794718767E+03));
#2198 = CARTESIAN_POINT('',(-78.45019730053,15.69918022782,
    2.883195461293E+03));
#2199 = CARTESIAN_POINT('',(-78.00934733282,17.774124142325,
    2.88414370243E+03));
#2200 = CARTESIAN_POINT('',(-77.75239868316,18.884058945386,
    2.884703500667E+03));
#2201 = CARTESIAN_POINT('',(-77.48477200868,19.955832305519,
    2.885295272586E+03));
#2202 = CARTESIAN_POINT('',(-77.2086541307,20.98966552139,
    2.885916177148E+03));
#2203 = CARTESIAN_POINT('',(-76.9260822927,21.985908634727,
    2.886563630588E+03));
#2204 = CARTESIAN_POINT('',(-76.41743834358,23.684837621844,
    2.887753383877E+03));
#2205 = CARTESIAN_POINT('',(-76.19317880002,24.40269828164,
    2.888285976581E+03));
#2206 = CARTESIAN_POINT('',(-75.96697437077,25.098931185331,
    2.888832100524E+03));
#2207 = CARTESIAN_POINT('',(-75.73958299101,25.773887396915,
    2.88939089759E+03));
#2208 = CARTESIAN_POINT('',(-75.51170758232,26.427924002811,
    2.889961610823E+03));
#2209 = CARTESIAN_POINT('',(-75.10733937741,27.552863959862,
    2.890995085371E+03));
#2210 = CARTESIAN_POINT('',(-74.93077966983,28.031953917077,
    2.891453366104E+03));
#2211 = CARTESIAN_POINT('',(-74.75462493243,28.498835591135,
    2.891918114497E+03));
#2212 = CARTESIAN_POINT('',(-74.57916575217,28.953665778829,
    2.892389047016E+03));
#2213 = CARTESIAN_POINT('',(-74.40467745836,29.39659685297,
    2.892865909262E+03));
#2214 = CARTESIAN_POINT('',(-73.72156332462,31.096640830662,
    2.894768559639E+03));
#2215 = CARTESIAN_POINT('',(-73.22219656843,32.264167899146,
    2.896238520951E+03));
#2216 = CARTESIAN_POINT('',(-72.74027055702,33.33326624387,
    2.897751866677E+03));
#2217 = CARTESIAN_POINT('',(-72.2818148765,34.306485226081,
    2.899303616873E+03));
#2218 = CARTESIAN_POINT('',(-71.85215953518,35.1858352104,
    2.900889958464E+03));
#2219 = CARTESIAN_POINT('',(-70.78112215559,37.313348881,
    2.905265198438E+03));
#2220 = CARTESIAN_POINT('',(-70.20268547489,38.387194355993,
    2.908118453629E+03));
#2221 = CARTESIAN_POINT('',(-69.74815207921,39.192660779799,
    2.911040671865E+03));
#2222 = CARTESIAN_POINT('',(-69.43773563563,39.730312692857,
    2.914008574208E+03));
#2223 = CARTESIAN_POINT('',(-69.28203230275,40.,2.917001741889E+03));
#2224 = CARTESIAN_POINT('',(-69.28203230275,40.,2.92E+03));
#2225 = PCURVE('',#1109,#2226);
#2226 = DEFINITIONAL_REPRESENTATION('',(#2227),#2415);
#2227 = B_SPLINE_CURVE_WITH_KNOTS('',6,(#2228,#2229,#2230,#2231,#2232,
    #2233,#2234,#2235,#2236,#2237,#2238,#2239,#2240,#2241,#2242,#2243,
    #2244,#2245,#2246,#2247,#2248,#2249,#2250,#2251,#2252,#2253,#2254,
    #2255,#2256,#2257,#2258,#2259,#2260,#2261,#2262,#2263,#2264,#2265,
    #2266,#2267,#2268,#2269,#2270,#2271,#2272,#2273,#2274,#2275,#2276,
    #2277,#2278,#2279,#2280,#2281,#2282,#2283,#2284,#2285,#2286,#2287,
    #2288,#2289,#2290,#2291,#2292,#2293,#2294,#2295,#2296,#2297,#2298,
    #2299,#2300,#2301,#2302,#2303,#2304,#2305,#2306,#2307,#2308,#2309,
    #2310,#2311,#2312,#2313,#2314,#2315,#2316,#2317,#2318,#2319,#2320,
    #2321,#2322,#2323,#2324,#2325,#2326,#2327,#2328,#2329,#2330,#2331,
    #2332,#2333,#2334,#2335,#2336,#2337,#2338,#2339,#2340,#2341,#2342,
    #2343,#2344,#2345,#2346,#2347,#2348,#2349,#2350,#2351,#2352,#2353,
    #2354,#2355,#2356,#2357,#2358,#2359,#2360,#2361,#2362,#2363,#2364,
    #2365,#2366,#2367,#2368,#2369,#2370,#2371,#2372,#2373,#2374,#2375,
    #2376,#2377,#2378,#2379,#2380,#2381,#2382,#2383,#2384,#2385,#2386,
    #2387,#2388,#2389,#2390,#2391,#2392,#2393,#2394,#2395,#2396,#2397,
    #2398,#2399,#2400,#2401,#2402,#2403,#2404,#2405,#2406,#2407,#2408,
    #2409,#2410,#2411,#2412,#2413,#2414),.UNSPECIFIED.,.F.,.F.,(7,5,5,5,
    5,5,5,5,5,5,5,5,5,5,5,5,5,5,5,5,5,5,5,5,5,5,5,5,5,5,5,5,5,5,5,5,5,7)
  ,(0.,8.113212093383E-02,0.128907721798,0.145037626544,0.165793958936,
    0.192988848269,0.214575988126,0.248803787036,0.249062006436,
    0.249288922826,0.249508012296,0.249734925139,0.284970844184,
    0.306791128295,0.333823097084,0.354675215394,0.370852463147,
    0.41845841172,0.456689505509,0.499649764835,0.580905539856,
    0.628753955708,0.644908444105,0.665696411307,0.692932748479,
    0.714552789384,0.748832755025,0.749091367979,0.749318630213,
    0.749538053598,0.74976531228,0.78505493453,0.806908475019,
    0.833981643339,0.854865542447,0.87106744585,0.91874594992,1.),
  .UNSPECIFIED.);
#2228 = CARTESIAN_POINT('',(0.,-21.71796769724));
#2229 = CARTESIAN_POINT('',(-7.496826833146E-02,-21.71796769724));
#2230 = CARTESIAN_POINT('',(-0.149809146414,-21.56221527649));
#2231 = CARTESIAN_POINT('',(-0.224776652772,-21.25170159651));
#2232 = CARTESIAN_POINT('',(-0.300105031733,-20.79702932766));
#2233 = CARTESIAN_POINT('',(-0.376006514791,-20.21842400022));
#2234 = CARTESIAN_POINT('',(-0.497813184423,-19.1456930737));
#2235 = CARTESIAN_POINT('',(-0.543261253904,-18.71428470501));
#2236 = CARTESIAN_POINT('',(-0.589125089924,-18.25388699866));
#2237 = CARTESIAN_POINT('',(-0.635517230978,-17.76989059617));
#2238 = CARTESIAN_POINT('',(-0.682552170879,-17.26839681832));
#2239 = CARTESIAN_POINT('',(-0.746491464885,-16.58359968954));
#2240 = CARTESIAN_POINT('',(-0.762719076769,-16.4095433867));
#2241 = CARTESIAN_POINT('',(-0.779041652525,-16.23453355191));
#2242 = CARTESIAN_POINT('',(-0.79546502662,-16.0588436289));
#2243 = CARTESIAN_POINT('',(-0.811995082988,-15.88276219191));
#2244 = CARTESIAN_POINT('',(-0.850053928165,-15.47989430792));
#2245 = CARTESIAN_POINT('',(-0.871656776299,-15.25304889251));
#2246 = CARTESIAN_POINT('',(-0.893459637825,-15.02669913293));
#2247 = CARTESIAN_POINT('',(-0.915475564776,-14.80153945921));
#2248 = CARTESIAN_POINT('',(-0.93771778008,-14.57831839596));
#2249 = CARTESIAN_POINT('',(-0.989656453837,-14.06897134098));
#2250 = CARTESIAN_POINT('',(-1.019531966902,-13.78474310343));
#2251 = CARTESIAN_POINT('',(-1.049847450107,-13.50707476222));
#2252 = CARTESIAN_POINT('',(-1.080624745031,-13.23804465571));
#2253 = CARTESIAN_POINT('',(-1.111887349965,-12.97988392175));
#2254 = CARTESIAN_POINT('',(-1.168882752583,-12.54055839238));
#2255 = CARTESIAN_POINT('',(-1.194430338308,-12.35446419185));
#2256 = CARTESIAN_POINT('',(-1.220295016362,-12.17804881148));
#2257 = CARTESIAN_POINT('',(-1.24647020503,-12.01266000523));
#2258 = CARTESIAN_POINT('',(-1.27295133501,-11.85961115632));
#2259 = CARTESIAN_POINT('',(-1.342204011935,-11.49905327002));
#2260 = CARTESIAN_POINT('',(-1.385506292554,-11.311759504));
#2261 = CARTESIAN_POINT('',(-1.429428691192,-11.16459552718));
#2262 = CARTESIAN_POINT('',(-1.473788376233,-11.06226893701));
#2263 = CARTESIAN_POINT('',(-1.518417863453,-11.00742438742));
#2264 = CARTESIAN_POINT('',(-1.563488344687,-11.00053291953));
#2265 = CARTESIAN_POINT('',(-1.563825818458,-11.00048405139));
#2266 = CARTESIAN_POINT('',(-1.56416329369,-11.00043791616));
#2267 = CARTESIAN_POINT('',(-1.564500770281,-11.00039451391));
#2268 = CARTESIAN_POINT('',(-1.564838248126,-11.00035384474));
#2269 = CARTESIAN_POINT('',(-1.565472294754,-11.00028257151));
#2270 = CARTESIAN_POINT('',(-1.565768863274,-11.00025134497));
#2271 = CARTESIAN_POINT('',(-1.566065432613,-11.00022222913));
#2272 = CARTESIAN_POINT('',(-1.566362002699,-11.00019522403));
#2273 = CARTESIAN_POINT('',(-1.566658573464,-11.0001703297));
#2274 = CARTESIAN_POINT('',(-1.567241486712,-11.00012554855));
#2275 = CARTESIAN_POINT('',(-1.567527829154,-11.00010551861));
#2276 = CARTESIAN_POINT('',(-1.567814172099,-11.00008745641));
#2277 = CARTESIAN_POINT('',(-1.568100515484,-11.00007136197));
#2278 = CARTESIAN_POINT('',(-1.568386859245,-11.00005723532));
#2279 = CARTESIAN_POINT('',(-1.568969772333,-11.00003248345));
#2280 = CARTESIAN_POINT('',(-1.569266341683,-11.00002200128));
#2281 = CARTESIAN_POINT('',(-1.569562911298,-11.00001362997));
#2282 = CARTESIAN_POINT('',(-1.569859481109,-11.00000736953));
#2283 = CARTESIAN_POINT('',(-1.570156051044,-11.00000321999));
#2284 = CARTESIAN_POINT('',(-1.616505175766,-10.99968461078));
#2285 = CARTESIAN_POINT('',(-1.662476978458,-11.05026876735));
#2286 = CARTESIAN_POINT('',(-1.708183397917,-11.15142366838));
#2287 = CARTESIAN_POINT('',(-1.753439551376,-11.30040920617));
#2288 = CARTESIAN_POINT('',(-1.798043671383,-11.49212662582));
#2289 = CARTESIAN_POINT('',(-1.868829767828,-11.86054548367));
#2290 = CARTESIAN_POINT('',(-1.895590919886,-12.01533404962));
#2291 = CARTESIAN_POINT('',(-1.922039476286,-12.18271604115));
#2292 = CARTESIAN_POINT('',(-1.948170832696,-12.36133585011));
#2293 = CARTESIAN_POINT('',(-1.973978291933,-12.54980269943));
#2294 = CARTESIAN_POINT('',(-2.031012018258,-12.99065266716));
#2295 = CARTESIAN_POINT('',(-2.06206685834,-13.24760131683));
#2296 = CARTESIAN_POINT('',(-2.092642759589,-13.51522799132));
#2297 = CARTESIAN_POINT('',(-2.122762880365,-13.7913458693));
#2298 = CARTESIAN_POINT('',(-2.152448774733,-14.07391770728));
#2299 = CARTESIAN_POINT('',(-2.204301164942,-14.58256165641));
#2300 = CARTESIAN_POINT('',(-2.22663919408,-14.80682119997));
#2301 = CARTESIAN_POINT('',(-2.248749094863,-15.03302562922));
#2302 = CARTESIAN_POINT('',(-2.270644267241,-15.26041700898));
#2303 = CARTESIAN_POINT('',(-2.292337937704,-15.48829241767));
#2304 = CARTESIAN_POINT('',(-2.330527919772,-15.89266062431));
#2305 = CARTESIAN_POINT('',(-2.347099185702,-16.06922032974));
#2306 = CARTESIAN_POINT('',(-2.363563402334,-16.24537506588));
#2307 = CARTESIAN_POINT('',(-2.37992649733,-16.42083424733));
#2308 = CARTESIAN_POINT('',(-2.396194348012,-16.59532254328));
#2309 = CARTESIAN_POINT('',(-2.459982218883,-17.2784366754));
#2310 = CARTESIAN_POINT('',(-2.506833509293,-17.77780343155));
#2311 = CARTESIAN_POINT('',(-2.553048244056,-18.25972944293));
#2312 = CARTESIAN_POINT('',(-2.598739545866,-18.71818512349));
#2313 = CARTESIAN_POINT('',(-2.644018600953,-19.14784046484));
#2314 = CARTESIAN_POINT('',(-2.725115431277,-19.86197195601));
#2315 = CARTESIAN_POINT('',(-2.761036741975,-20.15834305653));
#2316 = CARTESIAN_POINT('',(-2.796792036954,-20.43032699786));
#2317 = CARTESIAN_POINT('',(-2.832413858999,-20.6755574497));
#2318 = CARTESIAN_POINT('',(-2.867935324063,-20.89201363837));
#2319 = CARTESIAN_POINT('',(-2.943231820005,-21.28708220123));
#2320 = CARTESIAN_POINT('',(-2.982987879659,-21.45769266514));
#2321 = CARTESIAN_POINT('',(-3.022678674775,-21.5873818682));
#2322 = CARTESIAN_POINT('',(-3.062326906261,-21.67443048616));
#2323 = CARTESIAN_POINT('',(-3.101956624808,-21.71796769724));
#2324 = CARTESIAN_POINT('',(-3.216560921658,-21.71796769724));
#2325 = CARTESIAN_POINT('',(-3.291401800858,-21.56221527435));
#2326 = CARTESIAN_POINT('',(-3.366369305149,-21.251701602));
#2327 = CARTESIAN_POINT('',(-3.44169768619,-20.79702932201));
#2328 = CARTESIAN_POINT('',(-3.517599168109,-20.21842400262));
#2329 = CARTESIAN_POINT('',(-3.639405838011,-19.14569307372));
#2330 = CARTESIAN_POINT('',(-3.684853907494,-18.71428470501));
#2331 = CARTESIAN_POINT('',(-3.730717743517,-18.25388699863));
#2332 = CARTESIAN_POINT('',(-3.77710988457,-17.76989059614));
#2333 = CARTESIAN_POINT('',(-3.824144824464,-17.26839681836));
#2334 = CARTESIAN_POINT('',(-3.888084118475,-16.58359968954));
#2335 = CARTESIAN_POINT('',(-3.904311730359,-16.4095433867));
#2336 = CARTESIAN_POINT('',(-3.920634306114,-16.23453355191));
#2337 = CARTESIAN_POINT('',(-3.93705768021,-16.0588436289));
#2338 = CARTESIAN_POINT('',(-3.953587736578,-15.88276219191));
#2339 = CARTESIAN_POINT('',(-3.991646581755,-15.47989430792));
#2340 = CARTESIAN_POINT('',(-4.013249429889,-15.25304889251));
#2341 = CARTESIAN_POINT('',(-4.035052291414,-15.02669913293));
#2342 = CARTESIAN_POINT('',(-4.057068218366,-14.80153945921));
#2343 = CARTESIAN_POINT('',(-4.07931043367,-14.57831839596));
#2344 = CARTESIAN_POINT('',(-4.131249107426,-14.06897134098));
#2345 = CARTESIAN_POINT('',(-4.161124620492,-13.78474310343));
#2346 = CARTESIAN_POINT('',(-4.191440103697,-13.50707476222));
#2347 = CARTESIAN_POINT('',(-4.222217398621,-13.23804465571));
#2348 = CARTESIAN_POINT('',(-4.253480003554,-12.97988392175));
#2349 = CARTESIAN_POINT('',(-4.310475406176,-12.54055839236));
#2350 = CARTESIAN_POINT('',(-4.336022991897,-12.35446419186));
#2351 = CARTESIAN_POINT('',(-4.361887669948,-12.1780488115));
#2352 = CARTESIAN_POINT('',(-4.388062858619,-12.01266000523));
#2353 = CARTESIAN_POINT('',(-4.414543988603,-11.8596111563));
#2354 = CARTESIAN_POINT('',(-4.483796665524,-11.49905327002));
#2355 = CARTESIAN_POINT('',(-4.527098946144,-11.311759504));
#2356 = CARTESIAN_POINT('',(-4.571021344782,-11.16459552718));
#2357 = CARTESIAN_POINT('',(-4.615381029823,-11.06226893701));
#2358 = CARTESIAN_POINT('',(-4.660010517043,-11.00742438742));
#2359 = CARTESIAN_POINT('',(-4.705080998277,-11.00053291953));
#2360 = CARTESIAN_POINT('',(-4.705418472047,-11.00048405139));
#2361 = CARTESIAN_POINT('',(-4.70575594728,-11.00043791616));
#2362 = CARTESIAN_POINT('',(-4.70609342387,-11.00039451391));
#2363 = CARTESIAN_POINT('',(-4.706430901716,-11.00035384474));
#2364 = CARTESIAN_POINT('',(-4.707064948344,-11.00028257151));
#2365 = CARTESIAN_POINT('',(-4.707361516864,-11.00025134497));
#2366 = CARTESIAN_POINT('',(-4.707658086202,-11.00022222913));
#2367 = CARTESIAN_POINT('',(-4.707954656289,-11.00019522403));
#2368 = CARTESIAN_POINT('',(-4.708251227054,-11.0001703297));
#2369 = CARTESIAN_POINT('',(-4.708834140302,-11.00012554855));
#2370 = CARTESIAN_POINT('',(-4.709120482744,-11.00010551861));
#2371 = CARTESIAN_POINT('',(-4.709406825689,-11.00008745641));
#2372 = CARTESIAN_POINT('',(-4.709693169074,-11.00007136197));
#2373 = CARTESIAN_POINT('',(-4.709979512835,-11.00005723532));
#2374 = CARTESIAN_POINT('',(-4.710562425923,-11.00003248345));
#2375 = CARTESIAN_POINT('',(-4.710858995273,-11.00002200128));
#2376 = CARTESIAN_POINT('',(-4.711155564888,-11.00001362997));
#2377 = CARTESIAN_POINT('',(-4.711452134698,-11.00000736953));
#2378 = CARTESIAN_POINT('',(-4.711748704634,-11.00000321999));
#2379 = CARTESIAN_POINT('',(-4.758097829344,-10.99968461078));
#2380 = CARTESIAN_POINT('',(-4.804069632051,-11.05026876733));
#2381 = CARTESIAN_POINT('',(-4.849776051517,-11.15142366841));
#2382 = CARTESIAN_POINT('',(-4.895032204969,-11.30040920621));
#2383 = CARTESIAN_POINT('',(-4.939636324962,-11.49212662576));
#2384 = CARTESIAN_POINT('',(-5.010422421421,-11.86054548368));
#2385 = CARTESIAN_POINT('',(-5.037183573475,-12.01533404962));
#2386 = CARTESIAN_POINT('',(-5.063632129872,-12.18271604113));
#2387 = CARTESIAN_POINT('',(-5.089763486285,-12.3613358501));
#2388 = CARTESIAN_POINT('',(-5.115570945526,-12.54980269946));
#2389 = CARTESIAN_POINT('',(-5.172604671849,-12.99065266717));
#2390 = CARTESIAN_POINT('',(-5.203659511929,-13.24760131683));
#2391 = CARTESIAN_POINT('',(-5.234235413178,-13.51522799131));
#2392 = CARTESIAN_POINT('',(-5.264355533954,-13.79134586929));
#2393 = CARTESIAN_POINT('',(-5.294041428324,-14.07391770729));
#2394 = CARTESIAN_POINT('',(-5.345893818532,-14.58256165641));
#2395 = CARTESIAN_POINT('',(-5.36823184767,-14.80682119997));
#2396 = CARTESIAN_POINT('',(-5.390341748453,-15.03302562922));
#2397 = CARTESIAN_POINT('',(-5.412236920831,-15.26041700898));
#2398 = CARTESIAN_POINT('',(-5.433930591294,-15.48829241767));
#2399 = CARTESIAN_POINT('',(-5.472120573198,-15.89266062258));
#2400 = CARTESIAN_POINT('',(-5.48869183933,-16.06922033016));
#2401 = CARTESIAN_POINT('',(-5.505156056082,-16.24537506756));
#2402 = CARTESIAN_POINT('',(-5.521519150966,-16.42083424782));
#2403 = CARTESIAN_POINT('',(-5.537787001448,-16.59532254164));
#2404 = CARTESIAN_POINT('',(-5.60157487247,-17.27843667537));
#2405 = CARTESIAN_POINT('',(-5.648426162883,-17.77780343156));
#2406 = CARTESIAN_POINT('',(-5.694640897649,-18.25972944297));
#2407 = CARTESIAN_POINT('',(-5.740332199457,-18.71818512349));
#2408 = CARTESIAN_POINT('',(-5.78561125454,-19.14784046481));
#2409 = CARTESIAN_POINT('',(-5.907238346632,-20.2188778444));
#2410 = CARTESIAN_POINT('',(-5.98312753695,-20.7973145251));
#2411 = CARTESIAN_POINT('',(-6.058443952533,-21.25184792078));
#2412 = CARTESIAN_POINT('',(-6.133399688053,-21.56226436436));
#2413 = CARTESIAN_POINT('',(-6.208228854399,-21.71796769724));
#2414 = CARTESIAN_POINT('',(-6.28318530718,-21.71796769724));
#2415 = ( GEOMETRIC_REPRESENTATION_CONTEXT(2) 
PARAMETRIC_REPRESENTATION_CONTEXT() REPRESENTATION_CONTEXT('2D SPACE',''
  ) );
#2416 = PCURVE('',#1429,#2417);
#2417 = DEFINITIONAL_REPRESENTATION('',(#2418),#2606);
#2418 = B_SPLINE_CURVE_WITH_KNOTS('',6,(#2419,#2420,#2421,#2422,#2423,
    #2424,#2425,#2426,#2427,#2428,#2429,#2430,#2431,#2432,#2433,#2434,
    #2435,#2436,#2437,#2438,#2439,#2440,#2441,#2442,#2443,#2444,#2445,
    #2446,#2447,#2448,#2449,#2450,#2451,#2452,#2453,#2454,#2455,#2456,
    #2457,#2458,#2459,#2460,#2461,#2462,#2463,#2464,#2465,#2466,#2467,
    #2468,#2469,#2470,#2471,#2472,#2473,#2474,#2475,#2476,#2477,#2478,
    #2479,#2480,#2481,#2482,#2483,#2484,#2485,#2486,#2487,#2488,#2489,
    #2490,#2491,#2492,#2493,#2494,#2495,#2496,#2497,#2498,#2499,#2500,
    #2501,#2502,#2503,#2504,#2505,#2506,#2507,#2508,#2509,#2510,#2511,
    #2512,#2513,#2514,#2515,#2516,#2517,#2518,#2519,#2520,#2521,#2522,
    #2523,#2524,#2525,#2526,#2527,#2528,#2529,#2530,#2531,#2532,#2533,
    #2534,#2535,#2536,#2537,#2538,#2539,#2540,#2541,#2542,#2543,#2544,
    #2545,#2546,#2547,#2548,#2549,#2550,#2551,#2552,#2553,#2554,#2555,
    #2556,#2557,#2558,#2559,#2560,#2561,#2562,#2563,#2564,#2565,#2566,
    #2567,#2568,#2569,#2570,#2571,#2572,#2573,#2574,#2575,#2576,#2577,
    #2578,#2579,#2580,#2581,#2582,#2583,#2584,#2585,#2586,#2587,#2588,
    #2589,#2590,#2591,#2592,#2593,#2594,#2595,#2596,#2597,#2598,#2599,
    #2600,#2601,#2602,#2603,#2604,#2605),.UNSPECIFIED.,.T.,.F.,(7,5,5,5,
    5,5,5,5,5,5,5,5,5,5,5,5,5,5,5,5,5,5,5,5,5,5,5,5,5,5,5,5,5,5,5,5,5,7)
  ,(0.,8.113212093383E-02,0.128907721798,0.145037626544,0.165793958936,
    0.192988848269,0.214575988126,0.248803787036,0.249062006436,
    0.249288922826,0.249508012296,0.249734925139,0.284970844184,
    0.306791128295,0.333823097084,0.354675215394,0.370852463147,
    0.41845841172,0.456689505509,0.499649764835,0.580905539856,
    0.628753955708,0.644908444105,0.665696411307,0.692932748479,
    0.714552789384,0.748832755025,0.749091367979,0.749318630213,
    0.749538053598,0.74976531228,0.78505493453,0.806908475019,
    0.833981643339,0.854865542447,0.87106744585,0.91874594992,1.),
  .UNSPECIFIED.);
#2419 = CARTESIAN_POINT('',(2.617993877991,200.));
#2420 = CARTESIAN_POINT('',(2.617993877991,202.99873073325));
#2421 = CARTESIAN_POINT('',(2.621887672008,205.99236688409));
#2422 = CARTESIAN_POINT('',(2.629650598695,208.96072571764));
#2423 = CARTESIAN_POINT('',(2.641214110427,211.88338004177));
#2424 = CARTESIAN_POINT('',(2.656459506677,214.73704079708));
#2425 = CARTESIAN_POINT('',(2.686281352216,219.11858658037));
#2426 = CARTESIAN_POINT('',(2.698565674881,220.71062860995));
#2427 = CARTESIAN_POINT('',(2.712071233953,222.26780596627));
#2428 = CARTESIAN_POINT('',(2.726795644701,223.78626314239));
#2429 = CARTESIAN_POINT('',(2.742743087106,225.26095766118));
#2430 = CARTESIAN_POINT('',(2.765724740417,227.16619243085));
#2431 = CARTESIAN_POINT('',(2.771666646038,227.6413948483));
#2432 = CARTESIAN_POINT('',(2.777750677136,228.11068965401));
#2433 = CARTESIAN_POINT('',(2.783977759727,228.57382381338));
#2434 = CARTESIAN_POINT('',(2.79034890091,229.03051540557));
#2435 = CARTESIAN_POINT('',(2.805250498063,230.05944447042));
#2436 = CARTESIAN_POINT('',(2.813876223875,230.62725673508));
#2437 = CARTESIAN_POINT('',(2.822744934575,231.18324190581));
#2438 = CARTESIAN_POINT('',(2.831859203628,231.72665149841));
#2439 = CARTESIAN_POINT('',(2.841221679151,232.25663758593));
#2440 = CARTESIAN_POINT('',(2.863430700773,233.44781164882));
#2441 = CARTESIAN_POINT('',(2.876460100313,234.0988613513));
#2442 = CARTESIAN_POINT('',(2.889925415151,234.72300150881));
#2443 = CARTESIAN_POINT('',(2.903828234488,235.3175945018));
#2444 = CARTESIAN_POINT('',(2.91816954037,235.87973998681));
#2445 = CARTESIAN_POINT('',(2.944681876798,236.82418845122));
#2446 = CARTESIAN_POINT('',(2.956692404098,237.21973629348));
#2447 = CARTESIAN_POINT('',(2.968971266368,237.59092230764));
#2448 = CARTESIAN_POINT('',(2.981508145813,237.93583921875));
#2449 = CARTESIAN_POINT('',(2.994292328106,238.25263377855));
#2450 = CARTESIAN_POINT('',(3.027957424167,238.99433963219));
#2451 = CARTESIAN_POINT('',(3.049230807992,239.37470350699));
#2452 = CARTESIAN_POINT('',(3.070991364894,239.67067853898));
#2453 = CARTESIAN_POINT('',(3.093096565732,239.87545512543));
#2454 = CARTESIAN_POINT('',(3.115403940124,239.98515091246));
#2455 = CARTESIAN_POINT('',(3.137938686769,239.99893415038));
#2456 = CARTESIAN_POINT('',(3.138107420347,239.99903188855));
#2457 = CARTESIAN_POINT('',(3.138276155022,239.99912416061));
#2458 = CARTESIAN_POINT('',(3.138444890716,239.99921096642));
#2459 = CARTESIAN_POINT('',(3.138613627352,239.99929230587));
#2460 = CARTESIAN_POINT('',(3.13893064691,239.99943485401));
#2461 = CARTESIAN_POINT('',(3.139078929636,239.99949730773));
#2462 = CARTESIAN_POINT('',(3.139227212976,239.99955553993));
#2463 = CARTESIAN_POINT('',(3.139375496877,239.99960955054));
#2464 = CARTESIAN_POINT('',(3.139523781287,239.99965933951));
#2465 = CARTESIAN_POINT('',(3.139815236299,239.99974890232));
#2466 = CARTESIAN_POINT('',(3.139958406869,239.99978896238));
#2467 = CARTESIAN_POINT('',(3.140101577817,239.99982508691));
#2468 = CARTESIAN_POINT('',(3.140244749095,239.99985727587));
#2469 = CARTESIAN_POINT('',(3.140387920655,239.99988552923));
#2470 = CARTESIAN_POINT('',(3.140679376706,239.99993503305));
#2471 = CARTESIAN_POINT('',(3.140827661215,239.99995599742));
#2472 = CARTESIAN_POINT('',(3.140975945922,239.99997274005));
#2473 = CARTESIAN_POINT('',(3.141124230776,239.99998526092));
#2474 = CARTESIAN_POINT('',(3.141272515723,239.99999356001));
#2475 = CARTESIAN_POINT('',(3.164447077058,240.00063077845));
#2476 = CARTESIAN_POINT('',(3.187433311081,239.89946236241));
#2477 = CARTESIAN_POINT('',(3.210221217652,239.69715838471));
#2478 = CARTESIAN_POINT('',(3.232653722244,239.39774513404));
#2479 = CARTESIAN_POINT('',(3.25457362275,239.00857870462));
#2480 = CARTESIAN_POINT('',(3.288984861886,238.2507178005));
#2481 = CARTESIAN_POINT('',(3.301903561716,237.93031047277));
#2482 = CARTESIAN_POINT('',(3.314569527375,237.58119426774));
#2483 = CARTESIAN_POINT('',(3.326971764465,237.2052812327));
#2484 = CARTESIAN_POINT('',(3.339099692626,236.80453870682));
#2485 = CARTESIAN_POINT('',(3.365615433654,235.85629757025));
#2486 = CARTESIAN_POINT('',(3.379854194721,235.29649933302));
#2487 = CARTESIAN_POINT('',(3.393659776654,234.70472741411));
#2488 = CARTESIAN_POINT('',(3.407033212264,234.08382285199));
#2489 = CARTESIAN_POINT('',(3.419976122372,233.43636941223));
#2490 = CARTESIAN_POINT('',(3.442144083383,232.24661612301));
#2491 = CARTESIAN_POINT('',(3.45154435159,231.71402341938));
#2492 = CARTESIAN_POINT('',(3.460694221871,231.16789947627));
#2493 = CARTESIAN_POINT('',(3.469596378284,230.6091024098));
#2494 = CARTESIAN_POINT('',(3.478253427875,230.03838917694));
#2495 = CARTESIAN_POINT('',(3.493196045013,229.00491462441));
#2496 = CARTESIAN_POINT('',(3.499578198438,228.54663389773));
#2497 = CARTESIAN_POINT('',(3.505815526001,228.0818855077));
#2498 = CARTESIAN_POINT('',(3.511909039376,227.61095298466));
#2499 = CARTESIAN_POINT('',(3.517859667802,227.13409073385));
#2500 = CARTESIAN_POINT('',(3.540761613782,225.23144036136));
#2501 = CARTESIAN_POINT('',(3.556630707206,223.76147904866));
#2502 = CARTESIAN_POINT('',(3.571285860036,222.24813332295));
#2503 = CARTESIAN_POINT('',(3.584731112258,220.69638312737));
#2504 = CARTESIAN_POINT('',(3.596964039101,219.11004153606));
#2505 = CARTESIAN_POINT('',(3.616816147136,216.19277953712));
#2506 = CARTESIAN_POINT('',(3.624868597114,214.87321221309));
#2507 = CARTESIAN_POINT('',(3.632120394309,213.53584767839));
#2508 = CARTESIAN_POINT('',(3.638560619332,212.18290064225));
#2509 = CARTESIAN_POINT('',(3.64417870189,210.81639932505));
#2510 = CARTESIAN_POINT('',(3.654342400206,207.8895829719));
#2511 = CARTESIAN_POINT('',(3.658669165979,206.3262651695));
#2512 = CARTESIAN_POINT('',(3.661926782564,204.75207558539));
#2513 = CARTESIAN_POINT('',(3.664102999148,203.17062994982));
#2514 = CARTESIAN_POINT('',(3.665191429188,201.58544115126));
#2515 = CARTESIAN_POINT('',(3.665191429188,197.00126927726));
#2516 = CARTESIAN_POINT('',(3.661297635113,194.00763308255));
#2517 = CARTESIAN_POINT('',(3.653534708635,191.03927432862));
#2518 = CARTESIAN_POINT('',(3.641971196597,188.11661992594));
#2519 = CARTESIAN_POINT('',(3.626725800569,185.26295921269));
#2520 = CARTESIAN_POINT('',(3.596903954965,180.88141341971));
#2521 = CARTESIAN_POINT('',(3.584619632299,179.28937139004));
#2522 = CARTESIAN_POINT('',(3.571114073226,177.73219403363));
#2523 = CARTESIAN_POINT('',(3.556389662478,176.21373685754));
#2524 = CARTESIAN_POINT('',(3.540442220075,174.73904233893));
#2525 = CARTESIAN_POINT('',(3.517460566763,172.83380756914));
#2526 = CARTESIAN_POINT('',(3.511518661142,172.35860515169));
#2527 = CARTESIAN_POINT('',(3.505434630044,171.88931034598));
#2528 = CARTESIAN_POINT('',(3.499207547452,171.42617618661));
#2529 = CARTESIAN_POINT('',(3.492836406269,170.96948459442));
#2530 = CARTESIAN_POINT('',(3.477934809117,169.94055552957));
#2531 = CARTESIAN_POINT('',(3.469309083305,169.37274326491));
#2532 = CARTESIAN_POINT('',(3.460440372604,168.81675809418));
#2533 = CARTESIAN_POINT('',(3.451326103552,168.27334850158));
#2534 = CARTESIAN_POINT('',(3.441963628028,167.74336241406));
#2535 = CARTESIAN_POINT('',(3.419754606407,166.55218835117));
#2536 = CARTESIAN_POINT('',(3.406725206867,165.90113864869));
#2537 = CARTESIAN_POINT('',(3.393259892028,165.27699849118));
#2538 = CARTESIAN_POINT('',(3.379357072691,164.68240549819));
#2539 = CARTESIAN_POINT('',(3.36501576681,164.12026001318));
#2540 = CARTESIAN_POINT('',(3.33850343038,163.17581154872));
#2541 = CARTESIAN_POINT('',(3.326492903082,162.78026370653));
#2542 = CARTESIAN_POINT('',(3.314214040813,162.40907769239));
#2543 = CARTESIAN_POINT('',(3.301677161367,162.06416078124));
#2544 = CARTESIAN_POINT('',(3.288892979072,161.7473662214));
#2545 = CARTESIAN_POINT('',(3.255227883013,161.0056603678));
#2546 = CARTESIAN_POINT('',(3.233954499187,160.625296493));
#2547 = CARTESIAN_POINT('',(3.212193942286,160.32932146101));
#2548 = CARTESIAN_POINT('',(3.190088741448,160.12454487456));
#2549 = CARTESIAN_POINT('',(3.167781367056,160.01484908753));
#2550 = CARTESIAN_POINT('',(3.145246620411,160.00106584961));
#2551 = CARTESIAN_POINT('',(3.145077886833,160.00096811144));
#2552 = CARTESIAN_POINT('',(3.144909152158,160.00087583938));
#2553 = CARTESIAN_POINT('',(3.144740416463,160.00078903357));
#2554 = CARTESIAN_POINT('',(3.144571679828,160.00070769412));
#2555 = CARTESIAN_POINT('',(3.144254660269,160.00056514598));
#2556 = CARTESIAN_POINT('',(3.144106377544,160.00050269226));
#2557 = CARTESIAN_POINT('',(3.143958094204,160.00044446006));
#2558 = CARTESIAN_POINT('',(3.143809810302,160.00039044945));
#2559 = CARTESIAN_POINT('',(3.143661525892,160.00034066048));
#2560 = CARTESIAN_POINT('',(3.143370070881,160.00025109767));
#2561 = CARTESIAN_POINT('',(3.143226900311,160.00021103761));
#2562 = CARTESIAN_POINT('',(3.143083729363,160.00017491308));
#2563 = CARTESIAN_POINT('',(3.142940558085,160.00014272412));
#2564 = CARTESIAN_POINT('',(3.142797386525,160.00011447076));
#2565 = CARTESIAN_POINT('',(3.142505930473,160.00006496694));
#2566 = CARTESIAN_POINT('',(3.142357645965,160.00004400257));
#2567 = CARTESIAN_POINT('',(3.142209361257,160.00002725994));
#2568 = CARTESIAN_POINT('',(3.142061076404,160.00001473907));
#2569 = CARTESIAN_POINT('',(3.141912791456,160.00000643998));
#2570 = CARTESIAN_POINT('',(3.118738230128,159.99936922155));
#2571 = CARTESIAN_POINT('',(3.095751996097,160.10053763753));
#2572 = CARTESIAN_POINT('',(3.072964089522,160.30284161534));
#2573 = CARTESIAN_POINT('',(3.050531584934,160.60225486604));
#2574 = CARTESIAN_POINT('',(3.028611684435,160.99142129525));
#2575 = CARTESIAN_POINT('',(2.994200445292,161.74928219953));
#2576 = CARTESIAN_POINT('',(2.981281745464,162.06968952722));
#2577 = CARTESIAN_POINT('',(2.968615779806,162.4188057322));
#2578 = CARTESIAN_POINT('',(2.956213542715,162.79471876726));
#2579 = CARTESIAN_POINT('',(2.944085614553,163.19546129322));
#2580 = CARTESIAN_POINT('',(2.917569873525,164.14370242976));
#2581 = CARTESIAN_POINT('',(2.903331112459,164.70350066696));
#2582 = CARTESIAN_POINT('',(2.889525530526,165.29527258585));
#2583 = CARTESIAN_POINT('',(2.876152094916,165.91617714799));
#2584 = CARTESIAN_POINT('',(2.863209184807,166.56363058779));
#2585 = CARTESIAN_POINT('',(2.841041223796,167.75338387698));
#2586 = CARTESIAN_POINT('',(2.83164095559,168.28597658061));
#2587 = CARTESIAN_POINT('',(2.822491085309,168.83210052373));
#2588 = CARTESIAN_POINT('',(2.813588928896,169.3908975902));
#2589 = CARTESIAN_POINT('',(2.804931879304,169.96161082305));
#2590 = CARTESIAN_POINT('',(2.78998926223,170.99508537117));
#2591 = CARTESIAN_POINT('',(2.783607108729,171.45336610352));
#2592 = CARTESIAN_POINT('',(2.777369781119,171.91811449679));
#2593 = CARTESIAN_POINT('',(2.771276267784,172.38904701648));
#2594 = CARTESIAN_POINT('',(2.765325639433,172.86590926157));
#2595 = CARTESIAN_POINT('',(2.742423693399,174.76855963854));
#2596 = CARTESIAN_POINT('',(2.726554599973,176.23852095133));
#2597 = CARTESIAN_POINT('',(2.711899447142,177.75186667717));
#2598 = CARTESIAN_POINT('',(2.698454194922,179.30361687265));
#2599 = CARTESIAN_POINT('',(2.686221268079,180.88995846381));
#2600 = CARTESIAN_POINT('',(2.656447549889,185.2651984379));
#2601 = CARTESIAN_POINT('',(2.641206856549,188.11845362876));
#2602 = CARTESIAN_POINT('',(2.629646940513,191.04067186541));
#2603 = CARTESIAN_POINT('',(2.621886444831,194.00857420793));
#2604 = CARTESIAN_POINT('',(2.617993877991,197.00174188876));
#2605 = CARTESIAN_POINT('',(2.617993877991,200.));
#2606 = ( GEOMETRIC_REPRESENTATION_CONTEXT(2) 
PARAMETRIC_REPRESENTATION_CONTEXT() REPRESENTATION_CONTEXT('2D SPACE',''
  ) );
#2607 = ORIENTED_EDGE('',*,*,#2012,.F.);
#2608 = ADVANCED_FACE('',(#2609,#2660),#1429,.F.);
#2609 = FACE_BOUND('',#2610,.F.);
#2610 = EDGE_LOOP('',(#2611,#2632,#2633,#2634,#2635,#2636,#2657,#2658,
    #2659));
#2611 = ORIENTED_EDGE('',*,*,#2612,.T.);
#2612 = EDGE_CURVE('',#1306,#1985,#2613,.T.);
#2613 = SEAM_CURVE('',#2614,(#2618,#2625),.PCURVE_S1.);
#2614 = LINE('',#2615,#2616);
#2615 = CARTESIAN_POINT('',(80.,-1.959434878636E-14,2.72E+03));
#2616 = VECTOR('',#2617,1.);
#2617 = DIRECTION('',(0.,0.,1.));
#2618 = PCURVE('',#1429,#2619);
#2619 = DEFINITIONAL_REPRESENTATION('',(#2620),#2624);
#2620 = LINE('',#2621,#2622);
#2621 = CARTESIAN_POINT('',(6.28318530718,-0.));
#2622 = VECTOR('',#2623,1.);
#2623 = DIRECTION('',(0.,1.));
#2624 = ( GEOMETRIC_REPRESENTATION_CONTEXT(2) 
PARAMETRIC_REPRESENTATION_CONTEXT() REPRESENTATION_CONTEXT('2D SPACE',''
  ) );
#2625 = PCURVE('',#1429,#2626);
#2626 = DEFINITIONAL_REPRESENTATION('',(#2627),#2631);
#2627 = LINE('',#2628,#2629);
#2628 = CARTESIAN_POINT('',(0.,-0.));
#2629 = VECTOR('',#2630,1.);
#2630 = DIRECTION('',(0.,1.));
#2631 = ( GEOMETRIC_REPRESENTATION_CONTEXT(2) 
PARAMETRIC_REPRESENTATION_CONTEXT() REPRESENTATION_CONTEXT('2D SPACE',''
  ) );
#2632 = ORIENTED_EDGE('',*,*,#1984,.F.);
#2633 = ORIENTED_EDGE('',*,*,#2612,.F.);
#2634 = ORIENTED_EDGE('',*,*,#1303,.F.);
#2635 = ORIENTED_EDGE('',*,*,#1520,.F.);
#2636 = ORIENTED_EDGE('',*,*,#2637,.F.);
#2637 = EDGE_CURVE('',#1955,#1521,#2638,.T.);
#2638 = SEAM_CURVE('',#2639,(#2643,#2650),.PCURVE_S1.);
#2639 = LINE('',#2640,#2641);
#2640 = CARTESIAN_POINT('',(80.,-1.959434878636E-14,2.72E+03));
#2641 = VECTOR('',#2642,1.);
#2642 = DIRECTION('',(0.,0.,1.));
#2643 = PCURVE('',#1429,#2644);
#2644 = DEFINITIONAL_REPRESENTATION('',(#2645),#2649);
#2645 = LINE('',#2646,#2647);
#2646 = CARTESIAN_POINT('',(6.28318530718,-0.));
#2647 = VECTOR('',#2648,1.);
#2648 = DIRECTION('',(0.,1.));
#2649 = ( GEOMETRIC_REPRESENTATION_CONTEXT(2) 
PARAMETRIC_REPRESENTATION_CONTEXT() REPRESENTATION_CONTEXT('2D SPACE',''
  ) );
#2650 = PCURVE('',#1429,#2651);
#2651 = DEFINITIONAL_REPRESENTATION('',(#2652),#2656);
#2652 = LINE('',#2653,#2654);
#2653 = CARTESIAN_POINT('',(0.,-0.));
#2654 = VECTOR('',#2655,1.);
#2655 = DIRECTION('',(0.,1.));
#2656 = ( GEOMETRIC_REPRESENTATION_CONTEXT(2) 
PARAMETRIC_REPRESENTATION_CONTEXT() REPRESENTATION_CONTEXT('2D SPACE',''
  ) );
#2657 = ORIENTED_EDGE('',*,*,#1954,.T.);
#2658 = ORIENTED_EDGE('',*,*,#2637,.T.);
#2659 = ORIENTED_EDGE('',*,*,#1645,.F.);
#2660 = FACE_BOUND('',#2661,.F.);
#2661 = EDGE_LOOP('',(#2662));
#2662 = ORIENTED_EDGE('',*,*,#2035,.T.);
#2663 = ( GEOMETRIC_REPRESENTATION_CONTEXT(3) 
GLOBAL_UNCERTAINTY_ASSIGNED_CONTEXT((#2667)) 
GLOBAL_UNIT_ASSIGNED_CONTEXT((#2664,#2665,#2666)) REPRESENTATION_CONTEXT
('Context #1','3D Context with UNIT and UNCERTAINTY') );
#2664 = ( LENGTH_UNIT() NAMED_UNIT(*) SI_UNIT(.MILLI.,.METRE.) );
#2665 = ( NAMED_UNIT(*) PLANE_ANGLE_UNIT() SI_UNIT($,.RADIAN.) );
#2666 = ( NAMED_UNIT(*) SI_UNIT($,.STERADIAN.) SOLID_ANGLE_UNIT() );
#2667 = UNCERTAINTY_MEASURE_WITH_UNIT(LENGTH_MEASURE(2.E-07),#2664,
  'distance_accuracy_value','confusion accuracy');
#2668 = PRODUCT_RELATED_PRODUCT_CATEGORY('part',$,(#7));
ENDSEC;
END-ISO-10303-21;
