ISO-10303-21;
HEADER;
FILE_DESCRIPTION(('Open CASCADE Model'),'2;1');
FILE_NAME('Open CASCADE Shape Model','2026-05-04T13:26:22',('Author'),(
    'Open CASCADE'),'Open CASCADE STEP processor 7.8','Open CASCADE 7.8'
  ,'Unknown');
FILE_SCHEMA(('AUTOMOTIVE_DESIGN { 1 0 10303 214 1 1 1 1 }'));
ENDSEC;
DATA;
#1 = APPLICATION_PROTOCOL_DEFINITION('international standard',
  'automotive_design',2000,#2);
#2 = APPLICATION_CONTEXT(
  'core data for automotive mechanical design processes');
#3 = SHAPE_DEFINITION_REPRESENTATION(#4,#10);
#4 = PRODUCT_DEFINITION_SHAPE('','',#5);
#5 = PRODUCT_DEFINITION('design','',#6,#9);
#6 = PRODUCT_DEFINITION_FORMATION('','',#7);
#7 = PRODUCT('Open CASCADE STEP translator 7.8 3',
  'Open CASCADE STEP translator 7.8 3','',(#8));
#8 = PRODUCT_CONTEXT('',#2,'mechanical');
#9 = PRODUCT_DEFINITION_CONTEXT('part definition',#2,'design');
#10 = ADVANCED_BREP_SHAPE_REPRESENTATION('',(#11,#15),#2640);
#11 = AXIS2_PLACEMENT_3D('',#12,#13,#14);
#12 = CARTESIAN_POINT('',(0.,0.,0.));
#13 = DIRECTION('',(0.,0.,1.));
#14 = DIRECTION('',(1.,0.,-0.));
#15 = MANIFOLD_SOLID_BREP('',#16);
#16 = CLOSED_SHELL('',(#17,#651,#1016,#1405,#1910,#1945,#1995,#2096,
    #2128,#2318,#2478,#2505,#2532,#2559,#2586,#2613));
#17 = ADVANCED_FACE('',(#18),#33,.T.);
#18 = FACE_BOUND('',#19,.T.);
#19 = EDGE_LOOP('',(#20,#55,#89,#199,#222,#249,#250,#378,#401,#624));
#20 = ORIENTED_EDGE('',*,*,#21,.F.);
#21 = EDGE_CURVE('',#22,#24,#26,.T.);
#22 = VERTEX_POINT('',#23);
#23 = CARTESIAN_POINT('',(312.40998703626,69.282032302755,2.4E+03));
#24 = VERTEX_POINT('',#25);
#25 = CARTESIAN_POINT('',(-312.4099870362,69.282032302755,2.4E+03));
#26 = SURFACE_CURVE('',#27,(#32,#44),.PCURVE_S1.);
#27 = CIRCLE('',#28,320.);
#28 = AXIS2_PLACEMENT_3D('',#29,#30,#31);
#29 = CARTESIAN_POINT('',(0.,0.,2.4E+03));
#30 = DIRECTION('',(0.,0.,1.));
#31 = DIRECTION('',(1.,0.,0.));
#32 = PCURVE('',#33,#38);
#33 = CYLINDRICAL_SURFACE('',#34,320.);
#34 = AXIS2_PLACEMENT_3D('',#35,#36,#37);
#35 = CARTESIAN_POINT('',(0.,0.,2.2E+03));
#36 = DIRECTION('',(0.,0.,1.));
#37 = DIRECTION('',(1.,0.,0.));
#38 = DEFINITIONAL_REPRESENTATION('',(#39),#43);
#39 = LINE('',#40,#41);
#40 = CARTESIAN_POINT('',(0.,200.));
#41 = VECTOR('',#42,1.);
#42 = DIRECTION('',(1.,0.));
#43 = ( GEOMETRIC_REPRESENTATION_CONTEXT(2) 
PARAMETRIC_REPRESENTATION_CONTEXT() REPRESENTATION_CONTEXT('2D SPACE',''
  ) );
#44 = PCURVE('',#45,#50);
#45 = SPHERICAL_SURFACE('',#46,320.);
#46 = AXIS2_PLACEMENT_3D('',#47,#48,#49);
#47 = CARTESIAN_POINT('',(0.,0.,2.4E+03));
#48 = DIRECTION('',(0.,0.,1.));
#49 = DIRECTION('',(1.,0.,0.));
#50 = DEFINITIONAL_REPRESENTATION('',(#51),#54);
#51 = B_SPLINE_CURVE_WITH_KNOTS('',1,(#52,#53),.UNSPECIFIED.,.F.,.F.,(2,
    2),(0.,6.28318530718),.PIECEWISE_BEZIER_KNOTS.);
#52 = CARTESIAN_POINT('',(0.,0.));
#53 = CARTESIAN_POINT('',(6.28318530718,0.));
#54 = ( GEOMETRIC_REPRESENTATION_CONTEXT(2) 
PARAMETRIC_REPRESENTATION_CONTEXT() REPRESENTATION_CONTEXT('2D SPACE',''
  ) );
#55 = ORIENTED_EDGE('',*,*,#56,.F.);
#56 = EDGE_CURVE('',#57,#22,#59,.T.);
#57 = VERTEX_POINT('',#58);
#58 = CARTESIAN_POINT('',(312.24989991992,70.,2.39E+03));
#59 = SURFACE_CURVE('',#60,(#66,#75),.PCURVE_S1.);
#60 = B_SPLINE_CURVE_WITH_KNOTS('',4,(#61,#62,#63,#64,#65),
  .UNSPECIFIED.,.F.,.F.,(5,5),(0.,1.),.PIECEWISE_BEZIER_KNOTS.);
#61 = CARTESIAN_POINT('',(312.24989991992,70.,2.39E+03));
#62 = CARTESIAN_POINT('',(312.24989991992,70.,2.392504729355E+03));
#63 = CARTESIAN_POINT('',(312.27668854084,69.880501830219,
    2.395009435671E+03));
#64 = CARTESIAN_POINT('',(312.33026764277,69.641506958621,
    2.397509486681E+03));
#65 = CARTESIAN_POINT('',(312.40998705547,69.282032216153,
    2.4000000006E+03));
#66 = PCURVE('',#33,#67);
#67 = DEFINITIONAL_REPRESENTATION('',(#68),#74);
#68 = B_SPLINE_CURVE_WITH_KNOTS('',4,(#69,#70,#71,#72,#73),
  .UNSPECIFIED.,.F.,.F.,(5,5),(0.,1.),.PIECEWISE_BEZIER_KNOTS.);
#69 = CARTESIAN_POINT('',(0.220533260921,190.));
#70 = CARTESIAN_POINT('',(0.220533260921,192.50472935492));
#71 = CARTESIAN_POINT('',(0.220150560342,195.00943567073));
#72 = CARTESIAN_POINT('',(0.219385164701,197.50948668057));
#73 = CARTESIAN_POINT('',(0.21823451409,200.0000006));
#74 = ( GEOMETRIC_REPRESENTATION_CONTEXT(2) 
PARAMETRIC_REPRESENTATION_CONTEXT() REPRESENTATION_CONTEXT('2D SPACE',''
  ) );
#75 = PCURVE('',#76,#81);
#76 = CYLINDRICAL_SURFACE('',#77,70.);
#77 = AXIS2_PLACEMENT_3D('',#78,#79,#80);
#78 = CARTESIAN_POINT('',(-321.,0.,2.39E+03));
#79 = DIRECTION('',(-1.,-0.,-0.));
#80 = DIRECTION('',(0.,1.,0.));
#81 = DEFINITIONAL_REPRESENTATION('',(#82),#88);
#82 = B_SPLINE_CURVE_WITH_KNOTS('',4,(#83,#84,#85,#86,#87),
  .UNSPECIFIED.,.F.,.F.,(5,5),(0.,1.),.PIECEWISE_BEZIER_KNOTS.);
#83 = CARTESIAN_POINT('',(0.,-633.2498999199));
#84 = CARTESIAN_POINT('',(-3.578184792747E-02,-633.2498999199));
#85 = CARTESIAN_POINT('',(-7.156351506079E-02,-633.2766885408));
#86 = CARTESIAN_POINT('',(-0.107400105476,-633.3302676427));
#87 = CARTESIAN_POINT('',(-0.143347577566,-633.4099870554));
#88 = ( GEOMETRIC_REPRESENTATION_CONTEXT(2) 
PARAMETRIC_REPRESENTATION_CONTEXT() REPRESENTATION_CONTEXT('2D SPACE',''
  ) );
#89 = ORIENTED_EDGE('',*,*,#90,.F.);
#90 = EDGE_CURVE('',#91,#57,#93,.T.);
#91 = VERTEX_POINT('',#92);
#92 = CARTESIAN_POINT('',(320.,-7.837739514543E-14,2.32E+03));
#93 = SURFACE_CURVE('',#94,(#127,#163),.PCURVE_S1.);
#94 = B_SPLINE_CURVE_WITH_KNOTS('',7,(#95,#96,#97,#98,#99,#100,#101,#102
    ,#103,#104,#105,#106,#107,#108,#109,#110,#111,#112,#113,#114,#115,
    #116,#117,#118,#119,#120,#121,#122,#123,#124,#125,#126),
  .UNSPECIFIED.,.F.,.F.,(8,6,6,6,6,8),(0.,0.177370340473,0.291562436192,
    0.449790735822,0.58323697555,1.),.UNSPECIFIED.);
#95 = CARTESIAN_POINT('',(320.,-6.429395695524E-15,2.32E+03));
#96 = CARTESIAN_POINT('',(320.,3.410836231643,2.32E+03));
#97 = CARTESIAN_POINT('',(319.95758565404,6.815608422966,
    2.320193896776E+03));
#98 = CARTESIAN_POINT('',(319.87302537644,10.19126805239,
    2.320580449201E+03));
#99 = CARTESIAN_POINT('',(319.7482811326,13.514997541293,
    2.321153941379E+03));
#100 = CARTESIAN_POINT('',(319.58694084986,16.764797630681,
    2.321904266733E+03));
#101 = CARTESIAN_POINT('',(319.39394709019,19.920004988667,
    2.322816958066E+03));
#102 = CARTESIAN_POINT('',(319.03424106101,24.920027438923,
    2.324553155077E+03));
#103 = CARTESIAN_POINT('',(318.88248510957,26.833622944381,
    2.3252934441E+03));
#104 = CARTESIAN_POINT('',(318.72112033775,28.700662177186,
    2.326090428895E+03));
#105 = CARTESIAN_POINT('',(318.55143910677,30.519486634537,
    2.326940469632E+03));
#106 = CARTESIAN_POINT('',(318.37473960158,32.288643240608,
    2.32783988514E+03));
#107 = CARTESIAN_POINT('',(318.1923055008,34.006883888376,
    2.328784949636E+03));
#108 = CARTESIAN_POINT('',(317.74638338793,37.98201851809,
    2.331139425514E+03));
#109 = CARTESIAN_POINT('',(317.47871130224,40.19162387525,
    2.332587664911E+03));
#110 = CARTESIAN_POINT('',(317.20533655822,42.302247275294,
    2.334108483151E+03));
#111 = CARTESIAN_POINT('',(316.92898782531,44.314551203365,
    2.335694477742E+03));
#112 = CARTESIAN_POINT('',(316.65213645363,46.229512672627,
    2.337338904404E+03));
#113 = CARTESIAN_POINT('',(316.37699466767,48.048344015056,
    2.33903561577E+03));
#114 = CARTESIAN_POINT('',(315.87658414465,51.226460451153,
    2.342249336384E+03));
#115 = CARTESIAN_POINT('',(315.65020086231,52.613437600977,
    2.343753207084E+03));
#116 = CARTESIAN_POINT('',(315.42751903504,53.93440060551,
    2.345287566127E+03));
#117 = CARTESIAN_POINT('',(315.20955569387,55.190416524776,
    2.346849678221E+03));
#118 = CARTESIAN_POINT('',(314.99721764484,56.382544177691,
    2.348437092594E+03));
#119 = CARTESIAN_POINT('',(314.79131232111,57.511811799203,
    2.350047614248E+03));
#120 = CARTESIAN_POINT('',(313.97183535764,61.912714816279,
    2.356775079766E+03));
#121 = CARTESIAN_POINT('',(313.42052180344,64.644489909497,
    2.362079903089E+03));
#122 = CARTESIAN_POINT('',(312.96105823755,66.80092091543,
    2.367530994701E+03));
#123 = CARTESIAN_POINT('',(312.60778193897,68.403590724687,
    2.37308257919E+03));
#124 = CARTESIAN_POINT('',(312.36928965248,69.46743666908,
    2.378698234034E+03));
#125 = CARTESIAN_POINT('',(312.24989991992,70.,2.384347231997E+03));
#126 = CARTESIAN_POINT('',(312.24989991992,70.,2.39E+03));
#127 = PCURVE('',#33,#128);
#128 = DEFINITIONAL_REPRESENTATION('',(#129),#162);
#129 = B_SPLINE_CURVE_WITH_KNOTS('',7,(#130,#131,#132,#133,#134,#135,
    #136,#137,#138,#139,#140,#141,#142,#143,#144,#145,#146,#147,#148,
    #149,#150,#151,#152,#153,#154,#155,#156,#157,#158,#159,#160,#161),
  .UNSPECIFIED.,.F.,.F.,(8,6,6,6,6,8),(0.,0.177370340473,0.291562436192,
    0.449790735822,0.58323697555,1.),.UNSPECIFIED.);
#130 = CARTESIAN_POINT('',(0.,120.));
#131 = CARTESIAN_POINT('',(1.065886322388E-02,120.));
#132 = CARTESIAN_POINT('',(2.129877733914E-02,120.1938967758));
#133 = CARTESIAN_POINT('',(3.1849687886E-02,120.5804492013));
#134 = CARTESIAN_POINT('',(4.224225042448E-02,121.1539413794));
#135 = CARTESIAN_POINT('',(5.24092855683E-02,121.90426673326));
#136 = CARTESIAN_POINT('',(6.228716907713E-02,122.8169580658));
#137 = CARTESIAN_POINT('',(7.795262075508E-02,124.55315507702));
#138 = CARTESIAN_POINT('',(8.395122060886E-02,125.29344410008));
#139 = CARTESIAN_POINT('',(8.980724000424E-02,126.09042889533));
#140 = CARTESIAN_POINT('',(9.551551950159E-02,126.94046963242));
#141 = CARTESIAN_POINT('',(0.101071464419,127.83988514036));
#142 = CARTESIAN_POINT('',(0.106471052466,128.78494963586));
#143 = CARTESIAN_POINT('',(0.118971264127,131.13942551396));
#144 = CARTESIAN_POINT('',(0.125926489804,132.58766491117));
#145 = CARTESIAN_POINT('',(0.132576936878,134.10848315073));
#146 = CARTESIAN_POINT('',(0.138924100068,135.69447774182));
#147 = CARTESIAN_POINT('',(0.144970356179,137.33890440366));
#148 = CARTESIAN_POINT('',(0.15071876549,139.0356157703));
#149 = CARTESIAN_POINT('',(0.160772738378,142.2493363837));
#150 = CARTESIAN_POINT('',(0.16516432841,143.75320708394));
#151 = CARTESIAN_POINT('',(0.169350493938,145.28756612744));
#152 = CARTESIAN_POINT('',(0.17333413011,146.84967822097));
#153 = CARTESIAN_POINT('',(0.177118111184,148.43709259366));
#154 = CARTESIAN_POINT('',(0.180705229656,150.04761424753));
#155 = CARTESIAN_POINT('',(0.194694444901,156.77507976599));
#156 = CARTESIAN_POINT('',(0.203402371606,162.07990308852));
#157 = CARTESIAN_POINT('',(0.210292124955,167.53099470074));
#158 = CARTESIAN_POINT('',(0.215420656194,173.08257919021));
#159 = CARTESIAN_POINT('',(0.218827694021,178.69823403448));
#160 = CARTESIAN_POINT('',(0.220533260921,184.34723199713));
#161 = CARTESIAN_POINT('',(0.220533260921,190.));
#162 = ( GEOMETRIC_REPRESENTATION_CONTEXT(2) 
PARAMETRIC_REPRESENTATION_CONTEXT() REPRESENTATION_CONTEXT('2D SPACE',''
  ) );
#163 = PCURVE('',#76,#164);
#164 = DEFINITIONAL_REPRESENTATION('',(#165),#198);
#165 = B_SPLINE_CURVE_WITH_KNOTS('',7,(#166,#167,#168,#169,#170,#171,
    #172,#173,#174,#175,#176,#177,#178,#179,#180,#181,#182,#183,#184,
    #185,#186,#187,#188,#189,#190,#191,#192,#193,#194,#195,#196,#197),
  .UNSPECIFIED.,.F.,.F.,(8,6,6,6,6,8),(0.,0.177370340473,0.291562436192,
    0.449790735822,0.58323697555,1.),.UNSPECIFIED.);
#166 = CARTESIAN_POINT('',(-4.712388980385,-641.));
#167 = CARTESIAN_POINT('',(-4.761115212265,-641.));
#168 = CARTESIAN_POINT('',(-4.809754810596,-640.957585654));
#169 = CARTESIAN_POINT('',(-4.858167493798,-640.8730253764));
#170 = CARTESIAN_POINT('',(-4.906213161673,-640.7482811326));
#171 = CARTESIAN_POINT('',(-4.953745152635,-640.5869408498));
#172 = CARTESIAN_POINT('',(-5.000602468206,-640.3939470901));
#173 = CARTESIAN_POINT('',(-5.076215074547,-640.034241061));
#174 = CARTESIAN_POINT('',(-5.105508619415,-639.8824851095));
#175 = CARTESIAN_POINT('',(-5.134481957981,-639.7211203377));
#176 = CARTESIAN_POINT('',(-5.163133968348,-639.5514391067));
#177 = CARTESIAN_POINT('',(-5.19146202678,-639.3747396015));
#178 = CARTESIAN_POINT('',(-5.21946198633,-639.1923055008));
#179 = CARTESIAN_POINT('',(-5.285463303547,-638.7463833879));
#180 = CARTESIAN_POINT('',(-5.323166089213,-638.4787113022));
#181 = CARTESIAN_POINT('',(-5.360272640069,-638.2053365582));
#182 = CARTESIAN_POINT('',(-5.396815596507,-637.9289878253));
#183 = CARTESIAN_POINT('',(-5.43282525044,-637.6521364536));
#184 = CARTESIAN_POINT('',(-5.468330174764,-637.3769946676));
#185 = CARTESIAN_POINT('',(-5.532898481045,-636.8765841446));
#186 = CARTESIAN_POINT('',(-5.562106588283,-636.6502008623));
#187 = CARTESIAN_POINT('',(-5.591003344509,-636.427519035));
#188 = CARTESIAN_POINT('',(-5.61960956988,-636.2095556938));
#189 = CARTESIAN_POINT('',(-5.647945423461,-635.9972176448));
#190 = CARTESIAN_POINT('',(-5.676030601246,-635.7913123211));
#191 = CARTESIAN_POINT('',(-5.790874541201,-634.9718353576));
#192 = CARTESIAN_POINT('',(-5.875657407993,-634.4205218034));
#193 = CARTESIAN_POINT('',(-5.958764342574,-633.9610582375));
#194 = CARTESIAN_POINT('',(-6.040647644127,-633.6077819389));
#195 = CARTESIAN_POINT('',(-6.121731531125,-633.3692896524));
#196 = CARTESIAN_POINT('',(-6.202431478567,-633.2498999199));
#197 = CARTESIAN_POINT('',(-6.28318530718,-633.2498999199));
#198 = ( GEOMETRIC_REPRESENTATION_CONTEXT(2) 
PARAMETRIC_REPRESENTATION_CONTEXT() REPRESENTATION_CONTEXT('2D SPACE',''
  ) );
#199 = ORIENTED_EDGE('',*,*,#200,.F.);
#200 = EDGE_CURVE('',#201,#91,#203,.T.);
#201 = VERTEX_POINT('',#202);
#202 = CARTESIAN_POINT('',(320.,-7.837739514543E-14,2.2E+03));
#203 = SEAM_CURVE('',#204,(#208,#215),.PCURVE_S1.);
#204 = LINE('',#205,#206);
#205 = CARTESIAN_POINT('',(320.,-7.837739514543E-14,2.2E+03));
#206 = VECTOR('',#207,1.);
#207 = DIRECTION('',(0.,0.,1.));
#208 = PCURVE('',#33,#209);
#209 = DEFINITIONAL_REPRESENTATION('',(#210),#214);
#210 = LINE('',#211,#212);
#211 = CARTESIAN_POINT('',(6.28318530718,-0.));
#212 = VECTOR('',#213,1.);
#213 = DIRECTION('',(0.,1.));
#214 = ( GEOMETRIC_REPRESENTATION_CONTEXT(2) 
PARAMETRIC_REPRESENTATION_CONTEXT() REPRESENTATION_CONTEXT('2D SPACE',''
  ) );
#215 = PCURVE('',#33,#216);
#216 = DEFINITIONAL_REPRESENTATION('',(#217),#221);
#217 = LINE('',#218,#219);
#218 = CARTESIAN_POINT('',(0.,-0.));
#219 = VECTOR('',#220,1.);
#220 = DIRECTION('',(0.,1.));
#221 = ( GEOMETRIC_REPRESENTATION_CONTEXT(2) 
PARAMETRIC_REPRESENTATION_CONTEXT() REPRESENTATION_CONTEXT('2D SPACE',''
  ) );
#222 = ORIENTED_EDGE('',*,*,#223,.T.);
#223 = EDGE_CURVE('',#201,#201,#224,.T.);
#224 = SURFACE_CURVE('',#225,(#230,#237),.PCURVE_S1.);
#225 = CIRCLE('',#226,320.);
#226 = AXIS2_PLACEMENT_3D('',#227,#228,#229);
#227 = CARTESIAN_POINT('',(0.,0.,2.2E+03));
#228 = DIRECTION('',(0.,0.,1.));
#229 = DIRECTION('',(1.,0.,0.));
#230 = PCURVE('',#33,#231);
#231 = DEFINITIONAL_REPRESENTATION('',(#232),#236);
#232 = LINE('',#233,#234);
#233 = CARTESIAN_POINT('',(0.,0.));
#234 = VECTOR('',#235,1.);
#235 = DIRECTION('',(1.,0.));
#236 = ( GEOMETRIC_REPRESENTATION_CONTEXT(2) 
PARAMETRIC_REPRESENTATION_CONTEXT() REPRESENTATION_CONTEXT('2D SPACE',''
  ) );
#237 = PCURVE('',#238,#243);
#238 = PLANE('',#239);
#239 = AXIS2_PLACEMENT_3D('',#240,#241,#242);
#240 = CARTESIAN_POINT('',(0.,0.,2.2E+03));
#241 = DIRECTION('',(0.,0.,1.));
#242 = DIRECTION('',(1.,0.,0.));
#243 = DEFINITIONAL_REPRESENTATION('',(#244),#248);
#244 = CIRCLE('',#245,320.);
#245 = AXIS2_PLACEMENT_2D('',#246,#247);
#246 = CARTESIAN_POINT('',(0.,0.));
#247 = DIRECTION('',(1.,0.));
#248 = ( GEOMETRIC_REPRESENTATION_CONTEXT(2) 
PARAMETRIC_REPRESENTATION_CONTEXT() REPRESENTATION_CONTEXT('2D SPACE',''
  ) );
#249 = ORIENTED_EDGE('',*,*,#200,.T.);
#250 = ORIENTED_EDGE('',*,*,#251,.F.);
#251 = EDGE_CURVE('',#252,#91,#254,.T.);
#252 = VERTEX_POINT('',#253);
#253 = CARTESIAN_POINT('',(312.40998703626,-69.28203230275,2.4E+03));
#254 = SURFACE_CURVE('',#255,(#294,#336),.PCURVE_S1.);
#255 = B_SPLINE_CURVE_WITH_KNOTS('',7,(#256,#257,#258,#259,#260,#261,
    #262,#263,#264,#265,#266,#267,#268,#269,#270,#271,#272,#273,#274,
    #275,#276,#277,#278,#279,#280,#281,#282,#283,#284,#285,#286,#287,
    #288,#289,#290,#291,#292,#293),.UNSPECIFIED.,.F.,.F.,(8,6,6,6,6,6,8)
  ,(0.,9.498700995446E-02,0.472433888026,0.593142536463,0.736267771076,
    0.839560105816,1.),.UNSPECIFIED.);
#256 = CARTESIAN_POINT('',(312.40998705547,-69.28203221615,
    2.4000000006E+03));
#257 = CARTESIAN_POINT('',(312.3646547152,-69.48644706057,
    2.398583773101E+03));
#258 = CARTESIAN_POINT('',(312.32671854966,-69.65677320437,
    2.397164847123E+03));
#259 = CARTESIAN_POINT('',(312.2962517797,-69.79312136106,
    2.395743772441E+03));
#260 = CARTESIAN_POINT('',(312.27330935906,-69.89557466259,
    2.39432109189E+03));
#261 = CARTESIAN_POINT('',(312.25792797436,-69.96418865934,
    2.392897341363E+03));
#262 = CARTESIAN_POINT('',(312.25012604513,-69.99899132008,
    2.391473049812E+03));
#263 = CARTESIAN_POINT('',(312.24902029246,-70.00392376647,
    2.384389001376E+03));
#264 = CARTESIAN_POINT('',(312.36782174678,-69.47398417797,
    2.378732840748E+03));
#265 = CARTESIAN_POINT('',(312.60604126812,-68.41148667367,
    2.373109945163E+03));
#266 = CARTESIAN_POINT('',(312.95936032177,-66.80888950586,
    2.367551142511E+03));
#267 = CARTESIAN_POINT('',(313.41916376688,-64.65121863927,
    2.362092971664E+03));
#268 = CARTESIAN_POINT('',(313.97107079177,-61.91682082586,
    2.356781356441E+03));
#269 = CARTESIAN_POINT('',(314.79131231929,-57.511811809,
    2.350047614263E+03));
#270 = CARTESIAN_POINT('',(314.99721764684,-56.38254416577,
    2.348437092579E+03));
#271 = CARTESIAN_POINT('',(315.20955569535,-55.19041651679,
    2.346849678209E+03));
#272 = CARTESIAN_POINT('',(315.42751903335,-53.93440061614,
    2.345287566138E+03));
#273 = CARTESIAN_POINT('',(315.65020086036,-52.61343761234,
    2.343753207098E+03));
#274 = CARTESIAN_POINT('',(315.87658414677,-51.22646043772,
    2.34224933637E+03));
#275 = CARTESIAN_POINT('',(316.37699466767,-48.04834401504,
    2.33903561577E+03));
#276 = CARTESIAN_POINT('',(316.65213645362,-46.22951267263,
    2.337338904404E+03));
#277 = CARTESIAN_POINT('',(316.92898782531,-44.31455120337,
    2.335694477742E+03));
#278 = CARTESIAN_POINT('',(317.20533655822,-42.30224727528,
    2.334108483151E+03));
#279 = CARTESIAN_POINT('',(317.47871130224,-40.19162387524,
    2.332587664911E+03));
#280 = CARTESIAN_POINT('',(317.74638338793,-37.98201851809,
    2.331139425514E+03));
#281 = CARTESIAN_POINT('',(318.1923055008,-34.00688388837,
    2.328784949636E+03));
#282 = CARTESIAN_POINT('',(318.37473960158,-32.2886432406,
    2.32783988514E+03));
#283 = CARTESIAN_POINT('',(318.55143910677,-30.51948663453,
    2.326940469632E+03));
#284 = CARTESIAN_POINT('',(318.72112033775,-28.70066217718,
    2.326090428895E+03));
#285 = CARTESIAN_POINT('',(318.88248510957,-26.83362294438,
    2.3252934441E+03));
#286 = CARTESIAN_POINT('',(319.03424106101,-24.92002743892,
    2.324553155077E+03));
#287 = CARTESIAN_POINT('',(319.39394674588,-19.92000977469,
    2.322816959728E+03));
#288 = CARTESIAN_POINT('',(319.58694070936,-16.76480106292,
    2.321904267349E+03));
#289 = CARTESIAN_POINT('',(319.74828136144,-13.51499549981,
    2.321153940292E+03));
#290 = CARTESIAN_POINT('',(319.87302580846,-10.19125908742,
    2.32058044722E+03));
#291 = CARTESIAN_POINT('',(319.95758596695,-6.815594533417,
    2.320193895348E+03));
#292 = CARTESIAN_POINT('',(320.,-3.410823669756,2.32E+03));
#293 = CARTESIAN_POINT('',(320.,-4.263256414561E-14,2.32E+03));
#294 = PCURVE('',#33,#295);
#295 = DEFINITIONAL_REPRESENTATION('',(#296),#335);
#296 = B_SPLINE_CURVE_WITH_KNOTS('',7,(#297,#298,#299,#300,#301,#302,
    #303,#304,#305,#306,#307,#308,#309,#310,#311,#312,#313,#314,#315,
    #316,#317,#318,#319,#320,#321,#322,#323,#324,#325,#326,#327,#328,
    #329,#330,#331,#332,#333,#334),.UNSPECIFIED.,.F.,.F.,(8,6,6,6,6,6,8)
  ,(0.,9.498700995446E-02,0.472433888026,0.593142536463,0.736267771076,
    0.839560105816,1.),.UNSPECIFIED.);
#297 = CARTESIAN_POINT('',(6.064950793089,200.0000006));
#298 = CARTESIAN_POINT('',(6.064296477117,198.58377310127));
#299 = CARTESIAN_POINT('',(6.063751165586,197.16484712264));
#300 = CARTESIAN_POINT('',(6.06331457024,195.74377244065));
#301 = CARTESIAN_POINT('',(6.062986474683,194.32109188993));
#302 = CARTESIAN_POINT('',(6.062766734371,192.89734136326));
#303 = CARTESIAN_POINT('',(6.06265527662,191.47304981153));
#304 = CARTESIAN_POINT('',(6.062639480149,184.38900137586));
#305 = CARTESIAN_POINT('',(6.064336644279,178.7328407484));
#306 = CARTESIAN_POINT('',(6.067739383871,173.10994516269));
#307 = CARTESIAN_POINT('',(6.072867722709,167.55114251084));
#308 = CARTESIAN_POINT('',(6.079761486728,162.09297166404));
#309 = CARTESIAN_POINT('',(6.088477810446,156.78135644098));
#310 = CARTESIAN_POINT('',(6.102480077492,150.04761426251));
#311 = CARTESIAN_POINT('',(6.106067196034,148.43709257945));
#312 = CARTESIAN_POINT('',(6.109851177094,146.84967820902));
#313 = CARTESIAN_POINT('',(6.113834813208,145.28756613838));
#314 = CARTESIAN_POINT('',(6.118020978734,143.75320709836));
#315 = CARTESIAN_POINT('',(6.122412568844,142.24933637012));
#316 = CARTESIAN_POINT('',(6.132466541689,139.03561577029));
#317 = CARTESIAN_POINT('',(6.138214951001,137.33890440367));
#318 = CARTESIAN_POINT('',(6.144261207112,135.69447774183));
#319 = CARTESIAN_POINT('',(6.150608370302,134.10848315072));
#320 = CARTESIAN_POINT('',(6.157258817376,132.58766491117));
#321 = CARTESIAN_POINT('',(6.164214043053,131.13942551396));
#322 = CARTESIAN_POINT('',(6.176714254713,128.78494963586));
#323 = CARTESIAN_POINT('',(6.18211384276,127.83988514036));
#324 = CARTESIAN_POINT('',(6.187669787678,126.94046963242));
#325 = CARTESIAN_POINT('',(6.193378067175,126.09042889533));
#326 = CARTESIAN_POINT('',(6.199234086571,125.29344410008));
#327 = CARTESIAN_POINT('',(6.205232686425,124.55315507702));
#328 = CARTESIAN_POINT('',(6.220898123107,122.81695972769));
#329 = CARTESIAN_POINT('',(6.230776010882,121.90426734934));
#330 = CARTESIAN_POINT('',(6.240943063162,121.15394029239));
#331 = CARTESIAN_POINT('',(6.251335647331,120.58044722014));
#332 = CARTESIAN_POINT('',(6.261886573245,120.19389534765));
#333 = CARTESIAN_POINT('',(6.272526483212,120.));
#334 = CARTESIAN_POINT('',(6.28318530718,120.));
#335 = ( GEOMETRIC_REPRESENTATION_CONTEXT(2) 
PARAMETRIC_REPRESENTATION_CONTEXT() REPRESENTATION_CONTEXT('2D SPACE',''
  ) );
#336 = PCURVE('',#76,#337);
#337 = DEFINITIONAL_REPRESENTATION('',(#338),#377);
#338 = B_SPLINE_CURVE_WITH_KNOTS('',7,(#339,#340,#341,#342,#343,#344,
    #345,#346,#347,#348,#349,#350,#351,#352,#353,#354,#355,#356,#357,
    #358,#359,#360,#361,#362,#363,#364,#365,#366,#367,#368,#369,#370,
    #371,#372,#373,#374,#375,#376),.UNSPECIFIED.,.F.,.F.,(8,6,6,6,6,6,8)
  ,(0.,9.498700995446E-02,0.472433888026,0.593142536463,0.736267771076,
    0.839560105816,1.),.UNSPECIFIED.);
#339 = CARTESIAN_POINT('',(-2.998245076024,-633.4099870554));
#340 = CARTESIAN_POINT('',(-3.01868655924,-633.3646547152));
#341 = CARTESIAN_POINT('',(-3.039096672587,-633.3267185496));
#342 = CARTESIAN_POINT('',(-3.059481716238,-633.2962517797));
#343 = CARTESIAN_POINT('',(-3.079847966974,-633.273309359));
#344 = CARTESIAN_POINT('',(-3.100201678184,-633.2579279743));
#345 = CARTESIAN_POINT('',(-3.120549079865,-633.2501260451));
#346 = CARTESIAN_POINT('',(-3.221749796334,-633.2490202924));
#347 = CARTESIAN_POINT('',(-3.302546776513,-633.3678217467));
#348 = CARTESIAN_POINT('',(-3.383726702258,-633.6060412681));
#349 = CARTESIAN_POINT('',(-3.465706457476,-633.9593603217));
#350 = CARTESIAN_POINT('',(-3.548911695986,-634.4191637668));
#351 = CARTESIAN_POINT('',(-3.633796271032,-634.9710707917));
#352 = CARTESIAN_POINT('',(-3.748747359268,-635.7913123192));
#353 = CARTESIAN_POINT('',(-3.776832537574,-635.9972176468));
#354 = CARTESIAN_POINT('',(-3.805168391095,-636.2095556953));
#355 = CARTESIAN_POINT('',(-3.833774616042,-636.4275190333));
#356 = CARTESIAN_POINT('',(-3.862671372223,-636.6502008603));
#357 = CARTESIAN_POINT('',(-3.891879479998,-636.8765841467));
#358 = CARTESIAN_POINT('',(-3.956447786006,-637.3769946676));
#359 = CARTESIAN_POINT('',(-3.991952710329,-637.6521364536));
#360 = CARTESIAN_POINT('',(-4.027962364262,-637.9289878253));
#361 = CARTESIAN_POINT('',(-4.0645053207,-638.2053365582));
#362 = CARTESIAN_POINT('',(-4.101611871557,-638.4787113022));
#363 = CARTESIAN_POINT('',(-4.139314657222,-638.7463833879));
#364 = CARTESIAN_POINT('',(-4.20531597444,-639.1923055008));
#365 = CARTESIAN_POINT('',(-4.233315933989,-639.3747396015));
#366 = CARTESIAN_POINT('',(-4.261643992421,-639.5514391067));
#367 = CARTESIAN_POINT('',(-4.290296002788,-639.7211203377));
#368 = CARTESIAN_POINT('',(-4.319269341354,-639.8824851095));
#369 = CARTESIAN_POINT('',(-4.348562886222,-640.034241061));
#370 = CARTESIAN_POINT('',(-4.424175420187,-640.3939467458));
#371 = CARTESIAN_POINT('',(-4.471032758919,-640.5869407093));
#372 = CARTESIAN_POINT('',(-4.518564831011,-640.7482813614));
#373 = CARTESIAN_POINT('',(-4.566610597108,-640.8730258084));
#374 = CARTESIAN_POINT('',(-4.615023348604,-640.9575859669));
#375 = CARTESIAN_POINT('',(-4.66366292796,-641.));
#376 = CARTESIAN_POINT('',(-4.712388980385,-641.));
#377 = ( GEOMETRIC_REPRESENTATION_CONTEXT(2) 
PARAMETRIC_REPRESENTATION_CONTEXT() REPRESENTATION_CONTEXT('2D SPACE',''
  ) );
#378 = ORIENTED_EDGE('',*,*,#379,.F.);
#379 = EDGE_CURVE('',#380,#252,#382,.T.);
#380 = VERTEX_POINT('',#381);
#381 = CARTESIAN_POINT('',(-312.4099870362,-69.28203230275,2.4E+03));
#382 = SURFACE_CURVE('',#383,(#388,#395),.PCURVE_S1.);
#383 = CIRCLE('',#384,320.);
#384 = AXIS2_PLACEMENT_3D('',#385,#386,#387);
#385 = CARTESIAN_POINT('',(0.,0.,2.4E+03));
#386 = DIRECTION('',(0.,0.,1.));
#387 = DIRECTION('',(1.,0.,0.));
#388 = PCURVE('',#33,#389);
#389 = DEFINITIONAL_REPRESENTATION('',(#390),#394);
#390 = LINE('',#391,#392);
#391 = CARTESIAN_POINT('',(0.,200.));
#392 = VECTOR('',#393,1.);
#393 = DIRECTION('',(1.,0.));
#394 = ( GEOMETRIC_REPRESENTATION_CONTEXT(2) 
PARAMETRIC_REPRESENTATION_CONTEXT() REPRESENTATION_CONTEXT('2D SPACE',''
  ) );
#395 = PCURVE('',#45,#396);
#396 = DEFINITIONAL_REPRESENTATION('',(#397),#400);
#397 = B_SPLINE_CURVE_WITH_KNOTS('',1,(#398,#399),.UNSPECIFIED.,.F.,.F.,
  (2,2),(0.,6.28318530718),.PIECEWISE_BEZIER_KNOTS.);
#398 = CARTESIAN_POINT('',(0.,0.));
#399 = CARTESIAN_POINT('',(6.28318530718,0.));
#400 = ( GEOMETRIC_REPRESENTATION_CONTEXT(2) 
PARAMETRIC_REPRESENTATION_CONTEXT() REPRESENTATION_CONTEXT('2D SPACE',''
  ) );
#401 = ORIENTED_EDGE('',*,*,#402,.T.);
#402 = EDGE_CURVE('',#380,#403,#405,.T.);
#403 = VERTEX_POINT('',#404);
#404 = CARTESIAN_POINT('',(-312.2498999199,70.,2.39E+03));
#405 = SURFACE_CURVE('',#406,(#475,#547),.PCURVE_S1.);
#406 = B_SPLINE_CURVE_WITH_KNOTS('',7,(#407,#408,#409,#410,#411,#412,
    #413,#414,#415,#416,#417,#418,#419,#420,#421,#422,#423,#424,#425,
    #426,#427,#428,#429,#430,#431,#432,#433,#434,#435,#436,#437,#438,
    #439,#440,#441,#442,#443,#444,#445,#446,#447,#448,#449,#450,#451,
    #452,#453,#454,#455,#456,#457,#458,#459,#460,#461,#462,#463,#464,
    #465,#466,#467,#468,#469,#470,#471,#472,#473,#474),.UNSPECIFIED.,.F.
  ,.F.,(8,6,6,6,6,6,6,6,6,6,6,8),(0.,4.987959804705E-02,0.248084579671,
    0.311471129767,0.386629082168,0.46951570669,0.525061065572,
    0.580606640828,0.663493479293,0.738651626568,0.802038341017,1.),
  .UNSPECIFIED.);
#407 = CARTESIAN_POINT('',(-312.4099870554,-69.28203221615,
    2.4000000006E+03));
#408 = CARTESIAN_POINT('',(-312.3646547152,-69.48644706057,
    2.398583773101E+03));
#409 = CARTESIAN_POINT('',(-312.3267185496,-69.65677320437,
    2.397164847123E+03));
#410 = CARTESIAN_POINT('',(-312.2962517797,-69.79312136106,
    2.395743772441E+03));
#411 = CARTESIAN_POINT('',(-312.273309359,-69.89557466259,
    2.39432109189E+03));
#412 = CARTESIAN_POINT('',(-312.2579279743,-69.96418865934,
    2.392897341363E+03));
#413 = CARTESIAN_POINT('',(-312.2501260451,-69.99899132008,
    2.391473049812E+03));
#414 = CARTESIAN_POINT('',(-312.2490202924,-70.00392376647,
    2.384389001376E+03));
#415 = CARTESIAN_POINT('',(-312.3678217467,-69.47398417796,
    2.378732840748E+03));
#416 = CARTESIAN_POINT('',(-312.6060412681,-68.41148667371,
    2.373109945163E+03));
#417 = CARTESIAN_POINT('',(-312.9593603217,-66.80888950579,
    2.367551142511E+03));
#418 = CARTESIAN_POINT('',(-313.4191637668,-64.65121863933,
    2.362092971664E+03));
#419 = CARTESIAN_POINT('',(-313.9710707917,-61.91682082584,
    2.356781356441E+03));
#420 = CARTESIAN_POINT('',(-314.7913123192,-57.511811809,
    2.350047614263E+03));
#421 = CARTESIAN_POINT('',(-314.9972176468,-56.38254416577,
    2.348437092579E+03));
#422 = CARTESIAN_POINT('',(-315.2095556953,-55.19041651679,
    2.346849678209E+03));
#423 = CARTESIAN_POINT('',(-315.4275190333,-53.93440061613,
    2.345287566138E+03));
#424 = CARTESIAN_POINT('',(-315.6502008603,-52.61343761234,
    2.343753207098E+03));
#425 = CARTESIAN_POINT('',(-315.8765841467,-51.22646043772,
    2.34224933637E+03));
#426 = CARTESIAN_POINT('',(-316.3769946676,-48.04834401505,
    2.33903561577E+03));
#427 = CARTESIAN_POINT('',(-316.6521364536,-46.22951267262,
    2.337338904404E+03));
#428 = CARTESIAN_POINT('',(-316.9289878253,-44.31455120336,
    2.335694477742E+03));
#429 = CARTESIAN_POINT('',(-317.2053365582,-42.30224727529,
    2.334108483151E+03));
#430 = CARTESIAN_POINT('',(-317.4787113022,-40.19162387525,
    2.332587664911E+03));
#431 = CARTESIAN_POINT('',(-317.7463833879,-37.98201851808,
    2.331139425514E+03));
#432 = CARTESIAN_POINT('',(-318.2910217272,-33.12688650984,
    2.328263726383E+03));
#433 = CARTESIAN_POINT('',(-318.5665537973,-30.45596784515,
    2.326851390061E+03));
#434 = CARTESIAN_POINT('',(-318.8272200925,-27.66584838652,
    2.325550155439E+03));
#435 = CARTESIAN_POINT('',(-319.0681267435,-24.7633204121,
    2.324374397683E+03));
#436 = CARTESIAN_POINT('',(-319.2844658033,-21.75644972056,
    2.323337597045E+03));
#437 = CARTESIAN_POINT('',(-319.4717332752,-18.65449627261,
    2.322452343747E+03));
#438 = CARTESIAN_POINT('',(-319.7292914927,-13.33233644118,
    2.321246503661E+03));
#439 = CARTESIAN_POINT('',(-319.8177070986,-11.16055212159,
    2.320836375996E+03));
#440 = CARTESIAN_POINT('',(-319.8898710747,-8.959198752792,
    2.32050405503E+03));
#441 = CARTESIAN_POINT('',(-319.9447341938,-6.735255598349,
    2.320252643392E+03));
#442 = CARTESIAN_POINT('',(-319.9815697586,-4.495887492839,
    2.320084252657E+03));
#443 = CARTESIAN_POINT('',(-320.,-2.248367636792,2.32E+03));
#444 = CARTESIAN_POINT('',(-320.,2.248376395177,2.32E+03));
#445 = CARTESIAN_POINT('',(-319.981569615,4.49589772163,
    2.320084253313E+03));
#446 = CARTESIAN_POINT('',(-319.9447339782,6.735262932278,
    2.320252644378E+03));
#447 = CARTESIAN_POINT('',(-319.8898709311,8.959201455551,
    2.320504055696E+03));
#448 = CARTESIAN_POINT('',(-319.8177071199,11.160550784193,
    2.320836375907E+03));
#449 = CARTESIAN_POINT('',(-319.7292916274,13.332333656854,
    2.321246503031E+03));
#450 = CARTESIAN_POINT('',(-319.4717332768,18.654496239267,
    2.32245234374E+03));
#451 = CARTESIAN_POINT('',(-319.2844658006,21.756449752421,
    2.323337597059E+03));
#452 = CARTESIAN_POINT('',(-319.0681267422,24.763320438907,
    2.32437439769E+03));
#453 = CARTESIAN_POINT('',(-318.8272200952,27.665848362069,
    2.325550155426E+03));
#454 = CARTESIAN_POINT('',(-318.5665537997,30.455967812622,
    2.326851390049E+03));
#455 = CARTESIAN_POINT('',(-318.2910217239,33.126886539618,
    2.328263726401E+03));
#456 = CARTESIAN_POINT('',(-317.7463833879,37.982018518125,
    2.331139425514E+03));
#457 = CARTESIAN_POINT('',(-317.4787113022,40.191623875256,
    2.332587664911E+03));
#458 = CARTESIAN_POINT('',(-317.2053365582,42.302247275264,
    2.334108483151E+03));
#459 = CARTESIAN_POINT('',(-316.9289878253,44.314551203337,
    2.335694477742E+03));
#460 = CARTESIAN_POINT('',(-316.6521364536,46.229512672634,
    2.337338904404E+03));
#461 = CARTESIAN_POINT('',(-316.3769946676,48.048344015086,
    2.33903561577E+03));
#462 = CARTESIAN_POINT('',(-315.8765841467,51.226460437731,
    2.34224933637E+03));
#463 = CARTESIAN_POINT('',(-315.6502008603,52.613437612342,
    2.343753207098E+03));
#464 = CARTESIAN_POINT('',(-315.4275190333,53.934400616134,
    2.345287566138E+03));
#465 = CARTESIAN_POINT('',(-315.2095556953,55.190416516791,
    2.346849678209E+03));
#466 = CARTESIAN_POINT('',(-314.9972176468,56.38254416578,
    2.348437092579E+03));
#467 = CARTESIAN_POINT('',(-314.7913123192,57.511811809004,
    2.350047614263E+03));
#468 = CARTESIAN_POINT('',(-313.9718353591,61.912714808103,
    2.356775079753E+03));
#469 = CARTESIAN_POINT('',(-313.4205217987,64.64448993422,
    2.362079903139E+03));
#470 = CARTESIAN_POINT('',(-312.961058244,66.800920881445,
    2.367530994608E+03));
#471 = CARTESIAN_POINT('',(-312.6077819343,68.403590748678,
    2.373082579284E+03));
#472 = CARTESIAN_POINT('',(-312.3692896539,69.467436661705,
    2.378698233982E+03));
#473 = CARTESIAN_POINT('',(-312.2498999199,70.,2.384347232011E+03));
#474 = CARTESIAN_POINT('',(-312.2498999199,70.,2.39E+03));
#475 = PCURVE('',#33,#476);
#476 = DEFINITIONAL_REPRESENTATION('',(#477),#546);
#477 = B_SPLINE_CURVE_WITH_KNOTS('',7,(#478,#479,#480,#481,#482,#483,
    #484,#485,#486,#487,#488,#489,#490,#491,#492,#493,#494,#495,#496,
    #497,#498,#499,#500,#501,#502,#503,#504,#505,#506,#507,#508,#509,
    #510,#511,#512,#513,#514,#515,#516,#517,#518,#519,#520,#521,#522,
    #523,#524,#525,#526,#527,#528,#529,#530,#531,#532,#533,#534,#535,
    #536,#537,#538,#539,#540,#541,#542,#543,#544,#545),.UNSPECIFIED.,.F.
  ,.F.,(8,6,6,6,6,6,6,6,6,6,6,8),(0.,4.987959804705E-02,0.248084579671,
    0.311471129767,0.386629082168,0.46951570669,0.525061065572,
    0.580606640828,0.663493479293,0.738651626568,0.802038341017,1.),
  .UNSPECIFIED.);
#478 = CARTESIAN_POINT('',(3.35982716768,200.0000006));
#479 = CARTESIAN_POINT('',(3.360481483652,198.58377310127));
#480 = CARTESIAN_POINT('',(3.361026795184,197.16484712265));
#481 = CARTESIAN_POINT('',(3.361463390529,195.74377244065));
#482 = CARTESIAN_POINT('',(3.361791486087,194.32109188993));
#483 = CARTESIAN_POINT('',(3.362011226398,192.89734136325));
#484 = CARTESIAN_POINT('',(3.36212268415,191.47304981153));
#485 = CARTESIAN_POINT('',(3.36213848062,184.38900137581));
#486 = CARTESIAN_POINT('',(3.36044131649,178.73284074849));
#487 = CARTESIAN_POINT('',(3.357038576899,173.10994516265));
#488 = CARTESIAN_POINT('',(3.35191023806,167.55114251077));
#489 = CARTESIAN_POINT('',(3.345016474042,162.09297166413));
#490 = CARTESIAN_POINT('',(3.336300150324,156.78135644095));
#491 = CARTESIAN_POINT('',(3.322297883277,150.04761426251));
#492 = CARTESIAN_POINT('',(3.318710764736,148.43709257946));
#493 = CARTESIAN_POINT('',(3.314926783675,146.84967820901));
#494 = CARTESIAN_POINT('',(3.310943147562,145.28756613838));
#495 = CARTESIAN_POINT('',(3.306756982035,143.75320709836));
#496 = CARTESIAN_POINT('',(3.302365391925,142.24933637013));
#497 = CARTESIAN_POINT('',(3.29231141908,139.0356157703));
#498 = CARTESIAN_POINT('',(3.286563009769,137.33890440366));
#499 = CARTESIAN_POINT('',(3.280516753657,135.69447774182));
#500 = CARTESIAN_POINT('',(3.274169590468,134.10848315073));
#501 = CARTESIAN_POINT('',(3.267519143393,132.58766491117));
#502 = CARTESIAN_POINT('',(3.260563917716,131.13942551396));
#503 = CARTESIAN_POINT('',(3.245296465568,128.26372638343));
#504 = CARTESIAN_POINT('',(3.236905877267,126.8513900607));
#505 = CARTESIAN_POINT('',(3.228149465536,125.55015543947));
#506 = CARTESIAN_POINT('',(3.219048802261,124.37439768345));
#507 = CARTESIAN_POINT('',(3.209629005833,123.33759704526));
#508 = CARTESIAN_POINT('',(3.199918451248,122.45234374735));
#509 = CARTESIAN_POINT('',(3.183267237918,121.24650366147));
#510 = CARTESIAN_POINT('',(3.176474989613,120.83637599568));
#511 = CARTESIAN_POINT('',(3.16959241413,120.50405503043));
#512 = CARTESIAN_POINT('',(3.162640893661,120.25264339176));
#513 = CARTESIAN_POINT('',(3.155642302086,120.0842526566));
#514 = CARTESIAN_POINT('',(3.148618802455,120.));
#515 = CARTESIAN_POINT('',(3.134566477355,120.));
#516 = CARTESIAN_POINT('',(3.127542973128,120.0842533128));
#517 = CARTESIAN_POINT('',(3.120544390593,120.25264437794));
#518 = CARTESIAN_POINT('',(3.113592884593,120.50405569562));
#519 = CARTESIAN_POINT('',(3.106710321744,120.83637590661));
#520 = CARTESIAN_POINT('',(3.099918077973,121.24650303063));
#521 = CARTESIAN_POINT('',(3.083266856036,122.45234373979));
#522 = CARTESIAN_POINT('',(3.073556301246,123.3375970587));
#523 = CARTESIAN_POINT('',(3.064136504835,124.37439768987));
#524 = CARTESIAN_POINT('',(3.05503584172,125.55015542559));
#525 = CARTESIAN_POINT('',(3.046279430015,126.85139004871));
#526 = CARTESIAN_POINT('',(3.037888841518,128.26372640106));
#527 = CARTESIAN_POINT('',(3.022621389463,131.13942551398));
#528 = CARTESIAN_POINT('',(3.015666163786,132.58766491118));
#529 = CARTESIAN_POINT('',(3.009015716712,134.10848315071));
#530 = CARTESIAN_POINT('',(3.002668553522,135.6944777418));
#531 = CARTESIAN_POINT('',(2.996622297411,137.33890440366));
#532 = CARTESIAN_POINT('',(2.9908738881,139.03561577033));
#533 = CARTESIAN_POINT('',(2.980819915254,142.24933637013));
#534 = CARTESIAN_POINT('',(2.976428325144,143.75320709836));
#535 = CARTESIAN_POINT('',(2.972242159618,145.28756613838));
#536 = CARTESIAN_POINT('',(2.968258523505,146.84967820901));
#537 = CARTESIAN_POINT('',(2.964474542444,148.43709257946));
#538 = CARTESIAN_POINT('',(2.960887423902,150.04761426251));
#539 = CARTESIAN_POINT('',(2.946898208715,156.77507975349));
#540 = CARTESIAN_POINT('',(2.938190281905,162.07990313878));
#541 = CARTESIAN_POINT('',(2.931300528743,167.53099460843));
#542 = CARTESIAN_POINT('',(2.926171997319,173.08257928365));
#543 = CARTESIAN_POINT('',(2.922764959592,178.69823398224));
#544 = CARTESIAN_POINT('',(2.921059392669,184.34723201056));
#545 = CARTESIAN_POINT('',(2.921059392669,190.));
#546 = ( GEOMETRIC_REPRESENTATION_CONTEXT(2) 
PARAMETRIC_REPRESENTATION_CONTEXT() REPRESENTATION_CONTEXT('2D SPACE',''
  ) );
#547 = PCURVE('',#548,#553);
#548 = CYLINDRICAL_SURFACE('',#549,70.);
#549 = AXIS2_PLACEMENT_3D('',#550,#551,#552);
#550 = CARTESIAN_POINT('',(-321.,0.,2.39E+03));
#551 = DIRECTION('',(-1.,-0.,-0.));
#552 = DIRECTION('',(0.,1.,0.));
#553 = DEFINITIONAL_REPRESENTATION('',(#554),#623);
#554 = B_SPLINE_CURVE_WITH_KNOTS('',7,(#555,#556,#557,#558,#559,#560,
    #561,#562,#563,#564,#565,#566,#567,#568,#569,#570,#571,#572,#573,
    #574,#575,#576,#577,#578,#579,#580,#581,#582,#583,#584,#585,#586,
    #587,#588,#589,#590,#591,#592,#593,#594,#595,#596,#597,#598,#599,
    #600,#601,#602,#603,#604,#605,#606,#607,#608,#609,#610,#611,#612,
    #613,#614,#615,#616,#617,#618,#619,#620,#621,#622),.UNSPECIFIED.,.F.
  ,.F.,(8,6,6,6,6,6,6,6,6,6,6,8),(0.,4.987959804705E-02,0.248084579671,
    0.311471129767,0.386629082168,0.46951570669,0.525061065572,
    0.580606640828,0.663493479293,0.738651626568,0.802038341017,1.),
  .UNSPECIFIED.);
#555 = CARTESIAN_POINT('',(-2.998245076024,-8.590012944528));
#556 = CARTESIAN_POINT('',(-3.01868655924,-8.635345284798));
#557 = CARTESIAN_POINT('',(-3.039096672587,-8.673281450337));
#558 = CARTESIAN_POINT('',(-3.059481716238,-8.703748220296));
#559 = CARTESIAN_POINT('',(-3.079847966974,-8.726690640939));
#560 = CARTESIAN_POINT('',(-3.100201678184,-8.742072025635));
#561 = CARTESIAN_POINT('',(-3.120549079865,-8.749873954864));
#562 = CARTESIAN_POINT('',(-3.221749796335,-8.750979707531));
#563 = CARTESIAN_POINT('',(-3.302546776512,-8.632178253212));
#564 = CARTESIAN_POINT('',(-3.383726702259,-8.393958731885));
#565 = CARTESIAN_POINT('',(-3.465706457477,-8.040639678212));
#566 = CARTESIAN_POINT('',(-3.548911695985,-7.580836233131));
#567 = CARTESIAN_POINT('',(-3.633796271032,-7.028929208226));
#568 = CARTESIAN_POINT('',(-3.748747359268,-6.208687680706));
#569 = CARTESIAN_POINT('',(-3.776832537574,-6.002782353151));
#570 = CARTESIAN_POINT('',(-3.805168391095,-5.790444304645));
#571 = CARTESIAN_POINT('',(-3.833774616043,-5.57248096664));
#572 = CARTESIAN_POINT('',(-3.862671372223,-5.349799139639));
#573 = CARTESIAN_POINT('',(-3.891879479998,-5.12341585323));
#574 = CARTESIAN_POINT('',(-3.956447786006,-4.623005332329));
#575 = CARTESIAN_POINT('',(-3.991952710329,-4.347863546369));
#576 = CARTESIAN_POINT('',(-4.027962364262,-4.071012174683));
#577 = CARTESIAN_POINT('',(-4.0645053207,-3.794663441779));
#578 = CARTESIAN_POINT('',(-4.101611871557,-3.521288697758));
#579 = CARTESIAN_POINT('',(-4.139314657222,-3.253616612061));
#580 = CARTESIAN_POINT('',(-4.219927048414,-2.70897827273));
#581 = CARTESIAN_POINT('',(-4.26303860187,-2.433446202659));
#582 = CARTESIAN_POINT('',(-4.306930039255,-2.172779907406));
#583 = CARTESIAN_POINT('',(-4.351558318559,-1.931873256429));
#584 = CARTESIAN_POINT('',(-4.396890660122,-1.715534196679));
#585 = CARTESIAN_POINT('',(-4.442903424573,-1.528266724792));
#586 = CARTESIAN_POINT('',(-4.520861335227,-1.270708507254));
#587 = CARTESIAN_POINT('',(-4.552414550848,-1.182292901301));
#588 = CARTESIAN_POINT('',(-4.584184119045,-1.110128925269));
#589 = CARTESIAN_POINT('',(-4.616116919463,-1.055265806184));
#590 = CARTESIAN_POINT('',(-4.64816201644,-1.018430241328));
#591 = CARTESIAN_POINT('',(-4.680269442716,-1.));
#592 = CARTESIAN_POINT('',(-4.744508643173,-1.));
#593 = CARTESIAN_POINT('',(-4.776616090454,-1.018430384925));
#594 = CARTESIAN_POINT('',(-4.80866114671,-1.055266021746));
#595 = CARTESIAN_POINT('',(-4.840593881285,-1.110129068878));
#596 = CARTESIAN_POINT('',(-4.872363391007,-1.182292880062));
#597 = CARTESIAN_POINT('',(-4.903916584758,-1.27070837251));
#598 = CARTESIAN_POINT('',(-4.981874535708,-1.528266723179));
#599 = CARTESIAN_POINT('',(-5.027887301146,-1.715534199327));
#600 = CARTESIAN_POINT('',(-5.073219642604,-1.931873257799));
#601 = CARTESIAN_POINT('',(-5.117847921112,-2.172779904755));
#602 = CARTESIAN_POINT('',(-5.161739358399,-2.433446200258));
#603 = CARTESIAN_POINT('',(-5.20485091285,-2.70897827607));
#604 = CARTESIAN_POINT('',(-5.285463303548,-3.253616612065));
#605 = CARTESIAN_POINT('',(-5.323166089213,-3.521288697759));
#606 = CARTESIAN_POINT('',(-5.360272640069,-3.794663441776));
#607 = CARTESIAN_POINT('',(-5.396815596507,-4.071012174679));
#608 = CARTESIAN_POINT('',(-5.432825250441,-4.34786354637));
#609 = CARTESIAN_POINT('',(-5.468330174764,-4.623005332334));
#610 = CARTESIAN_POINT('',(-5.532898480772,-5.12341585323));
#611 = CARTESIAN_POINT('',(-5.562106588547,-5.349799139639));
#612 = CARTESIAN_POINT('',(-5.591003344727,-5.57248096664));
#613 = CARTESIAN_POINT('',(-5.619609569674,-5.790444304645));
#614 = CARTESIAN_POINT('',(-5.647945423195,-6.002782353152));
#615 = CARTESIAN_POINT('',(-5.676030601502,-6.208687680706));
#616 = CARTESIAN_POINT('',(-5.790874540988,-7.028164640833));
#617 = CARTESIAN_POINT('',(-5.875657408811,-7.579478201224));
#618 = CARTESIAN_POINT('',(-5.958764341124,-8.038941755955));
#619 = CARTESIAN_POINT('',(-6.040647645551,-8.392218065649));
#620 = CARTESIAN_POINT('',(-6.121731530353,-8.630710346082));
#621 = CARTESIAN_POINT('',(-6.202431478759,-8.75010008008));
#622 = CARTESIAN_POINT('',(-6.28318530718,-8.75010008008));
#623 = ( GEOMETRIC_REPRESENTATION_CONTEXT(2) 
PARAMETRIC_REPRESENTATION_CONTEXT() REPRESENTATION_CONTEXT('2D SPACE',''
  ) );
#624 = ORIENTED_EDGE('',*,*,#625,.T.);
#625 = EDGE_CURVE('',#403,#24,#626,.T.);
#626 = SURFACE_CURVE('',#627,(#633,#642),.PCURVE_S1.);
#627 = B_SPLINE_CURVE_WITH_KNOTS('',4,(#628,#629,#630,#631,#632),
  .UNSPECIFIED.,.F.,.F.,(5,5),(0.,1.),.PIECEWISE_BEZIER_KNOTS.);
#628 = CARTESIAN_POINT('',(-312.2498999199,70.,2.39E+03));
#629 = CARTESIAN_POINT('',(-312.2498999199,70.,2.392504729362E+03));
#630 = CARTESIAN_POINT('',(-312.2766885406,69.88050183114,
    2.395009435658E+03));
#631 = CARTESIAN_POINT('',(-312.330267643,69.641506957586,
    2.397509486688E+03));
#632 = CARTESIAN_POINT('',(-312.4099870554,69.282032216153,
    2.4000000006E+03));
#633 = PCURVE('',#33,#634);
#634 = DEFINITIONAL_REPRESENTATION('',(#635),#641);
#635 = B_SPLINE_CURVE_WITH_KNOTS('',4,(#636,#637,#638,#639,#640),
  .UNSPECIFIED.,.F.,.F.,(5,5),(0.,1.),.PIECEWISE_BEZIER_KNOTS.);
#636 = CARTESIAN_POINT('',(2.921059392669,190.));
#637 = CARTESIAN_POINT('',(2.921059392669,192.50472936215));
#638 = CARTESIAN_POINT('',(2.921442093244,195.00943565791));
#639 = CARTESIAN_POINT('',(2.922207488892,197.50948668774));
#640 = CARTESIAN_POINT('',(2.9233581395,200.0000006));
#641 = ( GEOMETRIC_REPRESENTATION_CONTEXT(2) 
PARAMETRIC_REPRESENTATION_CONTEXT() REPRESENTATION_CONTEXT('2D SPACE',''
  ) );
#642 = PCURVE('',#548,#643);
#643 = DEFINITIONAL_REPRESENTATION('',(#644),#650);
#644 = B_SPLINE_CURVE_WITH_KNOTS('',4,(#645,#646,#647,#648,#649),
  .UNSPECIFIED.,.F.,.F.,(5,5),(0.,1.),.PIECEWISE_BEZIER_KNOTS.);
#645 = CARTESIAN_POINT('',(0.,-8.75010008008));
#646 = CARTESIAN_POINT('',(-3.578184803079E-02,-8.75010008008));
#647 = CARTESIAN_POINT('',(-7.156351487679E-02,-8.723311459359));
#648 = CARTESIAN_POINT('',(-0.107400105579,-8.669732356995));
#649 = CARTESIAN_POINT('',(-0.143347577566,-8.590012944528));
#650 = ( GEOMETRIC_REPRESENTATION_CONTEXT(2) 
PARAMETRIC_REPRESENTATION_CONTEXT() REPRESENTATION_CONTEXT('2D SPACE',''
  ) );
#651 = ADVANCED_FACE('',(#652),#45,.T.);
#652 = FACE_BOUND('',#653,.T.);
#653 = EDGE_LOOP('',(#654,#758,#759,#861,#862,#964,#988,#1015));
#654 = ORIENTED_EDGE('',*,*,#655,.F.);
#655 = EDGE_CURVE('',#22,#656,#658,.T.);
#656 = VERTEX_POINT('',#657);
#657 = CARTESIAN_POINT('',(314.32467291003,-7.698734091446E-14,2.46E+03)
  );
#658 = SURFACE_CURVE('',#659,(#690,#724),.PCURVE_S1.);
#659 = B_SPLINE_CURVE_WITH_KNOTS('',8,(#660,#661,#662,#663,#664,#665,
    #666,#667,#668,#669,#670,#671,#672,#673,#674,#675,#676,#677,#678,
    #679,#680,#681,#682,#683,#684,#685,#686,#687,#688,#689),
  .UNSPECIFIED.,.F.,.F.,(9,7,7,7,9),(0.,0.272463846696,0.451898485449,
    0.633448265468,1.),.UNSPECIFIED.);
#660 = CARTESIAN_POINT('',(312.40998703626,69.282032302755,2.4E+03));
#661 = CARTESIAN_POINT('',(312.51773980505,68.796148156716,
    2.40336630411E+03));
#662 = CARTESIAN_POINT('',(312.62459252595,68.123306970361,
    2.406705816757E+03));
#663 = CARTESIAN_POINT('',(312.73015315468,67.265245283592,
    2.410006251295E+03));
#664 = CARTESIAN_POINT('',(312.83404091255,66.224665366389,
    2.41325564644E+03));
#665 = CARTESIAN_POINT('',(312.9358854327,65.005154671909,
    2.416442341805E+03));
#666 = CARTESIAN_POINT('',(313.03532649259,63.611159222736,
    2.419554972388E+03));
#667 = CARTESIAN_POINT('',(313.13201433286,62.048010930302,
    2.422582481995E+03));
#668 = CARTESIAN_POINT('',(313.28724958655,59.1853275447,
    2.427444847707E+03));
#669 = CARTESIAN_POINT('',(313.34754981703,57.977977857841,
    2.429334039571E+03));
#670 = CARTESIAN_POINT('',(313.40641531287,56.70173500892,
    2.431178693078E+03));
#671 = CARTESIAN_POINT('',(313.46375378268,55.358521367597,
    2.432975881633E+03));
#672 = CARTESIAN_POINT('',(313.51947643666,53.950400890884,
    2.434722786126E+03));
#673 = CARTESIAN_POINT('',(313.57349793256,52.479577355925,
    2.436416693826E+03));
#674 = CARTESIAN_POINT('',(313.62573641524,50.948396385883,
    2.438055000207E+03));
#675 = CARTESIAN_POINT('',(313.72708472227,47.751574791423,
    2.441234054514E+03));
#676 = CARTESIAN_POINT('',(313.77615120882,46.084536684574,
    2.442773449916E+03));
#677 = CARTESIAN_POINT('',(313.82323194807,44.360817004591,
    2.444250815256E+03));
#678 = CARTESIAN_POINT('',(313.86825068389,42.583115868926,
    2.445663719114E+03));
#679 = CARTESIAN_POINT('',(313.91113585967,40.754248741724,
    2.44700987755E+03));
#680 = CARTESIAN_POINT('',(313.95182054524,38.877144879834,
    2.448287152447E+03));
#681 = CARTESIAN_POINT('',(313.99024249658,36.954848939345,
    2.449493553986E+03));
#682 = CARTESIAN_POINT('',(314.09923453,31.024527684923,
    2.452916190968E+03));
#683 = CARTESIAN_POINT('',(314.16267797914,26.886611864981,
    2.454909089606E+03));
#684 = CARTESIAN_POINT('',(314.21618647671,22.603340626803,
    2.456590336358E+03));
#685 = CARTESIAN_POINT('',(314.25938181908,18.202286504628,
    2.457947806416E+03));
#686 = CARTESIAN_POINT('',(314.2919772467,13.711842809546,
    2.458972294632E+03));
#687 = CARTESIAN_POINT('',(314.31377604523,9.161191111305,
    2.459657484654E+03));
#688 = CARTESIAN_POINT('',(314.32467291003,4.580290785035,2.46E+03));
#689 = CARTESIAN_POINT('',(314.32467291003,2.143131898508E-15,2.46E+03)
  );
#690 = PCURVE('',#45,#691);
#691 = DEFINITIONAL_REPRESENTATION('',(#692),#723);
#692 = B_SPLINE_CURVE_WITH_KNOTS('',8,(#693,#694,#695,#696,#697,#698,
    #699,#700,#701,#702,#703,#704,#705,#706,#707,#708,#709,#710,#711,
    #712,#713,#714,#715,#716,#717,#718,#719,#720,#721,#722),
  .UNSPECIFIED.,.F.,.F.,(9,7,7,7,9),(0.,0.272463846696,0.451898485449,
    0.633448265468,1.),.UNSPECIFIED.);
#693 = CARTESIAN_POINT('',(0.218234514367,0.));
#694 = CARTESIAN_POINT('',(0.216679237116,1.051970034415E-02));
#695 = CARTESIAN_POINT('',(0.21455418477,2.095567771634E-02));
#696 = CARTESIAN_POINT('',(0.211864131607,3.127130867064E-02));
#697 = CARTESIAN_POINT('',(0.20861599132,4.143087235866E-02));
#698 = CARTESIAN_POINT('',(0.204818674074,5.139933898527E-02));
#699 = CARTESIAN_POINT('',(0.20048316877,6.114225378976E-02));
#700 = CARTESIAN_POINT('',(0.195622850513,7.062571655261E-02));
#701 = CARTESIAN_POINT('',(0.186718295131,8.586913901208E-02));
#702 = CARTESIAN_POINT('',(0.182961911507,9.179506787327E-02));
#703 = CARTESIAN_POINT('',(0.178989441028,9.758481120326E-02));
#704 = CARTESIAN_POINT('',(0.174805900107,0.103229204848));
#705 = CARTESIAN_POINT('',(0.17041675885,0.108719338353));
#706 = CARTESIAN_POINT('',(0.165827967127,0.114046553793));
#707 = CARTESIAN_POINT('',(0.161045990824,0.119202457591));
#708 = CARTESIAN_POINT('',(0.151051162328,0.129214094937));
#709 = CARTESIAN_POINT('',(0.145833816427,0.134065652785));
#710 = CARTESIAN_POINT('',(0.140433092378,0.138725212185));
#711 = CARTESIAN_POINT('',(0.134856741347,0.143184778683));
#712 = CARTESIAN_POINT('',(0.129113007696,0.147436763396));
#713 = CARTESIAN_POINT('',(0.123210645306,0.151473991521));
#714 = CARTESIAN_POINT('',(0.117158936395,0.155289726005));
#715 = CARTESIAN_POINT('',(9.846753940242E-02,0.166121892693));
#716 = CARTESIAN_POINT('',(8.539676373327E-02,0.172438747496));
#717 = CARTESIAN_POINT('',(7.183791107831E-02,0.177775151048));
#718 = CARTESIAN_POINT('',(5.78795432759E-02,0.182088757649));
#719 = CARTESIAN_POINT('',(4.361577395648E-02,0.185346819953));
#720 = CARTESIAN_POINT('',(2.914563160064E-02,0.187526699673));
#721 = CARTESIAN_POINT('',(1.457184618258E-02,0.188616386175));
#722 = CARTESIAN_POINT('',(6.81821086034E-18,0.188616386175));
#723 = ( GEOMETRIC_REPRESENTATION_CONTEXT(2) 
PARAMETRIC_REPRESENTATION_CONTEXT() REPRESENTATION_CONTEXT('2D SPACE',''
  ) );
#724 = PCURVE('',#76,#725);
#725 = DEFINITIONAL_REPRESENTATION('',(#726),#757);
#726 = B_SPLINE_CURVE_WITH_KNOTS('',8,(#727,#728,#729,#730,#731,#732,
    #733,#734,#735,#736,#737,#738,#739,#740,#741,#742,#743,#744,#745,
    #746,#747,#748,#749,#750,#751,#752,#753,#754,#755,#756),
  .UNSPECIFIED.,.F.,.F.,(9,7,7,7,9),(0.,0.272463846696,0.451898485449,
    0.633448265468,1.),.UNSPECIFIED.);
#727 = CARTESIAN_POINT('',(-0.143347568905,-633.4099870362));
#728 = CARTESIAN_POINT('',(-0.191935983509,-633.517739805));
#729 = CARTESIAN_POINT('',(-0.240527116049,-633.6245925259));
#730 = CARTESIAN_POINT('',(-0.289118574538,-633.7301531546));
#731 = CARTESIAN_POINT('',(-0.337710462191,-633.8340409125));
#732 = CARTESIAN_POINT('',(-0.386304120696,-633.9358854327));
#733 = CARTESIAN_POINT('',(-0.434900865992,-634.0353264925));
#734 = CARTESIAN_POINT('',(-0.483500716548,-634.1320143328));
#735 = CARTESIAN_POINT('',(-0.564107543221,-634.2872495865));
#736 = CARTESIAN_POINT('',(-0.596115267362,-634.347549817));
#737 = CARTESIAN_POINT('',(-0.628123985684,-634.4064153128));
#738 = CARTESIAN_POINT('',(-0.660133708853,-634.4637537826));
#739 = CARTESIAN_POINT('',(-0.69214459943,-634.5194764366));
#740 = CARTESIAN_POINT('',(-0.724156811219,-634.5734979325));
#741 = CARTESIAN_POINT('',(-0.756170327576,-634.6257364152));
#742 = CARTESIAN_POINT('',(-0.820576650306,-634.7270847222));
#743 = CARTESIAN_POINT('',(-0.852969986202,-634.7761512088));
#744 = CARTESIAN_POINT('',(-0.885364428932,-634.823231948));
#745 = CARTESIAN_POINT('',(-0.917759935507,-634.8682506838));
#746 = CARTESIAN_POINT('',(-0.950156626201,-634.9111358596));
#747 = CARTESIAN_POINT('',(-0.982554612256,-634.9518205452));
#748 = CARTESIAN_POINT('',(-1.014953822495,-634.9902424965));
#749 = CARTESIAN_POINT('',(-1.112769928687,-635.09923453));
#750 = CARTESIAN_POINT('',(-1.178199113407,-635.1626779791));
#751 = CARTESIAN_POINT('',(-1.243627865761,-635.2161864767));
#752 = CARTESIAN_POINT('',(-1.309055658226,-635.259381819));
#753 = CARTESIAN_POINT('',(-1.374485956672,-635.2919772467));
#754 = CARTESIAN_POINT('',(-1.439922170398,-635.3137760452));
#755 = CARTESIAN_POINT('',(-1.505363601294,-635.32467291));
#756 = CARTESIAN_POINT('',(-1.570796326795,-635.32467291));
#757 = ( GEOMETRIC_REPRESENTATION_CONTEXT(2) 
PARAMETRIC_REPRESENTATION_CONTEXT() REPRESENTATION_CONTEXT('2D SPACE',''
  ) );
#758 = ORIENTED_EDGE('',*,*,#21,.T.);
#759 = ORIENTED_EDGE('',*,*,#760,.T.);
#760 = EDGE_CURVE('',#24,#380,#761,.T.);
#761 = SURFACE_CURVE('',#762,(#793,#827),.PCURVE_S1.);
#762 = B_SPLINE_CURVE_WITH_KNOTS('',8,(#763,#764,#765,#766,#767,#768,
    #769,#770,#771,#772,#773,#774,#775,#776,#777,#778,#779,#780,#781,
    #782,#783,#784,#785,#786,#787,#788,#789,#790,#791,#792),
  .UNSPECIFIED.,.F.,.F.,(9,7,7,7,9),(0.,0.25080391355,0.50037306873,
    0.749942554187,1.),.UNSPECIFIED.);
#763 = CARTESIAN_POINT('',(-312.4099870362,69.282032302755,2.4E+03));
#764 = CARTESIAN_POINT('',(-312.608330833,68.387650586157,
    2.406196458298E+03));
#765 = CARTESIAN_POINT('',(-312.8036995816,66.859468220834,
    2.412304469156E+03));
#766 = CARTESIAN_POINT('',(-312.9935469391,64.707919926475,
    2.418244246192E+03));
#767 = CARTESIAN_POINT('',(-313.1755349436,61.955952611088,
    2.423942195048E+03));
#768 = CARTESIAN_POINT('',(-313.3474793883,58.635287801561,
    2.429329268278E+03));
#769 = CARTESIAN_POINT('',(-313.5073578325,54.786708248759,
    2.434341295649E+03));
#770 = CARTESIAN_POINT('',(-313.6533051556,50.459670387787,
    2.438918941814E+03));
#771 = CARTESIAN_POINT('',(-313.9134222349,40.995319177064,
    2.44708099137E+03));
#772 = CARTESIAN_POINT('',(-314.0278608203,35.857882214883,
    2.450673811115E+03));
#773 = CARTESIAN_POINT('',(-314.1253372004,30.363049879243,
    2.45373551418E+03));
#774 = CARTESIAN_POINT('',(-314.204596764,24.575716296735,
    2.456225932192E+03));
#775 = CARTESIAN_POINT('',(-314.2646722812,18.564386992019,
    2.458114030513E+03));
#776 = CARTESIAN_POINT('',(-314.3048948343,12.401172799127,
    2.459378326288E+03));
#777 = CARTESIAN_POINT('',(-314.3248831876,6.161527434893,
    2.460006609545E+03));
#778 = CARTESIAN_POINT('',(-314.3244601002,-6.310811160412,
    2.459993310864E+03));
#779 = CARTESIAN_POINT('',(-314.3040484159,-12.54910772171,
    2.459351721271E+03));
#780 = CARTESIAN_POINT('',(-314.2634076357,-18.70961397272,
    2.458074283005E+03));
#781 = CARTESIAN_POINT('',(-314.2029240346,-24.7169027223,
    2.456173367867E+03));
#782 = CARTESIAN_POINT('',(-314.1232713503,-30.49890967521,
    2.453670613194E+03));
#783 = CARTESIAN_POINT('',(-314.0254214048,-35.98719639892,
    2.450597200106E+03));
#784 = CARTESIAN_POINT('',(-313.9106331788,-41.11695549768,
    2.446993435365E+03));
#785 = CARTESIAN_POINT('',(-313.6502603038,-50.54977217407,
    2.438823440352E+03));
#786 = CARTESIAN_POINT('',(-313.5044997263,-54.85540173788,
    2.43425169734E+03));
#787 = CARTESIAN_POINT('',(-313.3449180833,-58.68468902302,
    2.42924902211E+03));
#788 = CARTESIAN_POINT('',(-313.1733662059,-61.98871119992,
    2.42387429322E+03));
#789 = CARTESIAN_POINT('',(-312.9918502327,-64.7271294156,
    2.418191161264E+03));
#790 = CARTESIAN_POINT('',(-312.8025358431,-66.86856262092,
    2.41226808608E+03));
#791 = CARTESIAN_POINT('',(-312.6077405147,-68.39031247879,
    2.406178016165E+03));
#792 = CARTESIAN_POINT('',(-312.4099870362,-69.28203230275,2.4E+03));
#793 = PCURVE('',#45,#794);
#794 = DEFINITIONAL_REPRESENTATION('',(#795),#826);
#795 = B_SPLINE_CURVE_WITH_KNOTS('',8,(#796,#797,#798,#799,#800,#801,
    #802,#803,#804,#805,#806,#807,#808,#809,#810,#811,#812,#813,#814,
    #815,#816,#817,#818,#819,#820,#821,#822,#823,#824,#825),
  .UNSPECIFIED.,.F.,.F.,(9,7,7,7,9),(0.,0.25080391355,0.50037306873,
    0.749942554187,1.),.UNSPECIFIED.);
#796 = CARTESIAN_POINT('',(2.923358139222,0.));
#797 = CARTESIAN_POINT('',(2.926220985334,1.936393218136E-02));
#798 = CARTESIAN_POINT('',(2.931015467665,3.845146593417E-02));
#799 = CARTESIAN_POINT('',(2.937712970088,5.702433421279E-02));
#800 = CARTESIAN_POINT('',(2.946255932821,7.486228649486E-02));
#801 = CARTESIAN_POINT('',(2.956567429857,9.175518584743E-02));
#802 = CARTESIAN_POINT('',(2.968544979103,0.107502298509));
#803 = CARTESIAN_POINT('',(2.982055135993,0.121912628942));
#804 = CARTESIAN_POINT('',(3.011708506525,0.147652590538));
#805 = CARTESIAN_POINT('',(3.027851644033,0.159008510404));
#806 = CARTESIAN_POINT('',(3.045174854672,0.168707939012));
#807 = CARTESIAN_POINT('',(3.063480782538,0.176613704005));
#808 = CARTESIAN_POINT('',(3.082549669842,0.18261628764));
#809 = CARTESIAN_POINT('',(3.102139100975,0.186638578383));
#810 = CARTESIAN_POINT('',(3.121990224348,0.188637413937));
#811 = CARTESIAN_POINT('',(3.161670017624,0.188595105199));
#812 = CARTESIAN_POINT('',(3.181516514155,0.186553936552));
#813 = CARTESIAN_POINT('',(3.201096658196,0.18248989923));
#814 = CARTESIAN_POINT('',(3.220151750599,0.176446735897));
#815 = CARTESIAN_POINT('',(3.238439660256,0.168502095368));
#816 = CARTESIAN_POINT('',(3.255741010281,0.158765969428));
#817 = CARTESIAN_POINT('',(3.271858871623,0.147375942327));
#818 = CARTESIAN_POINT('',(3.301411485265,0.12161199828));
#819 = CARTESIAN_POINT('',(3.31485411313,0.107220797054));
#820 = CARTESIAN_POINT('',(3.326771280409,9.150355062125E-02));
#821 = CARTESIAN_POINT('',(3.337031068041,7.464971473471E-02));
#822 = CARTESIAN_POINT('',(3.345532134866,5.685834529212E-02));
#823 = CARTESIAN_POINT('',(3.352198372793,3.833776882805E-02));
#824 = CARTESIAN_POINT('',(3.356972842356,1.930630051513E-02));
#825 = CARTESIAN_POINT('',(3.359827167957,0.));
#826 = ( GEOMETRIC_REPRESENTATION_CONTEXT(2) 
PARAMETRIC_REPRESENTATION_CONTEXT() REPRESENTATION_CONTEXT('2D SPACE',''
  ) );
#827 = PCURVE('',#548,#828);
#828 = DEFINITIONAL_REPRESENTATION('',(#829),#860);
#829 = B_SPLINE_CURVE_WITH_KNOTS('',8,(#830,#831,#832,#833,#834,#835,
    #836,#837,#838,#839,#840,#841,#842,#843,#844,#845,#846,#847,#848,
    #849,#850,#851,#852,#853,#854,#855,#856,#857,#858,#859),
  .UNSPECIFIED.,.F.,.F.,(9,7,7,7,9),(0.,0.25080391355,0.50037306873,
    0.749942554187,1.),.UNSPECIFIED.);
#830 = CARTESIAN_POINT('',(-0.143347568905,-8.590012963734));
#831 = CARTESIAN_POINT('',(-0.232785740565,-8.391669166955));
#832 = CARTESIAN_POINT('',(-0.322266771802,-8.196300418363));
#833 = CARTESIAN_POINT('',(-0.411731722669,-8.006453060872));
#834 = CARTESIAN_POINT('',(-0.501186635865,-7.824465056345));
#835 = CARTESIAN_POINT('',(-0.590649551502,-7.652520611613));
#836 = CARTESIAN_POINT('',(-0.680138217247,-7.492642167445));
#837 = CARTESIAN_POINT('',(-0.76965803329,-7.346694844324));
#838 = CARTESIAN_POINT('',(-0.948196885631,-7.086577765085));
#839 = CARTESIAN_POINT('',(-1.037295710726,-6.972139179653));
#840 = CARTESIAN_POINT('',(-1.126382047822,-6.874662799552));
#841 = CARTESIAN_POINT('',(-1.215459036179,-6.795403235937));
#842 = CARTESIAN_POINT('',(-1.304542068501,-6.735327718792));
#843 = CARTESIAN_POINT('',(-1.393646320882,-6.695105165681));
#844 = CARTESIAN_POINT('',(-1.482774455856,-6.67511681234));
#845 = CARTESIAN_POINT('',(-1.660950822788,-6.675539899736));
#846 = CARTESIAN_POINT('',(-1.750079032107,-6.695951584018));
#847 = CARTESIAN_POINT('',(-1.839183320073,-6.736592364243));
#848 = CARTESIAN_POINT('',(-1.928266353634,-6.797075965373));
#849 = CARTESIAN_POINT('',(-2.017343313225,-6.876728649605));
#850 = CARTESIAN_POINT('',(-2.106429596921,-6.974578595158));
#851 = CARTESIAN_POINT('',(-2.195528350809,-7.089366821192));
#852 = CARTESIAN_POINT('',(-2.373800585284,-7.349739696158));
#853 = CARTESIAN_POINT('',(-2.463053328822,-7.495500273632));
#854 = CARTESIAN_POINT('',(-2.552275321825,-7.655081916652));
#855 = CARTESIAN_POINT('',(-2.641471844169,-7.826633794065));
#856 = CARTESIAN_POINT('',(-2.730660421482,-8.00814976722));
#857 = CARTESIAN_POINT('',(-2.819858868088,-8.197464156855));
#858 = CARTESIAN_POINT('',(-2.909073102289,-8.392259485253));
#859 = CARTESIAN_POINT('',(-2.998245084684,-8.590012963734));
#860 = ( GEOMETRIC_REPRESENTATION_CONTEXT(2) 
PARAMETRIC_REPRESENTATION_CONTEXT() REPRESENTATION_CONTEXT('2D SPACE',''
  ) );
#861 = ORIENTED_EDGE('',*,*,#379,.T.);
#862 = ORIENTED_EDGE('',*,*,#863,.F.);
#863 = EDGE_CURVE('',#656,#252,#864,.T.);
#864 = SURFACE_CURVE('',#865,(#896,#930),.PCURVE_S1.);
#865 = B_SPLINE_CURVE_WITH_KNOTS('',8,(#866,#867,#868,#869,#870,#871,
    #872,#873,#874,#875,#876,#877,#878,#879,#880,#881,#882,#883,#884,
    #885,#886,#887,#888,#889,#890,#891,#892,#893,#894,#895),
  .UNSPECIFIED.,.F.,.F.,(9,7,7,7,9),(0.,0.366476938216,0.54728881145,
    0.726487838322,1.),.UNSPECIFIED.);
#866 = CARTESIAN_POINT('',(314.32467291003,0.,2.46E+03));
#867 = CARTESIAN_POINT('',(314.32467291003,-4.579355993598,2.46E+03));
#868 = CARTESIAN_POINT('',(314.31378049266,-9.159320872375,
    2.459657624447E+03));
#869 = CARTESIAN_POINT('',(314.29199059547,-13.70905576135,
    2.458972714217E+03));
#870 = CARTESIAN_POINT('',(314.25940843418,-18.19861962745,
    2.457948642939E+03));
#871 = CARTESIAN_POINT('',(314.21623056275,-22.59884846793,
    2.45659172182E+03));
#872 = CARTESIAN_POINT('',(314.16274350923,-26.8813657397,
    2.454911148574E+03));
#873 = CARTESIAN_POINT('',(314.09932517456,-31.01861484893,
    2.452919038314E+03));
#874 = CARTESIAN_POINT('',(313.99051493291,-36.94050823291,
    2.449502108777E+03));
#875 = CARTESIAN_POINT('',(313.9522650706,-38.85528938362,
    2.448301109569E+03));
#876 = CARTESIAN_POINT('',(313.91177044986,-40.7252653566,
    2.447029799789E+03));
#877 = CARTESIAN_POINT('',(313.86909252692,-42.54742786314,
    2.445690144081E+03));
#878 = CARTESIAN_POINT('',(313.82429737082,-44.31888206297,
    2.444284253068E+03));
#879 = CARTESIAN_POINT('',(313.77745560503,-46.03684499643,
    2.442814380933E+03));
#880 = CARTESIAN_POINT('',(313.72864247896,-47.69864709858,
    2.441282927038E+03));
#881 = CARTESIAN_POINT('',(313.62768594402,-50.89052689321,
    2.438116143266E+03));
#882 = CARTESIAN_POINT('',(313.57557535219,-52.42167178476,
    2.43648183757E+03));
#883 = CARTESIAN_POINT('',(313.52168412758,-53.89268514342,
    2.434792003311E+03));
#884 = CARTESIAN_POINT('',(313.46609371121,-55.30122737599,
    2.433049231903E+03));
#885 = CARTESIAN_POINT('',(313.40888901864,-56.6450998549,
    2.431256222591E+03));
#886 = CARTESIAN_POINT('',(313.35015840058,-57.92224290981,
    2.429415780632E+03));
#887 = CARTESIAN_POINT('',(313.2899936967,-59.13073757895,
    2.427530818391E+03));
#888 = CARTESIAN_POINT('',(313.13461763864,-62.00585712936,
    2.422663997581E+03));
#889 = CARTESIAN_POINT('',(313.03762165652,-63.57893863756,
    2.419626814172E+03));
#890 = CARTESIAN_POINT('',(312.93784447625,-64.98166635654,
    2.416503640082E+03));
#891 = CARTESIAN_POINT('',(312.83563971208,-66.20863339737,
    2.413305653711E+03));
#892 = CARTESIAN_POINT('',(312.731371624,-67.25533217658,
    2.410044347738E+03));
#893 = CARTESIAN_POINT('',(312.62541479043,-68.11812648599,
    2.406731515351E+03));
#894 = CARTESIAN_POINT('',(312.51815438194,-68.79427872601,
    2.403379255906E+03));
#895 = CARTESIAN_POINT('',(312.40998703626,-69.28203230275,2.4E+03));
#896 = PCURVE('',#45,#897);
#897 = DEFINITIONAL_REPRESENTATION('',(#898),#929);
#898 = B_SPLINE_CURVE_WITH_KNOTS('',8,(#899,#900,#901,#902,#903,#904,
    #905,#906,#907,#908,#909,#910,#911,#912,#913,#914,#915,#916,#917,
    #918,#919,#920,#921,#922,#923,#924,#925,#926,#927,#928),
  .UNSPECIFIED.,.F.,.F.,(9,7,7,7,9),(0.,0.366476938216,0.54728881145,
    0.726487838322,1.),.UNSPECIFIED.);
#899 = CARTESIAN_POINT('',(6.28318530718,0.188616386175));
#900 = CARTESIAN_POINT('',(6.268616434965,0.188616386175));
#901 = CARTESIAN_POINT('',(6.254045625602,0.187527144416));
#902 = CARTESIAN_POINT('',(6.239578395469,0.18534815483));
#903 = CARTESIAN_POINT('',(6.22531741164,0.18209141795));
#904 = CARTESIAN_POINT('',(6.211361643422,0.177779553603));
#905 = CARTESIAN_POINT('',(6.197805150264,0.172445282815));
#906 = CARTESIAN_POINT('',(6.184736445169,0.166130917882));
#907 = CARTESIAN_POINT('',(6.166071550102,0.15531679396));
#908 = CARTESIAN_POINT('',(6.160043449454,0.151518130085));
#909 = CARTESIAN_POINT('',(6.154163421102,0.147499727999));
#910 = CARTESIAN_POINT('',(6.148440637486,0.14326823985));
#911 = CARTESIAN_POINT('',(6.142883751469,0.138830748806));
#912 = CARTESIAN_POINT('',(6.137500914712,0.134194745877));
#913 = CARTESIAN_POINT('',(6.132299793635,0.129368121532));
#914 = CARTESIAN_POINT('',(6.122320081318,0.119394902653));
#915 = CARTESIAN_POINT('',(6.117538058415,0.11425146997));
#916 = CARTESIAN_POINT('',(6.112948526083,0.108936938973));
#917 = CARTESIAN_POINT('',(6.108557936688,0.103459662964));
#918 = CARTESIAN_POINT('',(6.104372229138,9.782825894547E-02));
#919 = CARTESIAN_POINT('',(6.100396864848,9.205159582249E-02));
#920 = CARTESIAN_POINT('',(6.096636853636,8.613879549911E-02));
#921 = CARTESIAN_POINT('',(6.087693525682,7.088106066028E-02));
#922 = CARTESIAN_POINT('',(6.082802347615,6.136712878059E-02));
#923 = CARTESIAN_POINT('',(6.078439769943,5.159109005325E-02));
#924 = CARTESIAN_POINT('',(6.074619358131,4.158722547312E-02));
#925 = CARTESIAN_POINT('',(6.071352252802,3.139038059306E-02));
#926 = CARTESIAN_POINT('',(6.068647483792,2.10359858312E-02));
#927 = CARTESIAN_POINT('',(6.066512053966,1.056017470613E-02));
#928 = CARTESIAN_POINT('',(6.064950792812,0.));
#929 = ( GEOMETRIC_REPRESENTATION_CONTEXT(2) 
PARAMETRIC_REPRESENTATION_CONTEXT() REPRESENTATION_CONTEXT('2D SPACE',''
  ) );
#930 = PCURVE('',#76,#931);
#931 = DEFINITIONAL_REPRESENTATION('',(#932),#963);
#932 = B_SPLINE_CURVE_WITH_KNOTS('',8,(#933,#934,#935,#936,#937,#938,
    #939,#940,#941,#942,#943,#944,#945,#946,#947,#948,#949,#950,#951,
    #952,#953,#954,#955,#956,#957,#958,#959,#960,#961,#962),
  .UNSPECIFIED.,.F.,.F.,(9,7,7,7,9),(0.,0.366476938216,0.54728881145,
    0.726487838322,1.),.UNSPECIFIED.);
#933 = CARTESIAN_POINT('',(-1.570796326795,-635.32467291));
#934 = CARTESIAN_POINT('',(-1.636215698132,-635.32467291));
#935 = CARTESIAN_POINT('',(-1.701643765497,-635.3137804926));
#936 = CARTESIAN_POINT('',(-1.767066620605,-635.2919905954));
#937 = CARTESIAN_POINT('',(-1.83248356548,-635.2594084341));
#938 = CARTESIAN_POINT('',(-1.897898005984,-635.2162305627));
#939 = CARTESIAN_POINT('',(-1.963313404396,-635.1627435092));
#940 = CARTESIAN_POINT('',(-2.028729232876,-635.0993251745));
#941 = CARTESIAN_POINT('',(-2.126400305932,-634.9905149329));
#942 = CARTESIAN_POINT('',(-2.158667831821,-634.9522650706));
#943 = CARTESIAN_POINT('',(-2.190934145175,-634.9117704498));
#944 = CARTESIAN_POINT('',(-2.223199175835,-634.8690925269));
#945 = CARTESIAN_POINT('',(-2.255463032441,-634.8242973708));
#946 = CARTESIAN_POINT('',(-2.287725832528,-634.777455605));
#947 = CARTESIAN_POINT('',(-2.319987533683,-634.7286424789));
#948 = CARTESIAN_POINT('',(-2.384220235759,-634.627685944));
#949 = CARTESIAN_POINT('',(-2.416191752633,-634.5755753521));
#950 = CARTESIAN_POINT('',(-2.448161968594,-634.5216841275));
#951 = CARTESIAN_POINT('',(-2.480130866881,-634.4660937112));
#952 = CARTESIAN_POINT('',(-2.512098600092,-634.4088890186));
#953 = CARTESIAN_POINT('',(-2.544065329553,-634.3501584005));
#954 = CARTESIAN_POINT('',(-2.576031065689,-634.2899936967));
#955 = CARTESIAN_POINT('',(-2.656782962403,-634.1346176386));
#956 = CARTESIAN_POINT('',(-2.705569881772,-634.0376216565));
#957 = CARTESIAN_POINT('',(-2.75435365794,-633.9378444762));
#958 = CARTESIAN_POINT('',(-2.803134307489,-633.835639712));
#959 = CARTESIAN_POINT('',(-2.851913169286,-633.731371624));
#960 = CARTESIAN_POINT('',(-2.900691608286,-633.6254147904));
#961 = CARTESIAN_POINT('',(-2.94946972701,-633.5181543819));
#962 = CARTESIAN_POINT('',(-2.998245084684,-633.4099870362));
#963 = ( GEOMETRIC_REPRESENTATION_CONTEXT(2) 
PARAMETRIC_REPRESENTATION_CONTEXT() REPRESENTATION_CONTEXT('2D SPACE',''
  ) );
#964 = ORIENTED_EDGE('',*,*,#965,.T.);
#965 = EDGE_CURVE('',#656,#966,#968,.T.);
#966 = VERTEX_POINT('',#967);
#967 = CARTESIAN_POINT('',(89.999999999999,-2.204364238465E-14,
    2.707083050656E+03));
#968 = SEAM_CURVE('',#969,(#974,#981),.PCURVE_S1.);
#969 = CIRCLE('',#970,320.);
#970 = AXIS2_PLACEMENT_3D('',#971,#972,#973);
#971 = CARTESIAN_POINT('',(0.,0.,2.4E+03));
#972 = DIRECTION('',(-2.449293598295E-16,-1.,0.));
#973 = DIRECTION('',(1.,-2.449293598295E-16,0.));
#974 = PCURVE('',#45,#975);
#975 = DEFINITIONAL_REPRESENTATION('',(#976),#980);
#976 = LINE('',#977,#978);
#977 = CARTESIAN_POINT('',(0.,-6.28318530718));
#978 = VECTOR('',#979,1.);
#979 = DIRECTION('',(0.,1.));
#980 = ( GEOMETRIC_REPRESENTATION_CONTEXT(2) 
PARAMETRIC_REPRESENTATION_CONTEXT() REPRESENTATION_CONTEXT('2D SPACE',''
  ) );
#981 = PCURVE('',#45,#982);
#982 = DEFINITIONAL_REPRESENTATION('',(#983),#987);
#983 = LINE('',#984,#985);
#984 = CARTESIAN_POINT('',(6.28318530718,-6.28318530718));
#985 = VECTOR('',#986,1.);
#986 = DIRECTION('',(0.,1.));
#987 = ( GEOMETRIC_REPRESENTATION_CONTEXT(2) 
PARAMETRIC_REPRESENTATION_CONTEXT() REPRESENTATION_CONTEXT('2D SPACE',''
  ) );
#988 = ORIENTED_EDGE('',*,*,#989,.F.);
#989 = EDGE_CURVE('',#966,#966,#990,.T.);
#990 = SURFACE_CURVE('',#991,(#996,#1003),.PCURVE_S1.);
#991 = CIRCLE('',#992,90.);
#992 = AXIS2_PLACEMENT_3D('',#993,#994,#995);
#993 = CARTESIAN_POINT('',(0.,0.,2.707083050656E+03));
#994 = DIRECTION('',(0.,0.,1.));
#995 = DIRECTION('',(0.,-1.,0.));
#996 = PCURVE('',#45,#997);
#997 = DEFINITIONAL_REPRESENTATION('',(#998),#1002);
#998 = LINE('',#999,#1000);
#999 = CARTESIAN_POINT('',(-1.570796326795,1.285699886542));
#1000 = VECTOR('',#1001,1.);
#1001 = DIRECTION('',(1.,0.));
#1002 = ( GEOMETRIC_REPRESENTATION_CONTEXT(2) 
PARAMETRIC_REPRESENTATION_CONTEXT() REPRESENTATION_CONTEXT('2D SPACE',''
  ) );
#1003 = PCURVE('',#1004,#1009);
#1004 = CYLINDRICAL_SURFACE('',#1005,90.);
#1005 = AXIS2_PLACEMENT_3D('',#1006,#1007,#1008);
#1006 = CARTESIAN_POINT('',(0.,0.,2.399E+03));
#1007 = DIRECTION('',(0.,0.,1.));
#1008 = DIRECTION('',(1.,0.,0.));
#1009 = DEFINITIONAL_REPRESENTATION('',(#1010),#1014);
#1010 = LINE('',#1011,#1012);
#1011 = CARTESIAN_POINT('',(-1.570796326795,308.08305065568));
#1012 = VECTOR('',#1013,1.);
#1013 = DIRECTION('',(1.,0.));
#1014 = ( GEOMETRIC_REPRESENTATION_CONTEXT(2) 
PARAMETRIC_REPRESENTATION_CONTEXT() REPRESENTATION_CONTEXT('2D SPACE',''
  ) );
#1015 = ORIENTED_EDGE('',*,*,#965,.F.);
#1016 = ADVANCED_FACE('',(#1017),#548,.F.);
#1017 = FACE_BOUND('',#1018,.T.);
#1018 = EDGE_LOOP('',(#1019,#1020,#1043,#1077,#1186,#1402,#1403,#1404));
#1019 = ORIENTED_EDGE('',*,*,#625,.F.);
#1020 = ORIENTED_EDGE('',*,*,#1021,.T.);
#1021 = EDGE_CURVE('',#403,#1022,#1024,.T.);
#1022 = VERTEX_POINT('',#1023);
#1023 = CARTESIAN_POINT('',(-291.7190429162,70.,2.39E+03));
#1024 = SEAM_CURVE('',#1025,(#1029,#1036),.PCURVE_S1.);
#1025 = LINE('',#1026,#1027);
#1026 = CARTESIAN_POINT('',(-321.,70.,2.39E+03));
#1027 = VECTOR('',#1028,1.);
#1028 = DIRECTION('',(1.,0.,0.));
#1029 = PCURVE('',#548,#1030);
#1030 = DEFINITIONAL_REPRESENTATION('',(#1031),#1035);
#1031 = LINE('',#1032,#1033);
#1032 = CARTESIAN_POINT('',(-6.28318530718,0.));
#1033 = VECTOR('',#1034,1.);
#1034 = DIRECTION('',(-0.,-1.));
#1035 = ( GEOMETRIC_REPRESENTATION_CONTEXT(2) 
PARAMETRIC_REPRESENTATION_CONTEXT() REPRESENTATION_CONTEXT('2D SPACE',''
  ) );
#1036 = PCURVE('',#548,#1037);
#1037 = DEFINITIONAL_REPRESENTATION('',(#1038),#1042);
#1038 = LINE('',#1039,#1040);
#1039 = CARTESIAN_POINT('',(-0.,0.));
#1040 = VECTOR('',#1041,1.);
#1041 = DIRECTION('',(-0.,-1.));
#1042 = ( GEOMETRIC_REPRESENTATION_CONTEXT(2) 
PARAMETRIC_REPRESENTATION_CONTEXT() REPRESENTATION_CONTEXT('2D SPACE',''
  ) );
#1043 = ORIENTED_EDGE('',*,*,#1044,.T.);
#1044 = EDGE_CURVE('',#1022,#1045,#1047,.T.);
#1045 = VERTEX_POINT('',#1046);
#1046 = CARTESIAN_POINT('',(-291.8903903865,69.282032302755,2.4E+03));
#1047 = SURFACE_CURVE('',#1048,(#1054,#1063),.PCURVE_S1.);
#1048 = B_SPLINE_CURVE_WITH_KNOTS('',4,(#1049,#1050,#1051,#1052,#1053),
  .UNSPECIFIED.,.F.,.F.,(5,5),(0.,1.),.PIECEWISE_BEZIER_KNOTS.);
#1049 = CARTESIAN_POINT('',(-291.7190429162,70.,2.39E+03));
#1050 = CARTESIAN_POINT('',(-291.7190429162,70.,2.392504791407E+03));
#1051 = CARTESIAN_POINT('',(-291.7477183471,69.880495888205,
    2.395009559669E+03));
#1052 = CARTESIAN_POINT('',(-291.8050709872,69.641489321647,
    2.397509608873E+03));
#1053 = CARTESIAN_POINT('',(-291.890390407,69.282032216153,
    2.4000000006E+03));
#1054 = PCURVE('',#548,#1055);
#1055 = DEFINITIONAL_REPRESENTATION('',(#1056),#1062);
#1056 = B_SPLINE_CURVE_WITH_KNOTS('',4,(#1057,#1058,#1059,#1060,#1061),
  .UNSPECIFIED.,.F.,.F.,(5,5),(0.,1.),.PIECEWISE_BEZIER_KNOTS.);
#1057 = CARTESIAN_POINT('',(0.,-29.2809570837));
#1058 = CARTESIAN_POINT('',(-3.578273439233E-02,-29.2809570837));
#1059 = CARTESIAN_POINT('',(-7.156528345925E-02,-29.25228165283));
#1060 = CARTESIAN_POINT('',(-0.107401869173,-29.19492901274));
#1061 = CARTESIAN_POINT('',(-0.143347577566,-29.10960959291));
#1062 = ( GEOMETRIC_REPRESENTATION_CONTEXT(2) 
PARAMETRIC_REPRESENTATION_CONTEXT() REPRESENTATION_CONTEXT('2D SPACE',''
  ) );
#1063 = PCURVE('',#1064,#1069);
#1064 = CYLINDRICAL_SURFACE('',#1065,300.);
#1065 = AXIS2_PLACEMENT_3D('',#1066,#1067,#1068);
#1066 = CARTESIAN_POINT('',(0.,0.,2.2E+03));
#1067 = DIRECTION('',(0.,0.,1.));
#1068 = DIRECTION('',(1.,0.,0.));
#1069 = DEFINITIONAL_REPRESENTATION('',(#1070),#1076);
#1070 = B_SPLINE_CURVE_WITH_KNOTS('',4,(#1071,#1072,#1073,#1074,#1075),
  .UNSPECIFIED.,.F.,.F.,(5,5),(0.,1.),.PIECEWISE_BEZIER_KNOTS.);
#1071 = CARTESIAN_POINT('',(2.906088416869,190.));
#1072 = CARTESIAN_POINT('',(2.906088416869,192.50479140746));
#1073 = CARTESIAN_POINT('',(2.906498071901,195.00955966911));
#1074 = CARTESIAN_POINT('',(2.907317375145,197.5096088731));
#1075 = CARTESIAN_POINT('',(2.908548854897,200.0000006));
#1076 = ( GEOMETRIC_REPRESENTATION_CONTEXT(2) 
PARAMETRIC_REPRESENTATION_CONTEXT() REPRESENTATION_CONTEXT('2D SPACE',''
  ) );
#1077 = ORIENTED_EDGE('',*,*,#1078,.T.);
#1078 = EDGE_CURVE('',#1045,#1079,#1081,.T.);
#1079 = VERTEX_POINT('',#1080);
#1080 = CARTESIAN_POINT('',(-291.8903903865,-69.28203230275,2.4E+03));
#1081 = SURFACE_CURVE('',#1082,(#1113,#1147),.PCURVE_S1.);
#1082 = B_SPLINE_CURVE_WITH_KNOTS('',8,(#1083,#1084,#1085,#1086,#1087,
    #1088,#1089,#1090,#1091,#1092,#1093,#1094,#1095,#1096,#1097,#1098,
    #1099,#1100,#1101,#1102,#1103,#1104,#1105,#1106,#1107,#1108,#1109,
    #1110,#1111,#1112),.UNSPECIFIED.,.F.,.F.,(9,7,7,7,9),(0.,
    0.250815112359,0.5003730446,0.749931354637,1.),.UNSPECIFIED.);
#1083 = CARTESIAN_POINT('',(-291.8903903865,69.282032302755,2.4E+03));
#1084 = CARTESIAN_POINT('',(-292.1026699728,68.387682508526,
    2.406196237133E+03));
#1085 = CARTESIAN_POINT('',(-292.3117441281,66.859573316005,
    2.412304060834E+03));
#1086 = CARTESIAN_POINT('',(-292.5148899659,64.708124251654,
    2.418243720428E+03));
#1087 = CARTESIAN_POINT('',(-292.7096084959,61.956251572802,
    2.423941636677E+03));
#1088 = CARTESIAN_POINT('',(-292.8935660594,58.635643771368,
    2.429328763084E+03));
#1089 = CARTESIAN_POINT('',(-293.0646025539,54.787050972372,
    2.434340917773E+03));
#1090 = CARTESIAN_POINT('',(-293.2207262563,50.459901137249,
    2.438918742815E+03));
#1091 = CARTESIAN_POINT('',(-293.4989535694,40.995512620652,
    2.447080824544E+03));
#1092 = CARTESIAN_POINT('',(-293.6213477931,35.858224669581,
    2.450673584442E+03));
#1093 = CARTESIAN_POINT('',(-293.7255959116,30.363478572736,
    2.453735301805E+03));
#1094 = CARTESIAN_POINT('',(-293.8103588262,24.576160428672,
    2.456225776786E+03));
#1095 = CARTESIAN_POINT('',(-293.8746043043,18.564777591861,
    2.458113944969E+03));
#1096 = CARTESIAN_POINT('',(-293.917618423,12.401453292401,
    2.459378298612E+03));
#1097 = CARTESIAN_POINT('',(-293.9389940002,6.161664794245,
    2.460006609691E+03));
#1098 = CARTESIAN_POINT('',(-293.9385415599,-6.310949707827,
    2.459993310716E+03));
#1099 = CARTESIAN_POINT('',(-293.9167132733,-12.54939009437,
    2.459351692754E+03));
#1100 = CARTESIAN_POINT('',(-293.8732518858,-18.71000664654,
    2.458074196055E+03));
#1101 = CARTESIAN_POINT('',(-293.8085699578,-24.71734870886,
    2.456173210664E+03));
#1102 = CARTESIAN_POINT('',(-293.723386557,-30.49933972372,
    2.453670398938E+03));
#1103 = CARTESIAN_POINT('',(-293.6187388178,-35.98753959922,
    2.450596971846E+03));
#1104 = CARTESIAN_POINT('',(-293.4959705065,-41.11714916769,
    2.446993267623E+03));
#1105 = CARTESIAN_POINT('',(-293.2174692511,-50.55000097262,
    2.438823242184E+03));
#1106 = CARTESIAN_POINT('',(-293.0615451205,-54.85574146165,
    2.434251321425E+03));
#1107 = CARTESIAN_POINT('',(-292.8908259333,-58.68504181406,
    2.429248519911E+03));
#1108 = CARTESIAN_POINT('',(-292.7072881585,-61.98900747428,
    2.42387373846E+03));
#1109 = CARTESIAN_POINT('',(-292.5130744947,-64.72733192863,
    2.418190639095E+03));
#1110 = CARTESIAN_POINT('',(-292.3104988118,-66.86866683759,
    2.412267680641E+03));
#1111 = CARTESIAN_POINT('',(-292.1020382093,-68.39034417576,
    2.406177796562E+03));
#1112 = CARTESIAN_POINT('',(-291.8903903865,-69.28203230275,2.4E+03));
#1113 = PCURVE('',#548,#1114);
#1114 = DEFINITIONAL_REPRESENTATION('',(#1115),#1146);
#1115 = B_SPLINE_CURVE_WITH_KNOTS('',8,(#1116,#1117,#1118,#1119,#1120,
    #1121,#1122,#1123,#1124,#1125,#1126,#1127,#1128,#1129,#1130,#1131,
    #1132,#1133,#1134,#1135,#1136,#1137,#1138,#1139,#1140,#1141,#1142,
    #1143,#1144,#1145),.UNSPECIFIED.,.F.,.F.,(9,7,7,7,9),(0.,
    0.250815112359,0.5003730446,0.749931354637,1.),.UNSPECIFIED.);
#1116 = CARTESIAN_POINT('',(-0.143347568905,-29.10960961347));
#1117 = CARTESIAN_POINT('',(-0.232782548328,-28.89733002711));
#1118 = CARTESIAN_POINT('',(-0.322260784012,-28.68825587186));
#1119 = CARTESIAN_POINT('',(-0.411723754908,-28.48511003405));
#1120 = CARTESIAN_POINT('',(-0.501177704781,-28.29039150408));
#1121 = CARTESIAN_POINT('',(-0.590640828023,-28.10643394053));
#1122 = CARTESIAN_POINT('',(-0.680130983997,-27.93539744607));
#1123 = CARTESIAN_POINT('',(-0.769653680351,-27.77927374367));
#1124 = CARTESIAN_POINT('',(-0.948193236443,-27.50104643054));
#1125 = CARTESIAN_POINT('',(-1.037289891051,-27.37865220687));
#1126 = CARTESIAN_POINT('',(-1.126375296686,-27.27440408831));
#1127 = CARTESIAN_POINT('',(-1.215452401287,-27.18964117377));
#1128 = CARTESIAN_POINT('',(-1.304536418356,-27.12539569568));
#1129 = CARTESIAN_POINT('',(-1.393642314307,-27.08238157698));
#1130 = CARTESIAN_POINT('',(-1.482772493579,-27.06100599976));
#1131 = CARTESIAN_POINT('',(-1.660952802038,-27.06145844007));
#1132 = CARTESIAN_POINT('',(-1.750083066386,-27.08328672667));
#1133 = CARTESIAN_POINT('',(-1.839189003091,-27.12674811419));
#1134 = CARTESIAN_POINT('',(-1.928273021613,-27.19143004212));
#1135 = CARTESIAN_POINT('',(-2.017350093348,-27.27661344294));
#1136 = CARTESIAN_POINT('',(-2.106435437896,-27.38126118214));
#1137 = CARTESIAN_POINT('',(-2.195532011008,-27.50402949342));
#1138 = CARTESIAN_POINT('',(-2.373804909383,-27.78253074885));
#1139 = CARTESIAN_POINT('',(-2.463060513229,-27.93845487943));
#1140 = CARTESIAN_POINT('',(-2.552283985525,-28.10917406667));
#1141 = CARTESIAN_POINT('',(-2.641480713166,-28.29271184147));
#1142 = CARTESIAN_POINT('',(-2.730668333186,-28.4869255053));
#1143 = CARTESIAN_POINT('',(-2.81986481333,-28.68950118811));
#1144 = CARTESIAN_POINT('',(-2.909076271985,-28.89796179068));
#1145 = CARTESIAN_POINT('',(-2.998245084684,-29.10960961347));
#1146 = ( GEOMETRIC_REPRESENTATION_CONTEXT(2) 
PARAMETRIC_REPRESENTATION_CONTEXT() REPRESENTATION_CONTEXT('2D SPACE',''
  ) );
#1147 = PCURVE('',#1148,#1153);
#1148 = SPHERICAL_SURFACE('',#1149,300.);
#1149 = AXIS2_PLACEMENT_3D('',#1150,#1151,#1152);
#1150 = CARTESIAN_POINT('',(0.,0.,2.4E+03));
#1151 = DIRECTION('',(0.,0.,1.));
#1152 = DIRECTION('',(1.,0.,0.));
#1153 = DEFINITIONAL_REPRESENTATION('',(#1154),#1185);
#1154 = B_SPLINE_CURVE_WITH_KNOTS('',8,(#1155,#1156,#1157,#1158,#1159,
    #1160,#1161,#1162,#1163,#1164,#1165,#1166,#1167,#1168,#1169,#1170,
    #1171,#1172,#1173,#1174,#1175,#1176,#1177,#1178,#1179,#1180,#1181,
    #1182,#1183,#1184),.UNSPECIFIED.,.F.,.F.,(9,7,7,7,9),(0.,
    0.250815112359,0.5003730446,0.749931354637,1.),.UNSPECIFIED.);
#1155 = CARTESIAN_POINT('',(2.9085488546,0.));
#1156 = CARTESIAN_POINT('',(2.911612846509,2.065412377791E-02));
#1157 = CARTESIAN_POINT('',(2.916729796433,4.1013535881E-02));
#1158 = CARTESIAN_POINT('',(2.92386983229,6.08258287119E-02));
#1159 = CARTESIAN_POINT('',(2.932973715832,7.985754783916E-02));
#1160 = CARTESIAN_POINT('',(2.943962707266,9.788540150696E-02));
#1161 = CARTESIAN_POINT('',(2.956731303245,0.114695256843));
#1162 = CARTESIAN_POINT('',(2.971140487887,0.130082516795));
#1163 = CARTESIAN_POINT('',(3.002781893126,0.157573447561));
#1164 = CARTESIAN_POINT('',(3.020013704552,0.16970544417));
#1165 = CARTESIAN_POINT('',(3.038513997033,0.180071324764));
#1166 = CARTESIAN_POINT('',(3.058073229145,0.188522921472));
#1167 = CARTESIAN_POINT('',(3.078456253322,0.194941394433));
#1168 = CARTESIAN_POINT('',(3.099401849582,0.199242849383));
#1169 = CARTESIAN_POINT('',(3.120630245338,0.201380407415));
#1170 = CARTESIAN_POINT('',(3.163062939423,0.201335163385));
#1171 = CARTESIAN_POINT('',(3.184286338254,0.199152334417));
#1172 = CARTESIAN_POINT('',(3.205221900811,0.194806245687));
#1173 = CARTESIAN_POINT('',(3.225590028739,0.188344407429));
#1174 = CARTESIAN_POINT('',(3.245129828883,0.179851295744));
#1175 = CARTESIAN_POINT('',(3.263606587631,0.169446258297));
#1176 = CARTESIAN_POINT('',(3.280811242988,0.157277898707));
#1177 = CARTESIAN_POINT('',(3.312344837928,0.129761521479));
#1178 = CARTESIAN_POINT('',(3.326681897103,0.11439477224));
#1179 = CARTESIAN_POINT('',(3.339386074289,9.761687312251E-02));
#1180 = CARTESIAN_POINT('',(3.350319957095,7.963076110297E-02));
#1181 = CARTESIAN_POINT('',(3.359379220841,6.064877138666E-02));
#1182 = CARTESIAN_POINT('',(3.366485961747,4.089226857737E-02));
#1183 = CARTESIAN_POINT('',(3.371581579393,2.059265520603E-02));
#1184 = CARTESIAN_POINT('',(3.374636452579,0.));
#1185 = ( GEOMETRIC_REPRESENTATION_CONTEXT(2) 
PARAMETRIC_REPRESENTATION_CONTEXT() REPRESENTATION_CONTEXT('2D SPACE',''
  ) );
#1186 = ORIENTED_EDGE('',*,*,#1187,.T.);
#1187 = EDGE_CURVE('',#1079,#1022,#1188,.T.);
#1188 = SURFACE_CURVE('',#1189,(#1258,#1330),.PCURVE_S1.);
#1189 = B_SPLINE_CURVE_WITH_KNOTS('',7,(#1190,#1191,#1192,#1193,#1194,
    #1195,#1196,#1197,#1198,#1199,#1200,#1201,#1202,#1203,#1204,#1205,
    #1206,#1207,#1208,#1209,#1210,#1211,#1212,#1213,#1214,#1215,#1216,
    #1217,#1218,#1219,#1220,#1221,#1222,#1223,#1224,#1225,#1226,#1227,
    #1228,#1229,#1230,#1231,#1232,#1233,#1234,#1235,#1236,#1237,#1238,
    #1239,#1240,#1241,#1242,#1243,#1244,#1245,#1246,#1247,#1248,#1249,
    #1250,#1251,#1252,#1253,#1254,#1255,#1256,#1257),.UNSPECIFIED.,.F.,
  .F.,(8,6,6,6,6,6,6,6,6,6,6,8),(0.,4.984975332459E-02,0.251620525238,
    0.314830375929,0.38662361693,0.469524607152,0.525046056453,
    0.580567724763,0.663468932178,0.735262360491,0.798472375506,1.),
  .UNSPECIFIED.);
#1190 = CARTESIAN_POINT('',(-291.890390407,-69.28203221615,
    2.4000000006E+03));
#1191 = CARTESIAN_POINT('',(-291.8418736242,-69.48643705566,
    2.398583842417E+03));
#1192 = CARTESIAN_POINT('',(-291.8012698008,-69.65676148636,
    2.39716495169E+03));
#1193 = CARTESIAN_POINT('',(-291.768658945,-69.79311226961,
    2.395743884572E+03));
#1194 = CARTESIAN_POINT('',(-291.7441011114,-69.89556956324,
    2.394321190472E+03));
#1195 = CARTESIAN_POINT('',(-291.7276364011,-69.96418692157,
    2.392897412059E+03));
#1196 = CARTESIAN_POINT('',(-291.7192849618,-69.9989912954,
    2.391473085256E+03));
#1197 = CARTESIAN_POINT('',(-291.7180837695,-70.00399716356,
    2.38428358746E+03));
#1198 = CARTESIAN_POINT('',(-291.8500453269,-69.45405819526,
    2.378522495434E+03));
#1199 = CARTESIAN_POINT('',(-292.114601057,-68.35168436956,
    2.372797080595E+03));
#1200 = CARTESIAN_POINT('',(-292.5066702942,-66.68898699623,
    2.367140168035E+03));
#1201 = CARTESIAN_POINT('',(-293.0161391092,-64.45025500585,
    2.361590732119E+03));
#1202 = CARTESIAN_POINT('',(-293.6261897434,-61.61273347721,
    2.356197826803E+03));
#1203 = CARTESIAN_POINT('',(-294.5250180027,-57.06345084378,
    2.349409826174E+03));
#1204 = CARTESIAN_POINT('',(-294.7467700242,-55.91653540284,
    2.347812258729E+03));
#1205 = CARTESIAN_POINT('',(-294.9750775181,-54.70694070458,
    2.346238349998E+03));
#1206 = CARTESIAN_POINT('',(-295.2090605951,-53.43364241305,
    2.344690311319E+03));
#1207 = CARTESIAN_POINT('',(-295.4477335877,-52.09558801977,
    2.343170612837E+03));
#1208 = CARTESIAN_POINT('',(-295.6899937622,-50.69171973985,
    2.341682012291E+03));
#1209 = CARTESIAN_POINT('',(-296.2124432252,-47.55056278958,
    2.3385756556E+03));
#1210 = CARTESIAN_POINT('',(-296.4933829582,-45.79348243408,
    2.336967412387E+03));
#1211 = CARTESIAN_POINT('',(-296.7755592411,-43.94857442141,
    2.335407808285E+03));
#1212 = CARTESIAN_POINT('',(-297.0568853596,-42.014794473,
    2.333902255075E+03));
#1213 = CARTESIAN_POINT('',(-297.3350459522,-39.99129814039,
    2.332456669401E+03));
#1214 = CARTESIAN_POINT('',(-297.6074989319,-37.87750501823,
    2.331077522072E+03));
#1215 = CARTESIAN_POINT('',(-298.1763280905,-33.12777255608,
    2.328264251189E+03));
#1216 = CARTESIAN_POINT('',(-298.47037174,-30.45756886047,
    2.326852220326E+03));
#1217 = CARTESIAN_POINT('',(-298.7485473958,-27.66792804943,
    2.325551082253E+03));
#1218 = CARTESIAN_POINT('',(-299.0056400374,-24.76556589175,
    2.324375235394E+03));
#1219 = CARTESIAN_POINT('',(-299.2365235558,-21.75846365572,
    2.323338201726E+03));
#1220 = CARTESIAN_POINT('',(-299.4363898813,-18.65579199467,
    2.322452637319E+03));
#1221 = CARTESIAN_POINT('',(-299.7112081232,-13.33275777878,
    2.321246599124E+03));
#1222 = CARTESIAN_POINT('',(-299.8055232307,-11.16119373924,
    2.320836489038E+03));
#1223 = CARTESIAN_POINT('',(-299.8825073434,-8.959897199157,
    2.320504144516E+03));
#1224 = CARTESIAN_POINT('',(-299.9410377364,-6.735883509347,
    2.320252695131E+03));
#1225 = CARTESIAN_POINT('',(-299.9803368023,-4.496352541174,
    2.320084270968E+03));
#1226 = CARTESIAN_POINT('',(-300.,-2.248611943283,2.32E+03));
#1227 = CARTESIAN_POINT('',(-300.,2.248620813185,2.32E+03));
#1228 = CARTESIAN_POINT('',(-299.9803366472,4.496362899952,
    2.320084271633E+03));
#1229 = CARTESIAN_POINT('',(-299.9410375035,6.735890930223,
    2.32025269613E+03));
#1230 = CARTESIAN_POINT('',(-299.8825071886,8.959899917749,
    2.320504145188E+03));
#1231 = CARTESIAN_POINT('',(-299.8055232547,11.161192354027,
    2.320836488943E+03));
#1232 = CARTESIAN_POINT('',(-299.7112082704,13.332754928135,
    2.321246598478E+03));
#1233 = CARTESIAN_POINT('',(-299.4363898796,18.655792027963,
    2.322452637326E+03));
#1234 = CARTESIAN_POINT('',(-299.2365235585,21.758463625176,
    2.323338201713E+03));
#1235 = CARTESIAN_POINT('',(-299.0056400389,24.765565865036,
    2.324375235387E+03));
#1236 = CARTESIAN_POINT('',(-298.7485473932,27.667928072096,
    2.325551082266E+03));
#1237 = CARTESIAN_POINT('',(-298.4703717376,30.457568891923,
    2.326852220337E+03));
#1238 = CARTESIAN_POINT('',(-298.1763280938,33.127772528467,
    2.328264251173E+03));
#1239 = CARTESIAN_POINT('',(-297.6074989319,37.877505018208,
    2.331077522072E+03));
#1240 = CARTESIAN_POINT('',(-297.3350459522,39.991298140397,
    2.332456669401E+03));
#1241 = CARTESIAN_POINT('',(-297.0568853596,42.014794473023,
    2.333902255075E+03));
#1242 = CARTESIAN_POINT('',(-296.7755592411,43.948574421435,
    2.335407808285E+03));
#1243 = CARTESIAN_POINT('',(-296.4933829582,45.79348243408,
    2.336967412387E+03));
#1244 = CARTESIAN_POINT('',(-296.2124432252,47.550562789564,
    2.3385756556E+03));
#1245 = CARTESIAN_POINT('',(-295.6899937645,50.691719726109,
    2.341682012278E+03));
#1246 = CARTESIAN_POINT('',(-295.4477335855,52.095588031438,
    2.343170612851E+03));
#1247 = CARTESIAN_POINT('',(-295.2090605933,53.433642423936,
    2.34469031133E+03));
#1248 = CARTESIAN_POINT('',(-294.9750775197,54.70694069638,
    2.346238349986E+03));
#1249 = CARTESIAN_POINT('',(-294.7467700264,55.916535390624,
    2.347812258715E+03));
#1250 = CARTESIAN_POINT('',(-294.5250180007,57.063450853862,
    2.349409826189E+03));
#1251 = CARTESIAN_POINT('',(-293.6270162957,61.608550008132,
    2.356191584634E+03));
#1252 = CARTESIAN_POINT('',(-293.0176127675,64.443400149694,
    2.361577706184E+03));
#1253 = CARTESIAN_POINT('',(-292.5085172775,66.680869859443,
    2.367120057336E+03));
#1254 = CARTESIAN_POINT('',(-292.1164974469,68.343641544308,
    2.372769738989E+03));
#1255 = CARTESIAN_POINT('',(-291.8516457714,69.447388893877,
    2.378487899595E+03));
#1256 = CARTESIAN_POINT('',(-291.7190429162,70.,2.384241818856E+03));
#1257 = CARTESIAN_POINT('',(-291.7190429162,70.,2.39E+03));
#1258 = PCURVE('',#548,#1259);
#1259 = DEFINITIONAL_REPRESENTATION('',(#1260),#1329);
#1260 = B_SPLINE_CURVE_WITH_KNOTS('',7,(#1261,#1262,#1263,#1264,#1265,
    #1266,#1267,#1268,#1269,#1270,#1271,#1272,#1273,#1274,#1275,#1276,
    #1277,#1278,#1279,#1280,#1281,#1282,#1283,#1284,#1285,#1286,#1287,
    #1288,#1289,#1290,#1291,#1292,#1293,#1294,#1295,#1296,#1297,#1298,
    #1299,#1300,#1301,#1302,#1303,#1304,#1305,#1306,#1307,#1308,#1309,
    #1310,#1311,#1312,#1313,#1314,#1315,#1316,#1317,#1318,#1319,#1320,
    #1321,#1322,#1323,#1324,#1325,#1326,#1327,#1328),.UNSPECIFIED.,.F.,
  .F.,(8,6,6,6,6,6,6,6,6,6,6,8),(0.,4.984975332459E-02,0.251620525238,
    0.314830375929,0.38662361693,0.469524607152,0.525046056453,
    0.580567724763,0.663468932178,0.735262360491,0.798472375506,1.),
  .UNSPECIFIED.);
#1261 = CARTESIAN_POINT('',(-2.998245076024,-29.10960959291));
#1262 = CARTESIAN_POINT('',(-3.018685558748,-29.15812637572));
#1263 = CARTESIAN_POINT('',(-3.039095169264,-29.19873019911));
#1264 = CARTESIAN_POINT('',(-3.059480109577,-29.23134105494));
#1265 = CARTESIAN_POINT('',(-3.079846557972,-29.25589888859));
#1266 = CARTESIAN_POINT('',(-3.100200669007,-29.27236359888));
#1267 = CARTESIAN_POINT('',(-3.12054857352,-29.28071503812));
#1268 = CARTESIAN_POINT('',(-3.223255709781,-29.28191623047));
#1269 = CARTESIAN_POINT('',(-3.305551506754,-29.14995467305));
#1270 = CARTESIAN_POINT('',(-3.388244757838,-28.88539894291));
#1271 = CARTESIAN_POINT('',(-3.471771956319,-28.49332970575));
#1272 = CARTESIAN_POINT('',(-3.556579613443,-27.98386089075));
#1273 = CARTESIAN_POINT('',(-3.643145178237,-27.37381025654));
#1274 = CARTESIAN_POINT('',(-3.759880466617,-26.47498199729));
#1275 = CARTESIAN_POINT('',(-3.787960614011,-26.25322997576));
#1276 = CARTESIAN_POINT('',(-3.816293799643,-26.02492248186));
#1277 = CARTESIAN_POINT('',(-3.84489982011,-25.79093940486));
#1278 = CARTESIAN_POINT('',(-3.873798936367,-25.55226641227));
#1279 = CARTESIAN_POINT('',(-3.90301207287,-25.31000623776));
#1280 = CARTESIAN_POINT('',(-3.966122469958,-24.78755677471));
#1281 = CARTESIAN_POINT('',(-4.000125220713,-24.50661704178));
#1282 = CARTESIAN_POINT('',(-4.034593244456,-24.22444075888));
#1283 = CARTESIAN_POINT('',(-4.069551859266,-23.94311464035));
#1284 = CARTESIAN_POINT('',(-4.105027844574,-23.66495404774));
#1285 = CARTESIAN_POINT('',(-4.141049951571,-23.39250106804));
#1286 = CARTESIAN_POINT('',(-4.219912336907,-22.82367190943));
#1287 = CARTESIAN_POINT('',(-4.263012875425,-22.52962825993));
#1288 = CARTESIAN_POINT('',(-4.306897603333,-22.25145260414));
#1289 = CARTESIAN_POINT('',(-4.351524189215,-21.99435996252));
#1290 = CARTESIAN_POINT('',(-4.396860688653,-21.76347644413));
#1291 = CARTESIAN_POINT('',(-4.442884445101,-21.5636101186));
#1292 = CARTESIAN_POINT('',(-4.52085516356,-21.28879187675));
#1293 = CARTESIAN_POINT('',(-4.552405254596,-21.19447676925));
#1294 = CARTESIAN_POINT('',(-4.584174075869,-21.11749265656));
#1295 = CARTESIAN_POINT('',(-4.616107931607,-21.05896226356));
#1296 = CARTESIAN_POINT('',(-4.648155372913,-21.01966319762));
#1297 = CARTESIAN_POINT('',(-4.680265952624,-21.));
#1298 = CARTESIAN_POINT('',(-4.744512134859,-21.));
#1299 = CARTESIAN_POINT('',(-4.776622735838,-21.01966335276));
#1300 = CARTESIAN_POINT('',(-4.808670135817,-21.05896249644));
#1301 = CARTESIAN_POINT('',(-4.8406039247,-21.11749281139));
#1302 = CARTESIAN_POINT('',(-4.872372686574,-21.19447674524));
#1303 = CARTESIAN_POINT('',(-4.903922755454,-21.28879172958));
#1304 = CARTESIAN_POINT('',(-4.981893516156,-21.56361012032));
#1305 = CARTESIAN_POINT('',(-5.027917271639,-21.76347644144));
#1306 = CARTESIAN_POINT('',(-5.073253771161,-21.99435996106));
#1307 = CARTESIAN_POINT('',(-5.117880357809,-22.25145260677));
#1308 = CARTESIAN_POINT('',(-5.161765085827,-22.52962826238));
#1309 = CARTESIAN_POINT('',(-5.204865623404,-22.82367190613));
#1310 = CARTESIAN_POINT('',(-5.283728009198,-23.39250106803));
#1311 = CARTESIAN_POINT('',(-5.319750116195,-23.66495404774));
#1312 = CARTESIAN_POINT('',(-5.355226101504,-23.94311464035));
#1313 = CARTESIAN_POINT('',(-5.390184716314,-24.22444075888));
#1314 = CARTESIAN_POINT('',(-5.424652740056,-24.50661704178));
#1315 = CARTESIAN_POINT('',(-5.45865549081,-24.78755677471));
#1316 = CARTESIAN_POINT('',(-5.521765887623,-25.31000623547));
#1317 = CARTESIAN_POINT('',(-5.550979024669,-25.5522664144));
#1318 = CARTESIAN_POINT('',(-5.57987814088,-25.79093940668));
#1319 = CARTESIAN_POINT('',(-5.608484160919,-26.02492248025));
#1320 = CARTESIAN_POINT('',(-5.636817346489,-26.25322997359));
#1321 = CARTESIAN_POINT('',(-5.664897494411,-26.47498199928));
#1322 = CARTESIAN_POINT('',(-5.781525434075,-27.3729837042));
#1323 = CARTESIAN_POINT('',(-5.86798924875,-27.98238723246));
#1324 = CARTESIAN_POINT('',(-5.952698642789,-28.49148272244));
#1325 = CARTESIAN_POINT('',(-6.036129461007,-28.88350255305));
#1326 = CARTESIAN_POINT('',(-6.118726757311,-29.14835422857));
#1327 = CARTESIAN_POINT('',(-6.200925576548,-29.2809570837));
#1328 = CARTESIAN_POINT('',(-6.28318530718,-29.2809570837));
#1329 = ( GEOMETRIC_REPRESENTATION_CONTEXT(2) 
PARAMETRIC_REPRESENTATION_CONTEXT() REPRESENTATION_CONTEXT('2D SPACE',''
  ) );
#1330 = PCURVE('',#1064,#1331);
#1331 = DEFINITIONAL_REPRESENTATION('',(#1332),#1401);
#1332 = B_SPLINE_CURVE_WITH_KNOTS('',7,(#1333,#1334,#1335,#1336,#1337,
    #1338,#1339,#1340,#1341,#1342,#1343,#1344,#1345,#1346,#1347,#1348,
    #1349,#1350,#1351,#1352,#1353,#1354,#1355,#1356,#1357,#1358,#1359,
    #1360,#1361,#1362,#1363,#1364,#1365,#1366,#1367,#1368,#1369,#1370,
    #1371,#1372,#1373,#1374,#1375,#1376,#1377,#1378,#1379,#1380,#1381,
    #1382,#1383,#1384,#1385,#1386,#1387,#1388,#1389,#1390,#1391,#1392,
    #1393,#1394,#1395,#1396,#1397,#1398,#1399,#1400),.UNSPECIFIED.,.F.,
  .F.,(8,6,6,6,6,6,6,6,6,6,6,8),(0.,4.984975332459E-02,0.251620525238,
    0.314830375929,0.38662361693,0.469524607152,0.525046056453,
    0.580567724763,0.663468932178,0.735262360491,0.798472375506,1.),
  .UNSPECIFIED.);
#1333 = CARTESIAN_POINT('',(3.374636452283,200.0000006));
#1334 = CARTESIAN_POINT('',(3.375336731724,198.58384241738));
#1335 = CARTESIAN_POINT('',(3.375920389492,197.16495169009));
#1336 = CARTESIAN_POINT('',(3.376387710274,195.74388457156));
#1337 = CARTESIAN_POINT('',(3.376738907754,194.32119047206));
#1338 = CARTESIAN_POINT('',(3.376974124609,192.89741205875));
#1339 = CARTESIAN_POINT('',(3.377093432516,191.47308525569));
#1340 = CARTESIAN_POINT('',(3.377110592411,184.28358746012));
#1341 = CARTESIAN_POINT('',(3.375225427001,178.52249543416));
#1342 = CARTESIAN_POINT('',(3.371446506561,172.79708059521));
#1343 = CARTESIAN_POINT('',(3.365752241253,167.1401680353));
#1344 = CARTESIAN_POINT('',(3.358099499916,161.59073211904));
#1345 = CARTESIAN_POINT('',(3.348426317719,156.19782680263));
#1346 = CARTESIAN_POINT('',(3.332968897811,149.4098261742));
#1347 = CARTESIAN_POINT('',(3.32907507632,147.81225872885));
#1348 = CARTESIAN_POINT('',(3.324971968039,146.23834999767));
#1349 = CARTESIAN_POINT('',(3.32065667003,144.69031131867));
#1350 = CARTESIAN_POINT('',(3.316126199848,143.17061283683));
#1351 = CARTESIAN_POINT('',(3.311377560639,141.68201229124));
#1352 = CARTESIAN_POINT('',(3.300763199074,138.57565559976));
#1353 = CARTESIAN_POINT('',(3.294831987743,136.96741238722));
#1354 = CARTESIAN_POINT('',(3.288611014612,135.4078082854));
#1355 = CARTESIAN_POINT('',(3.282097559682,133.90225507472));
#1356 = CARTESIAN_POINT('',(3.275289511591,132.45666940079));
#1357 = CARTESIAN_POINT('',(3.268185534194,131.07752207237));
#1358 = CARTESIAN_POINT('',(3.252239958327,128.26425118943));
#1359 = CARTESIAN_POINT('',(3.243285873031,126.85222032561));
#1360 = CARTESIAN_POINT('',(3.233941779244,125.55108225341));
#1361 = CARTESIAN_POINT('',(3.224230481299,124.37523539357));
#1362 = CARTESIAN_POINT('',(3.214178476671,123.33820172557));
#1363 = CARTESIAN_POINT('',(3.203815651227,122.45263731869));
#1364 = CARTESIAN_POINT('',(3.18604857233,121.2465991238));
#1365 = CARTESIAN_POINT('',(3.178803443778,120.8364890381));
#1366 = CARTESIAN_POINT('',(3.171461726606,120.50414451557));
#1367 = CARTESIAN_POINT('',(3.164046286157,120.25269513071));
#1368 = CARTESIAN_POINT('',(3.156580495492,120.08427096793));
#1369 = CARTESIAN_POINT('',(3.149088026734,120.));
#1370 = CARTESIAN_POINT('',(3.134097250879,120.));
#1371 = CARTESIAN_POINT('',(3.126604777158,120.08427163255));
#1372 = CARTESIAN_POINT('',(3.119138996279,120.2526961295));
#1373 = CARTESIAN_POINT('',(3.1117235715,120.50414518785));
#1374 = CARTESIAN_POINT('',(3.104381868017,120.83648894324));
#1375 = CARTESIAN_POINT('',(3.097136744365,121.24659847793));
#1376 = CARTESIAN_POINT('',(3.079369655841,122.45263732623));
#1377 = CARTESIAN_POINT('',(3.069006830611,123.33820171279));
#1378 = CARTESIAN_POINT('',(3.05895482597,124.37523538714));
#1379 = CARTESIAN_POINT('',(3.04924352786,125.55108226631));
#1380 = CARTESIAN_POINT('',(3.039899434043,126.85222033709));
#1381 = CARTESIAN_POINT('',(3.030945348945,128.26425117307));
#1382 = CARTESIAN_POINT('',(3.014999772986,131.07752207236));
#1383 = CARTESIAN_POINT('',(3.007895795588,132.45666940078));
#1384 = CARTESIAN_POINT('',(3.001087747498,133.90225507473));
#1385 = CARTESIAN_POINT('',(2.994574292567,135.40780828542));
#1386 = CARTESIAN_POINT('',(2.988353319437,136.96741238723));
#1387 = CARTESIAN_POINT('',(2.982422108105,138.57565559974));
#1388 = CARTESIAN_POINT('',(2.971807746588,141.68201227765));
#1389 = CARTESIAN_POINT('',(2.967059107292,143.17061285129));
#1390 = CARTESIAN_POINT('',(2.962528637112,144.69031132962));
#1391 = CARTESIAN_POINT('',(2.958213339168,146.23834998567));
#1392 = CARTESIAN_POINT('',(2.954110230901,147.81225871461));
#1393 = CARTESIAN_POINT('',(2.950216409334,149.40982618924));
#1394 = CARTESIAN_POINT('',(2.93477320393,156.19158463369));
#1395 = CARTESIAN_POINT('',(2.925109175586,161.57770618406));
#1396 = CARTESIAN_POINT('',(2.917460812841,167.12005733645));
#1397 = CARTESIAN_POINT('',(2.911766344934,172.76973898914));
#1398 = CARTESIAN_POINT('',(2.907982742338,178.48789959548));
#1399 = CARTESIAN_POINT('',(2.906088416869,184.24181885576));
#1400 = CARTESIAN_POINT('',(2.906088416869,190.));
#1401 = ( GEOMETRIC_REPRESENTATION_CONTEXT(2) 
PARAMETRIC_REPRESENTATION_CONTEXT() REPRESENTATION_CONTEXT('2D SPACE',''
  ) );
#1402 = ORIENTED_EDGE('',*,*,#1021,.F.);
#1403 = ORIENTED_EDGE('',*,*,#402,.F.);
#1404 = ORIENTED_EDGE('',*,*,#760,.F.);
#1405 = ADVANCED_FACE('',(#1406),#76,.F.);
#1406 = FACE_BOUND('',#1407,.T.);
#1407 = EDGE_LOOP('',(#1408,#1439,#1460,#1461,#1462,#1463,#1464,#1465,
    #1466,#1576,#1704,#1808));
#1408 = ORIENTED_EDGE('',*,*,#1409,.F.);
#1409 = EDGE_CURVE('',#1410,#1412,#1414,.T.);
#1410 = VERTEX_POINT('',#1411);
#1411 = CARTESIAN_POINT('',(291.71904291629,70.,2.39E+03));
#1412 = VERTEX_POINT('',#1413);
#1413 = CARTESIAN_POINT('',(291.89039038652,69.282032302755,2.4E+03));
#1414 = SURFACE_CURVE('',#1415,(#1421,#1430),.PCURVE_S1.);
#1415 = B_SPLINE_CURVE_WITH_KNOTS('',4,(#1416,#1417,#1418,#1419,#1420),
  .UNSPECIFIED.,.F.,.F.,(5,5),(0.,1.),.PIECEWISE_BEZIER_KNOTS.);
#1416 = CARTESIAN_POINT('',(291.71904291629,70.,2.39E+03));
#1417 = CARTESIAN_POINT('',(291.71904291629,70.,2.392504791407E+03));
#1418 = CARTESIAN_POINT('',(291.74771834716,69.880495888205,
    2.395009559669E+03));
#1419 = CARTESIAN_POINT('',(291.80507098725,69.641489321647,
    2.397509608873E+03));
#1420 = CARTESIAN_POINT('',(291.89039040708,69.282032216153,
    2.4000000006E+03));
#1421 = PCURVE('',#76,#1422);
#1422 = DEFINITIONAL_REPRESENTATION('',(#1423),#1429);
#1423 = B_SPLINE_CURVE_WITH_KNOTS('',4,(#1424,#1425,#1426,#1427,#1428),
  .UNSPECIFIED.,.F.,.F.,(5,5),(0.,1.),.PIECEWISE_BEZIER_KNOTS.);
#1424 = CARTESIAN_POINT('',(0.,-612.7190429162));
#1425 = CARTESIAN_POINT('',(-3.578273439234E-02,-612.7190429162));
#1426 = CARTESIAN_POINT('',(-7.156528345924E-02,-612.7477183471));
#1427 = CARTESIAN_POINT('',(-0.107401869173,-612.8050709872));
#1428 = CARTESIAN_POINT('',(-0.143347577566,-612.890390407));
#1429 = ( GEOMETRIC_REPRESENTATION_CONTEXT(2) 
PARAMETRIC_REPRESENTATION_CONTEXT() REPRESENTATION_CONTEXT('2D SPACE',''
  ) );
#1430 = PCURVE('',#1064,#1431);
#1431 = DEFINITIONAL_REPRESENTATION('',(#1432),#1438);
#1432 = B_SPLINE_CURVE_WITH_KNOTS('',4,(#1433,#1434,#1435,#1436,#1437),
  .UNSPECIFIED.,.F.,.F.,(5,5),(0.,1.),.PIECEWISE_BEZIER_KNOTS.);
#1433 = CARTESIAN_POINT('',(0.235504236721,190.));
#1434 = CARTESIAN_POINT('',(0.235504236721,192.50479140746));
#1435 = CARTESIAN_POINT('',(0.235094581688,195.00955966911));
#1436 = CARTESIAN_POINT('',(0.234275278444,197.5096088731));
#1437 = CARTESIAN_POINT('',(0.233043798693,200.0000006));
#1438 = ( GEOMETRIC_REPRESENTATION_CONTEXT(2) 
PARAMETRIC_REPRESENTATION_CONTEXT() REPRESENTATION_CONTEXT('2D SPACE',''
  ) );
#1439 = ORIENTED_EDGE('',*,*,#1440,.T.);
#1440 = EDGE_CURVE('',#1410,#57,#1441,.T.);
#1441 = SEAM_CURVE('',#1442,(#1446,#1453),.PCURVE_S1.);
#1442 = LINE('',#1443,#1444);
#1443 = CARTESIAN_POINT('',(-321.,70.,2.39E+03));
#1444 = VECTOR('',#1445,1.);
#1445 = DIRECTION('',(1.,0.,0.));
#1446 = PCURVE('',#76,#1447);
#1447 = DEFINITIONAL_REPRESENTATION('',(#1448),#1452);
#1448 = LINE('',#1449,#1450);
#1449 = CARTESIAN_POINT('',(-6.28318530718,0.));
#1450 = VECTOR('',#1451,1.);
#1451 = DIRECTION('',(-0.,-1.));
#1452 = ( GEOMETRIC_REPRESENTATION_CONTEXT(2) 
PARAMETRIC_REPRESENTATION_CONTEXT() REPRESENTATION_CONTEXT('2D SPACE',''
  ) );
#1453 = PCURVE('',#76,#1454);
#1454 = DEFINITIONAL_REPRESENTATION('',(#1455),#1459);
#1455 = LINE('',#1456,#1457);
#1456 = CARTESIAN_POINT('',(-0.,0.));
#1457 = VECTOR('',#1458,1.);
#1458 = DIRECTION('',(-0.,-1.));
#1459 = ( GEOMETRIC_REPRESENTATION_CONTEXT(2) 
PARAMETRIC_REPRESENTATION_CONTEXT() REPRESENTATION_CONTEXT('2D SPACE',''
  ) );
#1460 = ORIENTED_EDGE('',*,*,#56,.T.);
#1461 = ORIENTED_EDGE('',*,*,#655,.T.);
#1462 = ORIENTED_EDGE('',*,*,#863,.T.);
#1463 = ORIENTED_EDGE('',*,*,#251,.T.);
#1464 = ORIENTED_EDGE('',*,*,#90,.T.);
#1465 = ORIENTED_EDGE('',*,*,#1440,.F.);
#1466 = ORIENTED_EDGE('',*,*,#1467,.F.);
#1467 = EDGE_CURVE('',#1468,#1410,#1470,.T.);
#1468 = VERTEX_POINT('',#1469);
#1469 = CARTESIAN_POINT('',(300.,-7.347880794884E-14,2.32E+03));
#1470 = SURFACE_CURVE('',#1471,(#1504,#1540),.PCURVE_S1.);
#1471 = B_SPLINE_CURVE_WITH_KNOTS('',7,(#1472,#1473,#1474,#1475,#1476,
    #1477,#1478,#1479,#1480,#1481,#1482,#1483,#1484,#1485,#1486,#1487,
    #1488,#1489,#1490,#1491,#1492,#1493,#1494,#1495,#1496,#1497,#1498,
    #1499,#1500,#1501,#1502,#1503),.UNSPECIFIED.,.F.,.F.,(8,6,6,6,6,8),(
    0.,0.177308395573,0.291533099624,0.442672986807,0.575743029049,1.),
  .UNSPECIFIED.);
#1472 = CARTESIAN_POINT('',(300.,-6.429395695524E-15,2.32E+03));
#1473 = CARTESIAN_POINT('',(300.,3.411657907195,2.32E+03));
#1474 = CARTESIAN_POINT('',(299.95473620661,6.81709223235,
    2.320193990217E+03));
#1475 = CARTESIAN_POINT('',(299.86450274619,10.193188274935,
    2.320580696517E+03));
#1476 = CARTESIAN_POINT('',(299.73140020938,13.517061837884,
    2.321154349119E+03));
#1477 = CARTESIAN_POINT('',(299.55926435242,16.766643188029,
    2.321904764886E+03));
#1478 = CARTESIAN_POINT('',(299.35337903745,19.921191537881,
    2.322817370081E+03));
#1479 = CARTESIAN_POINT('',(298.96961003842,24.920506596097,
    2.324553321459E+03));
#1480 = CARTESIAN_POINT('',(298.80764038515,26.834373161595,
    2.325293741688E+03));
#1481 = CARTESIAN_POINT('',(298.63541624429,28.701505611335,
    2.326090804976E+03));
#1482 = CARTESIAN_POINT('',(298.45431592721,30.520274517687,
    2.326940859564E+03));
#1483 = CARTESIAN_POINT('',(298.2657229517,32.289254620595,
    2.327840217559E+03));
#1484 = CARTESIAN_POINT('',(298.07100472905,34.007224288863,
    2.328785151255E+03));
#1485 = CARTESIAN_POINT('',(297.60749893196,37.8775050182,
    2.331077522072E+03));
#1486 = CARTESIAN_POINT('',(297.33504595225,39.991298140401,
    2.332456669401E+03));
#1487 = CARTESIAN_POINT('',(297.05688535964,42.01479447303,
    2.333902255075E+03));
#1488 = CARTESIAN_POINT('',(296.77555924111,43.948574421433,
    2.335407808285E+03));
#1489 = CARTESIAN_POINT('',(296.49338295821,45.793482434073,
    2.336967412387E+03));
#1490 = CARTESIAN_POINT('',(296.21244322528,47.550562789567,
    2.3385756556E+03));
#1491 = CARTESIAN_POINT('',(295.68999376452,50.691719726111,
    2.341682012278E+03));
#1492 = CARTESIAN_POINT('',(295.44773358559,52.095588031438,
    2.343170612851E+03));
#1493 = CARTESIAN_POINT('',(295.20906059331,53.433642423934,
    2.34469031133E+03));
#1494 = CARTESIAN_POINT('',(294.97507751974,54.706940696378,
    2.346238349986E+03));
#1495 = CARTESIAN_POINT('',(294.7467700264,55.916535390624,
    2.347812258715E+03));
#1496 = CARTESIAN_POINT('',(294.52501800071,57.063450853863,
    2.349409826189E+03));
#1497 = CARTESIAN_POINT('',(293.62701629579,61.608550008133,
    2.356191584634E+03));
#1498 = CARTESIAN_POINT('',(293.01761276753,64.443400149695,
    2.361577706184E+03));
#1499 = CARTESIAN_POINT('',(292.50851727755,66.680869859443,
    2.367120057336E+03));
#1500 = CARTESIAN_POINT('',(292.11649744694,68.343641544306,
    2.372769738989E+03));
#1501 = CARTESIAN_POINT('',(291.85164577142,69.447388893878,
    2.378487899595E+03));
#1502 = CARTESIAN_POINT('',(291.71904291629,70.,2.384241818856E+03));
#1503 = CARTESIAN_POINT('',(291.71904291629,70.,2.39E+03));
#1504 = PCURVE('',#76,#1505);
#1505 = DEFINITIONAL_REPRESENTATION('',(#1506),#1539);
#1506 = B_SPLINE_CURVE_WITH_KNOTS('',7,(#1507,#1508,#1509,#1510,#1511,
    #1512,#1513,#1514,#1515,#1516,#1517,#1518,#1519,#1520,#1521,#1522,
    #1523,#1524,#1525,#1526,#1527,#1528,#1529,#1530,#1531,#1532,#1533,
    #1534,#1535,#1536,#1537,#1538),.UNSPECIFIED.,.F.,.F.,(8,6,6,6,6,8),(
    0.,0.177308395573,0.291533099624,0.442672986807,0.575743029049,1.),
  .UNSPECIFIED.);
#1507 = CARTESIAN_POINT('',(-4.712388980385,-621.));
#1508 = CARTESIAN_POINT('',(-4.761126950487,-621.));
#1509 = CARTESIAN_POINT('',(-4.80977600761,-620.9547362066));
#1510 = CARTESIAN_POINT('',(-4.858195062868,-620.8645027461));
#1511 = CARTESIAN_POINT('',(-4.90624311603,-620.7314002093));
#1512 = CARTESIAN_POINT('',(-4.953772393563,-620.5592643524));
#1513 = CARTESIAN_POINT('',(-5.000620411741,-620.3533790374));
#1514 = CARTESIAN_POINT('',(-5.076222320579,-619.9696100384));
#1515 = CARTESIAN_POINT('',(-5.105520138541,-619.8076403851));
#1516 = CARTESIAN_POINT('',(-5.134495133618,-619.6354162442));
#1517 = CARTESIAN_POINT('',(-5.163146512393,-619.4543159272));
#1518 = CARTESIAN_POINT('',(-5.191471961859,-619.2657229517));
#1519 = CARTESIAN_POINT('',(-5.219467638184,-619.071004729));
#1520 = CARTESIAN_POINT('',(-5.283728009198,-618.6074989319));
#1521 = CARTESIAN_POINT('',(-5.319750116195,-618.3350459522));
#1522 = CARTESIAN_POINT('',(-5.355226101504,-618.0568853596));
#1523 = CARTESIAN_POINT('',(-5.390184716314,-617.7755592411));
#1524 = CARTESIAN_POINT('',(-5.424652740056,-617.4933829582));
#1525 = CARTESIAN_POINT('',(-5.458655490811,-617.2124432252));
#1526 = CARTESIAN_POINT('',(-5.521765887623,-616.6899937645));
#1527 = CARTESIAN_POINT('',(-5.550979024669,-616.4477335855));
#1528 = CARTESIAN_POINT('',(-5.57987814088,-616.2090605933));
#1529 = CARTESIAN_POINT('',(-5.608484160919,-615.9750775197));
#1530 = CARTESIAN_POINT('',(-5.636817346489,-615.7467700264));
#1531 = CARTESIAN_POINT('',(-5.664897494411,-615.5250180007));
#1532 = CARTESIAN_POINT('',(-5.781525434075,-614.6270162957));
#1533 = CARTESIAN_POINT('',(-5.86798924875,-614.0176127675));
#1534 = CARTESIAN_POINT('',(-5.952698642789,-613.5085172775));
#1535 = CARTESIAN_POINT('',(-6.036129461007,-613.1164974469));
#1536 = CARTESIAN_POINT('',(-6.118726757311,-612.8516457714));
#1537 = CARTESIAN_POINT('',(-6.200925576548,-612.7190429162));
#1538 = CARTESIAN_POINT('',(-6.28318530718,-612.7190429162));
#1539 = ( GEOMETRIC_REPRESENTATION_CONTEXT(2) 
PARAMETRIC_REPRESENTATION_CONTEXT() REPRESENTATION_CONTEXT('2D SPACE',''
  ) );
#1540 = PCURVE('',#1064,#1541);
#1541 = DEFINITIONAL_REPRESENTATION('',(#1542),#1575);
#1542 = B_SPLINE_CURVE_WITH_KNOTS('',7,(#1543,#1544,#1545,#1546,#1547,
    #1548,#1549,#1550,#1551,#1552,#1553,#1554,#1555,#1556,#1557,#1558,
    #1559,#1560,#1561,#1562,#1563,#1564,#1565,#1566,#1567,#1568,#1569,
    #1570,#1571,#1572,#1573,#1574),.UNSPECIFIED.,.F.,.F.,(8,6,6,6,6,8),(
    0.,0.177308395573,0.291533099624,0.442672986807,0.575743029049,1.),
  .UNSPECIFIED.);
#1543 = CARTESIAN_POINT('',(0.,120.));
#1544 = CARTESIAN_POINT('',(1.137219302398E-02,120.));
#1545 = CARTESIAN_POINT('',(2.272364200426E-02,120.19399021666));
#1546 = CARTESIAN_POINT('',(3.397969318961E-02,120.58069651658));
#1547 = CARTESIAN_POINT('',(4.506644584867E-02,121.1543491191));
#1548 = CARTESIAN_POINT('',(5.591223745349E-02,121.90476488643));
#1549 = CARTESIAN_POINT('',(6.644908206882E-02,122.81737008059));
#1550 = CARTESIAN_POINT('',(8.316249308311E-02,124.55332145853));
#1551 = CARTESIAN_POINT('',(8.956465736278E-02,125.29374168814));
#1552 = CARTESIAN_POINT('',(9.581457427974E-02,126.09080497575));
#1553 = CARTESIAN_POINT('',(0.101906841141,126.94085956387));
#1554 = CARTESIAN_POINT('',(0.107836642277,127.84021755947));
#1555 = CARTESIAN_POINT('',(0.113599758257,128.78515125538));
#1556 = CARTESIAN_POINT('',(0.126592880604,131.07752207235));
#1557 = CARTESIAN_POINT('',(0.133696858001,132.45666940079));
#1558 = CARTESIAN_POINT('',(0.140504906092,133.90225507474));
#1559 = CARTESIAN_POINT('',(0.147018361023,135.40780828542));
#1560 = CARTESIAN_POINT('',(0.153239334153,136.96741238722));
#1561 = CARTESIAN_POINT('',(0.159170545484,138.57565559974));
#1562 = CARTESIAN_POINT('',(0.169784907002,141.68201227765));
#1563 = CARTESIAN_POINT('',(0.174533546298,143.17061285129));
#1564 = CARTESIAN_POINT('',(0.179064016477,144.69031132962));
#1565 = CARTESIAN_POINT('',(0.183379314421,146.23834998567));
#1566 = CARTESIAN_POINT('',(0.187482422689,147.81225871461));
#1567 = CARTESIAN_POINT('',(0.191376244256,149.40982618924));
#1568 = CARTESIAN_POINT('',(0.20681944966,156.19158463369));
#1569 = CARTESIAN_POINT('',(0.216483478003,161.57770618407));
#1570 = CARTESIAN_POINT('',(0.224131840748,167.12005733643));
#1571 = CARTESIAN_POINT('',(0.229826308656,172.76973898914));
#1572 = CARTESIAN_POINT('',(0.233609911252,178.48789959547));
#1573 = CARTESIAN_POINT('',(0.235504236721,184.24181885577));
#1574 = CARTESIAN_POINT('',(0.235504236721,190.));
#1575 = ( GEOMETRIC_REPRESENTATION_CONTEXT(2) 
PARAMETRIC_REPRESENTATION_CONTEXT() REPRESENTATION_CONTEXT('2D SPACE',''
  ) );
#1576 = ORIENTED_EDGE('',*,*,#1577,.F.);
#1577 = EDGE_CURVE('',#1578,#1468,#1580,.T.);
#1578 = VERTEX_POINT('',#1579);
#1579 = CARTESIAN_POINT('',(291.89039038652,-69.28203230275,2.4E+03));
#1580 = SURFACE_CURVE('',#1581,(#1620,#1662),.PCURVE_S1.);
#1581 = B_SPLINE_CURVE_WITH_KNOTS('',7,(#1582,#1583,#1584,#1585,#1586,
    #1587,#1588,#1589,#1590,#1591,#1592,#1593,#1594,#1595,#1596,#1597,
    #1598,#1599,#1600,#1601,#1602,#1603,#1604,#1605,#1606,#1607,#1608,
    #1609,#1610,#1611,#1612,#1613,#1614,#1615,#1616,#1617,#1618,#1619),
  .UNSPECIFIED.,.F.,.F.,(8,6,6,6,6,6,8),(0.,9.49328947169E-02,
    0.479181205316,0.599556806891,0.73627845013,0.839606496267,1.),
  .UNSPECIFIED.);
#1582 = CARTESIAN_POINT('',(291.89039040708,-69.28203221615,
    2.4000000006E+03));
#1583 = CARTESIAN_POINT('',(291.84187362427,-69.48643705565,
    2.398583842417E+03));
#1584 = CARTESIAN_POINT('',(291.80126980089,-69.65676148636,
    2.39716495169E+03));
#1585 = CARTESIAN_POINT('',(291.76865894505,-69.79311226961,
    2.395743884572E+03));
#1586 = CARTESIAN_POINT('',(291.7441011114,-69.89556956324,
    2.394321190472E+03));
#1587 = CARTESIAN_POINT('',(291.72763640111,-69.96418692157,
    2.392897412059E+03));
#1588 = CARTESIAN_POINT('',(291.71928496187,-69.9989912954,
    2.391473085256E+03));
#1589 = CARTESIAN_POINT('',(291.71808376952,-70.00399716357,
    2.384283587445E+03));
#1590 = CARTESIAN_POINT('',(291.85004532519,-69.45405820374,
    2.378522495494E+03));
#1591 = CARTESIAN_POINT('',(292.11460106275,-68.35168434191,
    2.372797080489E+03));
#1592 = CARTESIAN_POINT('',(292.50667028628,-66.68898703541,
    2.36714016814E+03));
#1593 = CARTESIAN_POINT('',(293.01613911496,-64.45025497734,
    2.361590732062E+03));
#1594 = CARTESIAN_POINT('',(293.62618974158,-61.61273348664,
    2.356197826817E+03));
#1595 = CARTESIAN_POINT('',(294.52501800071,-57.06345085386,
    2.349409826189E+03));
#1596 = CARTESIAN_POINT('',(294.7467700264,-55.91653539062,
    2.347812258715E+03));
#1597 = CARTESIAN_POINT('',(294.97507751974,-54.70694069637,
    2.346238349986E+03));
#1598 = CARTESIAN_POINT('',(295.20906059331,-53.43364242393,
    2.34469031133E+03));
#1599 = CARTESIAN_POINT('',(295.44773358559,-52.09558803143,
    2.343170612851E+03));
#1600 = CARTESIAN_POINT('',(295.68999376452,-50.69171972611,
    2.341682012278E+03));
#1601 = CARTESIAN_POINT('',(296.21244322528,-47.55056278958,
    2.3385756556E+03));
#1602 = CARTESIAN_POINT('',(296.49338295821,-45.79348243408,
    2.336967412387E+03));
#1603 = CARTESIAN_POINT('',(296.77555924112,-43.94857442141,
    2.335407808285E+03));
#1604 = CARTESIAN_POINT('',(297.05688535964,-42.014794473,
    2.333902255075E+03));
#1605 = CARTESIAN_POINT('',(297.33504595225,-39.99129814039,
    2.332456669401E+03));
#1606 = CARTESIAN_POINT('',(297.60749893195,-37.87750501823,
    2.331077522072E+03));
#1607 = CARTESIAN_POINT('',(298.07100472904,-34.0072242889,
    2.328785151255E+03));
#1608 = CARTESIAN_POINT('',(298.2657229517,-32.2892546206,
    2.327840217559E+03));
#1609 = CARTESIAN_POINT('',(298.45431592722,-30.52027451765,
    2.326940859564E+03));
#1610 = CARTESIAN_POINT('',(298.63541624429,-28.7015056113,
    2.326090804976E+03));
#1611 = CARTESIAN_POINT('',(298.80764038515,-26.83437316159,
    2.325293741688E+03));
#1612 = CARTESIAN_POINT('',(298.96961003841,-24.92050659614,
    2.324553321459E+03));
#1613 = CARTESIAN_POINT('',(299.35337866058,-19.92119644733,
    2.322817371785E+03));
#1614 = CARTESIAN_POINT('',(299.55926419808,-16.7666467166,
    2.321904765521E+03));
#1615 = CARTESIAN_POINT('',(299.73140045708,-13.51705978361,
    2.321154348016E+03));
#1616 = CARTESIAN_POINT('',(299.86450321436,-10.19317917281,
    2.320580694504E+03));
#1617 = CARTESIAN_POINT('',(299.95473654534,-6.81707812925,
    2.320193988767E+03));
#1618 = CARTESIAN_POINT('',(300.,-3.411645160892,2.32E+03));
#1619 = CARTESIAN_POINT('',(300.,-4.263256414561E-14,2.32E+03));
#1620 = PCURVE('',#76,#1621);
#1621 = DEFINITIONAL_REPRESENTATION('',(#1622),#1661);
#1622 = B_SPLINE_CURVE_WITH_KNOTS('',7,(#1623,#1624,#1625,#1626,#1627,
    #1628,#1629,#1630,#1631,#1632,#1633,#1634,#1635,#1636,#1637,#1638,
    #1639,#1640,#1641,#1642,#1643,#1644,#1645,#1646,#1647,#1648,#1649,
    #1650,#1651,#1652,#1653,#1654,#1655,#1656,#1657,#1658,#1659,#1660),
  .UNSPECIFIED.,.F.,.F.,(8,6,6,6,6,6,8),(0.,9.49328947169E-02,
    0.479181205316,0.599556806891,0.73627845013,0.839606496267,1.),
  .UNSPECIFIED.);
#1623 = CARTESIAN_POINT('',(-2.998245076024,-612.890390407));
#1624 = CARTESIAN_POINT('',(-3.018685558748,-612.8418736242));
#1625 = CARTESIAN_POINT('',(-3.039095169264,-612.8012698008));
#1626 = CARTESIAN_POINT('',(-3.059480109577,-612.768658945));
#1627 = CARTESIAN_POINT('',(-3.079846557972,-612.7441011114));
#1628 = CARTESIAN_POINT('',(-3.100200669007,-612.7276364011));
#1629 = CARTESIAN_POINT('',(-3.12054857352,-612.7192849618));
#1630 = CARTESIAN_POINT('',(-3.223255710003,-612.7180837695));
#1631 = CARTESIAN_POINT('',(-3.305551505867,-612.8500453251));
#1632 = CARTESIAN_POINT('',(-3.388244759466,-613.1146010627));
#1633 = CARTESIAN_POINT('',(-3.471771954666,-613.5066702862));
#1634 = CARTESIAN_POINT('',(-3.556579614373,-614.0161391149));
#1635 = CARTESIAN_POINT('',(-3.643145177995,-614.6261897415));
#1636 = CARTESIAN_POINT('',(-3.759880466358,-615.5250180007));
#1637 = CARTESIAN_POINT('',(-3.78796061428,-615.7467700264));
#1638 = CARTESIAN_POINT('',(-3.816293799851,-615.9750775197));
#1639 = CARTESIAN_POINT('',(-3.84489981989,-616.2090605933));
#1640 = CARTESIAN_POINT('',(-3.8737989361,-616.4477335855));
#1641 = CARTESIAN_POINT('',(-3.903012073147,-616.6899937645));
#1642 = CARTESIAN_POINT('',(-3.966122469958,-617.2124432252));
#1643 = CARTESIAN_POINT('',(-4.000125220713,-617.4933829582));
#1644 = CARTESIAN_POINT('',(-4.034593244456,-617.7755592411));
#1645 = CARTESIAN_POINT('',(-4.069551859266,-618.0568853596));
#1646 = CARTESIAN_POINT('',(-4.105027844574,-618.3350459522));
#1647 = CARTESIAN_POINT('',(-4.141049951571,-618.6074989319));
#1648 = CARTESIAN_POINT('',(-4.205310322585,-619.071004729));
#1649 = CARTESIAN_POINT('',(-4.23330599891,-619.2657229517));
#1650 = CARTESIAN_POINT('',(-4.261631448377,-619.4543159272));
#1651 = CARTESIAN_POINT('',(-4.290282827152,-619.6354162442));
#1652 = CARTESIAN_POINT('',(-4.319257822229,-619.8076403851));
#1653 = CARTESIAN_POINT('',(-4.348555640189,-619.9696100384));
#1654 = CARTESIAN_POINT('',(-4.424157474785,-620.3533786605));
#1655 = CARTESIAN_POINT('',(-4.471005516603,-620.559264198));
#1656 = CARTESIAN_POINT('',(-4.518534876883,-620.731400457));
#1657 = CARTESIAN_POINT('',(-4.566583030029,-620.8645032143));
#1658 = CARTESIAN_POINT('',(-4.615002154641,-620.9547365453));
#1659 = CARTESIAN_POINT('',(-4.663651192372,-621.));
#1660 = CARTESIAN_POINT('',(-4.712388980385,-621.));
#1661 = ( GEOMETRIC_REPRESENTATION_CONTEXT(2) 
PARAMETRIC_REPRESENTATION_CONTEXT() REPRESENTATION_CONTEXT('2D SPACE',''
  ) );
#1662 = PCURVE('',#1064,#1663);
#1663 = DEFINITIONAL_REPRESENTATION('',(#1664),#1703);
#1664 = B_SPLINE_CURVE_WITH_KNOTS('',7,(#1665,#1666,#1667,#1668,#1669,
    #1670,#1671,#1672,#1673,#1674,#1675,#1676,#1677,#1678,#1679,#1680,
    #1681,#1682,#1683,#1684,#1685,#1686,#1687,#1688,#1689,#1690,#1691,
    #1692,#1693,#1694,#1695,#1696,#1697,#1698,#1699,#1700,#1701,#1702),
  .UNSPECIFIED.,.F.,.F.,(8,6,6,6,6,6,8),(0.,9.49328947169E-02,
    0.479181205316,0.599556806891,0.73627845013,0.839606496267,1.),
  .UNSPECIFIED.);
#1665 = CARTESIAN_POINT('',(6.050141508487,200.0000006));
#1666 = CARTESIAN_POINT('',(6.049441229046,198.58384241738));
#1667 = CARTESIAN_POINT('',(6.048857571277,197.1649516901));
#1668 = CARTESIAN_POINT('',(6.048390250495,195.74388457156));
#1669 = CARTESIAN_POINT('',(6.048039053016,194.32119047205));
#1670 = CARTESIAN_POINT('',(6.04780383616,192.89741205875));
#1671 = CARTESIAN_POINT('',(6.047684528254,191.47308525569));
#1672 = CARTESIAN_POINT('',(6.047667368359,184.28358744457));
#1673 = CARTESIAN_POINT('',(6.04955253374,178.52249549411));
#1674 = CARTESIAN_POINT('',(6.053331454303,172.79708048859));
#1675 = CARTESIAN_POINT('',(6.059025719383,167.14016814014));
#1676 = CARTESIAN_POINT('',(6.06667846095,161.5907320622));
#1677 = CARTESIAN_POINT('',(6.076351643018,156.1978268167));
#1678 = CARTESIAN_POINT('',(6.091809062924,149.40982618925));
#1679 = CARTESIAN_POINT('',(6.095702884491,147.81225871461));
#1680 = CARTESIAN_POINT('',(6.099805992758,146.23834998567));
#1681 = CARTESIAN_POINT('',(6.104121290702,144.69031132962));
#1682 = CARTESIAN_POINT('',(6.108651760881,143.1706128513));
#1683 = CARTESIAN_POINT('',(6.113400400177,141.68201227765));
#1684 = CARTESIAN_POINT('',(6.124014761695,138.57565559976));
#1685 = CARTESIAN_POINT('',(6.129945973027,136.96741238722));
#1686 = CARTESIAN_POINT('',(6.136166946157,135.4078082854));
#1687 = CARTESIAN_POINT('',(6.142680401088,133.90225507472));
#1688 = CARTESIAN_POINT('',(6.149488449178,132.45666940079));
#1689 = CARTESIAN_POINT('',(6.156592426576,131.07752207237));
#1690 = CARTESIAN_POINT('',(6.169585548922,128.7851512554));
#1691 = CARTESIAN_POINT('',(6.175348664902,127.84021755947));
#1692 = CARTESIAN_POINT('',(6.181278466039,126.94085956386));
#1693 = CARTESIAN_POINT('',(6.1873707329,126.09080497574));
#1694 = CARTESIAN_POINT('',(6.193620649817,125.29374168814));
#1695 = CARTESIAN_POINT('',(6.200022814096,124.55332145854));
#1696 = CARTESIAN_POINT('',(6.216736208698,122.81737178534));
#1697 = CARTESIAN_POINT('',(6.22727305796,121.90476552134));
#1698 = CARTESIAN_POINT('',(6.238118868213,121.15434801617));
#1699 = CARTESIAN_POINT('',(6.249205644358,120.58069450398));
#1700 = CARTESIAN_POINT('',(6.260461712186,120.19398876721));
#1701 = CARTESIAN_POINT('',(6.271813156643,120.));
#1702 = CARTESIAN_POINT('',(6.28318530718,120.));
#1703 = ( GEOMETRIC_REPRESENTATION_CONTEXT(2) 
PARAMETRIC_REPRESENTATION_CONTEXT() REPRESENTATION_CONTEXT('2D SPACE',''
  ) );
#1704 = ORIENTED_EDGE('',*,*,#1705,.F.);
#1705 = EDGE_CURVE('',#1706,#1578,#1708,.T.);
#1706 = VERTEX_POINT('',#1707);
#1707 = CARTESIAN_POINT('',(293.93876913398,-7.199423455305E-14,2.46E+03
    ));
#1708 = SURFACE_CURVE('',#1709,(#1740,#1774),.PCURVE_S1.);
#1709 = B_SPLINE_CURVE_WITH_KNOTS('',8,(#1710,#1711,#1712,#1713,#1714,
    #1715,#1716,#1717,#1718,#1719,#1720,#1721,#1722,#1723,#1724,#1725,
    #1726,#1727,#1728,#1729,#1730,#1731,#1732,#1733,#1734,#1735,#1736,
    #1737,#1738,#1739),.UNSPECIFIED.,.F.,.F.,(9,7,7,7,9),(0.,
    0.366457177612,0.547266838781,0.72647033169,1.),.UNSPECIFIED.);
#1710 = CARTESIAN_POINT('',(293.93876913398,0.,2.46E+03));
#1711 = CARTESIAN_POINT('',(293.93876913398,-4.579413059609,2.46E+03));
#1712 = CARTESIAN_POINT('',(293.92712099083,-9.159436677111,
    2.459657615914E+03));
#1713 = CARTESIAN_POINT('',(293.90381927608,-13.70921923575,
    2.458972688179E+03));
#1714 = CARTESIAN_POINT('',(293.86897633388,-18.19881025015,
    2.457948595006E+03));
#1715 = CARTESIAN_POINT('',(293.8228019536,-22.59903904243,
    2.456591655045E+03));
#1716 = CARTESIAN_POINT('',(293.76560192767,-26.88152504752,
    2.454911075657E+03));
#1717 = CARTESIAN_POINT('',(293.69777959296,-31.0187102181,
    2.452918983286E+03));
#1718 = CARTESIAN_POINT('',(293.58140822529,-36.94054273999,
    2.449502088867E+03));
#1719 = CARTESIAN_POINT('',(293.54049868492,-38.85534779849,
    2.448301072471E+03));
#1720 = CARTESIAN_POINT('',(293.49718763476,-40.72533710995,
    2.447029749781E+03));
#1721 = CARTESIAN_POINT('',(293.4515406836,-42.54750271253,
    2.445690086972E+03));
#1722 = CARTESIAN_POINT('',(293.40362836566,-44.31895035756,
    2.444284196126E+03));
#1723 = CARTESIAN_POINT('',(293.35352607962,-46.03689791179,
    2.442814332786E+03));
#1724 = CARTESIAN_POINT('',(293.30131416697,-47.69867684391,
    2.441282897526E+03));
#1725 = CARTESIAN_POINT('',(293.19332388107,-50.89055644637,
    2.438116113946E+03));
#1726 = CARTESIAN_POINT('',(293.13758048241,-52.42172015044,
    2.436481785298E+03));
#1727 = CARTESIAN_POINT('',(293.07993104766,-53.89274253078,
    2.4347919357E+03));
#1728 = CARTESIAN_POINT('',(293.02046254642,-55.3012851309,
    2.433049157636E+03));
#1729 = CARTESIAN_POINT('',(292.95926566373,-56.64515061272,
    2.431256151231E+03));
#1730 = CARTESIAN_POINT('',(292.89643475977,-57.92228071233,
    2.429415722397E+03));
#1731 = CARTESIAN_POINT('',(292.83206792935,-59.13075795369,
    2.427530783902E+03));
#1732 = CARTESIAN_POINT('',(292.66583127081,-62.00589392009,
    2.422663935304E+03));
#1733 = CARTESIAN_POINT('',(292.5620494853,-63.57899225363,
    2.419626707552E+03));
#1734 = CARTESIAN_POINT('',(292.45528720661,-64.98172192373,
    2.416503508272E+03));
#1735 = CARTESIAN_POINT('',(292.3459222588,-66.20868094993,
    2.413305516087E+03));
#1736 = CARTESIAN_POINT('',(292.23434391392,-67.25536638869,
    2.410044222873E+03));
#1737 = CARTESIAN_POINT('',(292.1209525575,-68.11814621716,
    2.406731419935E+03));
#1738 = CARTESIAN_POINT('',(292.00615999314,-68.79428628048,
    2.403379203567E+03));
#1739 = CARTESIAN_POINT('',(291.89039038652,-69.28203230275,2.4E+03));
#1740 = PCURVE('',#76,#1741);
#1741 = DEFINITIONAL_REPRESENTATION('',(#1742),#1773);
#1742 = B_SPLINE_CURVE_WITH_KNOTS('',8,(#1743,#1744,#1745,#1746,#1747,
    #1748,#1749,#1750,#1751,#1752,#1753,#1754,#1755,#1756,#1757,#1758,
    #1759,#1760,#1761,#1762,#1763,#1764,#1765,#1766,#1767,#1768,#1769,
    #1770,#1771,#1772),.UNSPECIFIED.,.F.,.F.,(9,7,7,7,9),(0.,
    0.366457177612,0.547266838781,0.72647033169,1.),.UNSPECIFIED.);
#1743 = CARTESIAN_POINT('',(-1.570796326795,-614.9387691339));
#1744 = CARTESIAN_POINT('',(-1.636216513361,-614.9387691339));
#1745 = CARTESIAN_POINT('',(-1.701645419846,-614.9271209908));
#1746 = CARTESIAN_POINT('',(-1.767068971924,-614.903819276));
#1747 = CARTESIAN_POINT('',(-1.83248635372,-614.8689763338));
#1748 = CARTESIAN_POINT('',(-1.897900871567,-614.8228019535));
#1749 = CARTESIAN_POINT('',(-1.963315896222,-614.7656019276));
#1750 = CARTESIAN_POINT('',(-2.02873080582,-614.6977795929));
#1751 = CARTESIAN_POINT('',(-2.126400875065,-614.5814082252));
#1752 = CARTESIAN_POINT('',(-2.158668819492,-614.5404986849));
#1753 = CARTESIAN_POINT('',(-2.190935392772,-614.4971876347));
#1754 = CARTESIAN_POINT('',(-2.223200518566,-614.4515406836));
#1755 = CARTESIAN_POINT('',(-2.255464300807,-614.4036283656));
#1756 = CARTESIAN_POINT('',(-2.287726853593,-614.3535260796));
#1757 = CARTESIAN_POINT('',(-2.319988132272,-614.3013141669));
#1758 = CARTESIAN_POINT('',(-2.38422083048,-614.193323881));
#1759 = CARTESIAN_POINT('',(-2.416192769058,-614.1375804824));
#1760 = CARTESIAN_POINT('',(-2.448163233626,-614.0799310476));
#1761 = CARTESIAN_POINT('',(-2.480132208678,-614.0204625464));
#1762 = CARTESIAN_POINT('',(-2.512099849289,-613.9592656637));
#1763 = CARTESIAN_POINT('',(-2.544066320515,-613.8964347597));
#1764 = CARTESIAN_POINT('',(-2.576031637943,-613.8320679293));
#1765 = CARTESIAN_POINT('',(-2.656783995724,-613.6658312708));
#1766 = CARTESIAN_POINT('',(-2.705571582798,-613.5620494853));
#1767 = CARTESIAN_POINT('',(-2.75435569412,-613.4552872066));
#1768 = CARTESIAN_POINT('',(-2.803136379583,-613.3459222588));
#1769 = CARTESIAN_POINT('',(-2.85191501287,-613.2343439139));
#1770 = CARTESIAN_POINT('',(-2.90069299763,-613.1209525575));
#1771 = CARTESIAN_POINT('',(-2.949470482457,-613.0061599931));
#1772 = CARTESIAN_POINT('',(-2.998245084684,-612.8903903865));
#1773 = ( GEOMETRIC_REPRESENTATION_CONTEXT(2) 
PARAMETRIC_REPRESENTATION_CONTEXT() REPRESENTATION_CONTEXT('2D SPACE',''
  ) );
#1774 = PCURVE('',#1148,#1775);
#1775 = DEFINITIONAL_REPRESENTATION('',(#1776),#1807);
#1776 = B_SPLINE_CURVE_WITH_KNOTS('',8,(#1777,#1778,#1779,#1780,#1781,
    #1782,#1783,#1784,#1785,#1786,#1787,#1788,#1789,#1790,#1791,#1792,
    #1793,#1794,#1795,#1796,#1797,#1798,#1799,#1800,#1801,#1802,#1803,
    #1804,#1805,#1806),.UNSPECIFIED.,.F.,.F.,(9,7,7,7,9),(0.,
    0.366457177612,0.547266838781,0.72647033169,1.),.UNSPECIFIED.);
#1777 = CARTESIAN_POINT('',(6.28318530718,0.20135792079));
#1778 = CARTESIAN_POINT('',(6.267605827572,0.20135792079));
#1779 = CARTESIAN_POINT('',(6.252024270771,0.200193106445));
#1780 = CARTESIAN_POINT('',(6.2365546513,0.19786293515));
#1781 = CARTESIAN_POINT('',(6.22130792663,0.194380449834));
#1782 = CARTESIAN_POINT('',(6.206390892973,0.189770254841));
#1783 = CARTESIAN_POINT('',(6.191904698015,0.184067900437));
#1784 = CARTESIAN_POINT('',(6.177944092341,0.177319238138));
#1785 = CARTESIAN_POINT('',(6.158011470542,0.165763833211));
#1786 = CARTESIAN_POINT('',(6.15157484977,0.161705034979));
#1787 = CARTESIAN_POINT('',(6.145297427592,0.157411869333));
#1788 = CARTESIAN_POINT('',(6.139188947352,0.15289151411));
#1789 = CARTESIAN_POINT('',(6.133258572393,0.148151602385));
#1790 = CARTESIAN_POINT('',(6.127514908236,0.143200195304));
#1791 = CARTESIAN_POINT('',(6.121966023191,0.138045771086));
#1792 = CARTESIAN_POINT('',(6.1113204061,0.127396201556));
#1793 = CARTESIAN_POINT('',(6.106220013693,0.12190440816));
#1794 = CARTESIAN_POINT('',(6.101325649228,0.116230503194));
#1795 = CARTESIAN_POINT('',(6.096644060163,0.11038343708));
#1796 = CARTESIAN_POINT('',(6.092181435994,0.104372429788));
#1797 = CARTESIAN_POINT('',(6.087943451236,9.820695739235E-02));
#1798 = CARTESIAN_POINT('',(6.083935297762,9.189675294949E-02));
#1799 = CARTESIAN_POINT('',(6.074401834553,7.561451388452E-02));
#1800 = CARTESIAN_POINT('',(6.069188147566,6.546281885165E-02));
#1801 = CARTESIAN_POINT('',(6.064537756518,5.503258691381E-02));
#1802 = CARTESIAN_POINT('',(6.060464626257,4.436028527407E-02));
#1803 = CARTESIAN_POINT('',(6.056980195304,3.348291996402E-02));
#1804 = CARTESIAN_POINT('',(6.054093742221,2.243806688059E-02));
#1805 = CARTESIAN_POINT('',(6.051812498529,1.126401189019E-02));
#1806 = CARTESIAN_POINT('',(6.05014150819,0.));
#1807 = ( GEOMETRIC_REPRESENTATION_CONTEXT(2) 
PARAMETRIC_REPRESENTATION_CONTEXT() REPRESENTATION_CONTEXT('2D SPACE',''
  ) );
#1808 = ORIENTED_EDGE('',*,*,#1809,.F.);
#1809 = EDGE_CURVE('',#1412,#1706,#1810,.T.);
#1810 = SURFACE_CURVE('',#1811,(#1842,#1876),.PCURVE_S1.);
#1811 = B_SPLINE_CURVE_WITH_KNOTS('',8,(#1812,#1813,#1814,#1815,#1816,
    #1817,#1818,#1819,#1820,#1821,#1822,#1823,#1824,#1825,#1826,#1827,
    #1828,#1829,#1830,#1831,#1832,#1833,#1834,#1835,#1836,#1837,#1838,
    #1839,#1840,#1841),.UNSPECIFIED.,.F.,.F.,(9,7,7,7,9),(0.,
    0.272481308123,0.451920452813,0.633468028277,1.),.UNSPECIFIED.);
#1812 = CARTESIAN_POINT('',(291.89039038652,69.282032302755,2.4E+03));
#1813 = CARTESIAN_POINT('',(292.0057162881,68.796155643064,
    2.403366252243E+03));
#1814 = CARTESIAN_POINT('',(292.1200725695,68.12332649937,
    2.406705722212E+03));
#1815 = CARTESIAN_POINT('',(292.23303997718,67.265279120706,
    2.410006127572E+03));
#1816 = CARTESIAN_POINT('',(292.34421140257,66.224712377344,
    2.413255510064E+03));
#1817 = CARTESIAN_POINT('',(292.45319096105,65.005209592148,
    2.416442211172E+03));
#1818 = CARTESIAN_POINT('',(292.55959369423,63.611212207136,
    2.419554866698E+03));
#1819 = CARTESIAN_POINT('',(292.6630458957,62.048047285271,
    2.422582420245E+03));
#1820 = CARTESIAN_POINT('',(292.82913210851,59.185347903214,
    2.427444813127E+03));
#1821 = CARTESIAN_POINT('',(292.8936440117,57.978015645794,
    2.429333981174E+03));
#1822 = CARTESIAN_POINT('',(292.95661928397,56.701785765749,
    2.431178621509E+03));
#1823 = CARTESIAN_POINT('',(293.01795934772,55.358579140308,
    2.432975807138E+03));
#1824 = CARTESIAN_POINT('',(293.07756937359,53.950458312863,
    2.434722718299E+03));
#1825 = CARTESIAN_POINT('',(293.13535822066,52.479625763696,
    2.436416641381E+03));
#1826 = CARTESIAN_POINT('',(293.19123847692,50.948425971955,
    2.438054970785E+03));
#1827 = CARTESIAN_POINT('',(293.2996479148,47.751604753661,
    2.441234024719E+03));
#1828 = CARTESIAN_POINT('',(293.35213086256,46.084590001367,
    2.442773401308E+03));
#1829 = CARTESIAN_POINT('',(293.40248878297,44.360885834254,
    2.444250757773E+03));
#1830 = CARTESIAN_POINT('',(293.45064025961,42.583191320153,
    2.44566366147E+03));
#1831 = CARTESIAN_POINT('',(293.49650889754,40.754321083854,
    2.447009827084E+03));
#1832 = CARTESIAN_POINT('',(293.54002324316,38.877203781331,
    2.448287115017E+03));
#1833 = CARTESIAN_POINT('',(293.58111684663,36.954883736802,
    2.449493533903E+03));
#1834 = CARTESIAN_POINT('',(293.69768265142,31.024623102911,
    2.452916135898E+03));
#1835 = CARTESIAN_POINT('',(293.76553184696,26.886771258482,
    2.454909016633E+03));
#1836 = CARTESIAN_POINT('',(293.82275480689,22.603531308152,
    2.456590269531E+03));
#1837 = CARTESIAN_POINT('',(293.86894787136,18.202477236876,
    2.457947758444E+03));
#1838 = CARTESIAN_POINT('',(293.9038050008,13.712006380442,
    2.458972268573E+03));
#1839 = CARTESIAN_POINT('',(293.92711623472,9.161306984741,
    2.459657476113E+03));
#1840 = CARTESIAN_POINT('',(293.93876913398,4.580347884775,2.46E+03));
#1841 = CARTESIAN_POINT('',(293.93876913398,2.143131898508E-15,2.46E+03)
  );
#1842 = PCURVE('',#76,#1843);
#1843 = DEFINITIONAL_REPRESENTATION('',(#1844),#1875);
#1844 = B_SPLINE_CURVE_WITH_KNOTS('',8,(#1845,#1846,#1847,#1848,#1849,
    #1850,#1851,#1852,#1853,#1854,#1855,#1856,#1857,#1858,#1859,#1860,
    #1861,#1862,#1863,#1864,#1865,#1866,#1867,#1868,#1869,#1870,#1871,
    #1872,#1873,#1874),.UNSPECIFIED.,.F.,.F.,(9,7,7,7,9),(0.,
    0.272481308123,0.451920452813,0.633468028277,1.),.UNSPECIFIED.);
#1845 = CARTESIAN_POINT('',(-0.143347568905,-612.8903903865));
#1846 = CARTESIAN_POINT('',(-0.191935234875,-613.0057162881));
#1847 = CARTESIAN_POINT('',(-0.240525739437,-613.1200725695));
#1848 = CARTESIAN_POINT('',(-0.289116747998,-613.2330399771));
#1849 = CARTESIAN_POINT('',(-0.337708409347,-613.3442114025));
#1850 = CARTESIAN_POINT('',(-0.386302103482,-613.453190961));
#1851 = CARTESIAN_POINT('',(-0.434899180831,-613.5595936942));
#1852 = CARTESIAN_POINT('',(-0.483499692873,-613.6630458957));
#1853 = CARTESIAN_POINT('',(-0.56410696997,-613.8291321085));
#1854 = CARTESIAN_POINT('',(-0.596114274573,-613.8936440117));
#1855 = CARTESIAN_POINT('',(-0.628122734067,-613.9566192839));
#1856 = CARTESIAN_POINT('',(-0.660132364338,-614.0179593477));
#1857 = CARTESIAN_POINT('',(-0.692143331731,-614.0775693735));
#1858 = CARTESIAN_POINT('',(-0.724155792569,-614.1353582206));
#1859 = CARTESIAN_POINT('',(-0.756169731506,-614.1912384769));
#1860 = CARTESIAN_POINT('',(-0.820576046657,-614.2996479148));
#1861 = CARTESIAN_POINT('',(-0.852968956476,-614.3521308625));
#1862 = CARTESIAN_POINT('',(-0.885363149781,-614.4024887829));
#1863 = CARTESIAN_POINT('',(-0.917758581345,-614.4506402596));
#1864 = CARTESIAN_POINT('',(-0.950155367983,-614.4965088975));
#1865 = CARTESIAN_POINT('',(-0.982553616188,-614.5400232431));
#1866 = CARTESIAN_POINT('',(-1.014953248538,-614.5811168466));
#1867 = CARTESIAN_POINT('',(-1.11276835484,-614.6976826514));
#1868 = CARTESIAN_POINT('',(-1.178196620145,-614.7655318469));
#1869 = CARTESIAN_POINT('',(-1.243624998508,-614.8227548068));
#1870 = CARTESIAN_POINT('',(-1.309052868356,-614.8689478713));
#1871 = CARTESIAN_POINT('',(-1.374483603957,-614.9038050008));
#1872 = CARTESIAN_POINT('',(-1.439920515068,-614.9271162347));
#1873 = CARTESIAN_POINT('',(-1.505362785584,-614.9387691339));
#1874 = CARTESIAN_POINT('',(-1.570796326795,-614.9387691339));
#1875 = ( GEOMETRIC_REPRESENTATION_CONTEXT(2) 
PARAMETRIC_REPRESENTATION_CONTEXT() REPRESENTATION_CONTEXT('2D SPACE',''
  ) );
#1876 = PCURVE('',#1148,#1877);
#1877 = DEFINITIONAL_REPRESENTATION('',(#1878),#1909);
#1878 = B_SPLINE_CURVE_WITH_KNOTS('',8,(#1879,#1880,#1881,#1882,#1883,
    #1884,#1885,#1886,#1887,#1888,#1889,#1890,#1891,#1892,#1893,#1894,
    #1895,#1896,#1897,#1898,#1899,#1900,#1901,#1902,#1903,#1904,#1905,
    #1906,#1907,#1908),.UNSPECIFIED.,.F.,.F.,(9,7,7,7,9),(0.,
    0.272481308123,0.451920452813,0.633468028277,1.),.UNSPECIFIED.);
#1879 = CARTESIAN_POINT('',(0.233043798989,0.));
#1880 = CARTESIAN_POINT('',(0.231379212981,1.122084081063E-02));
#1881 = CARTESIAN_POINT('',(0.229109043229,2.235240779455E-02));
#1882 = CARTESIAN_POINT('',(0.226238276023,3.335591070164E-02));
#1883 = CARTESIAN_POINT('',(0.222774051003,4.419350097225E-02));
#1884 = CARTESIAN_POINT('',(0.218725524009,5.48280278553E-02));
#1885 = CARTESIAN_POINT('',(0.21410397786,6.522290091752E-02));
#1886 = CARTESIAN_POINT('',(0.208923181044,7.534205894377E-02));
#1887 = CARTESIAN_POINT('',(0.199431061587,9.160897146545E-02));
#1888 = CARTESIAN_POINT('',(0.195426784271,9.793316614324E-02));
#1889 = CARTESIAN_POINT('',(0.191191897694,0.104112578474));
#1890 = CARTESIAN_POINT('',(0.186731600166,0.110137430678));
#1891 = CARTESIAN_POINT('',(0.182051574775,0.115998202631));
#1892 = CARTESIAN_POINT('',(0.177158021937,0.121685630909));
#1893 = CARTESIAN_POINT('',(0.17205770273,0.127190722238));
#1894 = CARTESIAN_POINT('',(0.161396011078,0.137881281285));
#1895 = CARTESIAN_POINT('',(0.155829840982,0.143062317769));
#1896 = CARTESIAN_POINT('',(0.150067113204,0.148038872222));
#1897 = CARTESIAN_POINT('',(0.144115984746,0.152802354912));
#1898 = CARTESIAN_POINT('',(0.137985158579,0.157344599531));
#1899 = CARTESIAN_POINT('',(0.13168390472,0.161657874349));
#1900 = CARTESIAN_POINT('',(0.125222082944,0.165734909968));
#1901 = CARTESIAN_POINT('',(0.105261167376,0.177309591976));
#1902 = CARTESIAN_POINT('',(9.129835529237E-02,0.184060913994));
#1903 = CARTESIAN_POINT('',(7.68096432354E-02,0.189765547569));
#1904 = CARTESIAN_POINT('',(6.1889833692E-02,0.194377605059));
#1905 = CARTESIAN_POINT('',(4.664013239196E-02,0.197861507623));
#1906 = CARTESIAN_POINT('',(3.116739932466E-02,0.200192630834));
#1907 = CARTESIAN_POINT('',(1.558265994741E-02,0.20135792079));
#1908 = CARTESIAN_POINT('',(7.291082781703E-18,0.20135792079));
#1909 = ( GEOMETRIC_REPRESENTATION_CONTEXT(2) 
PARAMETRIC_REPRESENTATION_CONTEXT() REPRESENTATION_CONTEXT('2D SPACE',''
  ) );
#1910 = ADVANCED_FACE('',(#1911,#1914),#238,.F.);
#1911 = FACE_BOUND('',#1912,.F.);
#1912 = EDGE_LOOP('',(#1913));
#1913 = ORIENTED_EDGE('',*,*,#223,.T.);
#1914 = FACE_BOUND('',#1915,.F.);
#1915 = EDGE_LOOP('',(#1916));
#1916 = ORIENTED_EDGE('',*,*,#1917,.F.);
#1917 = EDGE_CURVE('',#1918,#1918,#1920,.T.);
#1918 = VERTEX_POINT('',#1919);
#1919 = CARTESIAN_POINT('',(300.,-7.347880794884E-14,2.2E+03));
#1920 = SURFACE_CURVE('',#1921,(#1926,#1933),.PCURVE_S1.);
#1921 = CIRCLE('',#1922,300.);
#1922 = AXIS2_PLACEMENT_3D('',#1923,#1924,#1925);
#1923 = CARTESIAN_POINT('',(0.,0.,2.2E+03));
#1924 = DIRECTION('',(0.,0.,1.));
#1925 = DIRECTION('',(1.,0.,0.));
#1926 = PCURVE('',#238,#1927);
#1927 = DEFINITIONAL_REPRESENTATION('',(#1928),#1932);
#1928 = CIRCLE('',#1929,300.);
#1929 = AXIS2_PLACEMENT_2D('',#1930,#1931);
#1930 = CARTESIAN_POINT('',(0.,0.));
#1931 = DIRECTION('',(1.,0.));
#1932 = ( GEOMETRIC_REPRESENTATION_CONTEXT(2) 
PARAMETRIC_REPRESENTATION_CONTEXT() REPRESENTATION_CONTEXT('2D SPACE',''
  ) );
#1933 = PCURVE('',#1934,#1939);
#1934 = PLANE('',#1935);
#1935 = AXIS2_PLACEMENT_3D('',#1936,#1937,#1938);
#1936 = CARTESIAN_POINT('',(0.,0.,2.2E+03));
#1937 = DIRECTION('',(0.,0.,1.));
#1938 = DIRECTION('',(1.,0.,0.));
#1939 = DEFINITIONAL_REPRESENTATION('',(#1940),#1944);
#1940 = CIRCLE('',#1941,300.);
#1941 = AXIS2_PLACEMENT_2D('',#1942,#1943);
#1942 = CARTESIAN_POINT('',(0.,0.));
#1943 = DIRECTION('',(1.,0.));
#1944 = ( GEOMETRIC_REPRESENTATION_CONTEXT(2) 
PARAMETRIC_REPRESENTATION_CONTEXT() REPRESENTATION_CONTEXT('2D SPACE',''
  ) );
#1945 = ADVANCED_FACE('',(#1946),#1004,.F.);
#1946 = FACE_BOUND('',#1947,.F.);
#1947 = EDGE_LOOP('',(#1948,#1949,#1972,#1994));
#1948 = ORIENTED_EDGE('',*,*,#989,.F.);
#1949 = ORIENTED_EDGE('',*,*,#1950,.F.);
#1950 = EDGE_CURVE('',#1951,#966,#1953,.T.);
#1951 = VERTEX_POINT('',#1952);
#1952 = CARTESIAN_POINT('',(90.000000000006,-2.204364238465E-14,
    2.686181760425E+03));
#1953 = SEAM_CURVE('',#1954,(#1958,#1965),.PCURVE_S1.);
#1954 = LINE('',#1955,#1956);
#1955 = CARTESIAN_POINT('',(90.,-2.204364238465E-14,2.399E+03));
#1956 = VECTOR('',#1957,1.);
#1957 = DIRECTION('',(0.,0.,1.));
#1958 = PCURVE('',#1004,#1959);
#1959 = DEFINITIONAL_REPRESENTATION('',(#1960),#1964);
#1960 = LINE('',#1961,#1962);
#1961 = CARTESIAN_POINT('',(6.28318530718,-0.));
#1962 = VECTOR('',#1963,1.);
#1963 = DIRECTION('',(0.,1.));
#1964 = ( GEOMETRIC_REPRESENTATION_CONTEXT(2) 
PARAMETRIC_REPRESENTATION_CONTEXT() REPRESENTATION_CONTEXT('2D SPACE',''
  ) );
#1965 = PCURVE('',#1004,#1966);
#1966 = DEFINITIONAL_REPRESENTATION('',(#1967),#1971);
#1967 = LINE('',#1968,#1969);
#1968 = CARTESIAN_POINT('',(0.,-0.));
#1969 = VECTOR('',#1970,1.);
#1970 = DIRECTION('',(0.,1.));
#1971 = ( GEOMETRIC_REPRESENTATION_CONTEXT(2) 
PARAMETRIC_REPRESENTATION_CONTEXT() REPRESENTATION_CONTEXT('2D SPACE',''
  ) );
#1972 = ORIENTED_EDGE('',*,*,#1973,.T.);
#1973 = EDGE_CURVE('',#1951,#1951,#1974,.T.);
#1974 = SURFACE_CURVE('',#1975,(#1980,#1987),.PCURVE_S1.);
#1975 = CIRCLE('',#1976,90.);
#1976 = AXIS2_PLACEMENT_3D('',#1977,#1978,#1979);
#1977 = CARTESIAN_POINT('',(0.,0.,2.686181760425E+03));
#1978 = DIRECTION('',(0.,0.,1.));
#1979 = DIRECTION('',(0.,-1.,0.));
#1980 = PCURVE('',#1004,#1981);
#1981 = DEFINITIONAL_REPRESENTATION('',(#1982),#1986);
#1982 = LINE('',#1983,#1984);
#1983 = CARTESIAN_POINT('',(-1.570796326795,287.18176042508));
#1984 = VECTOR('',#1985,1.);
#1985 = DIRECTION('',(1.,0.));
#1986 = ( GEOMETRIC_REPRESENTATION_CONTEXT(2) 
PARAMETRIC_REPRESENTATION_CONTEXT() REPRESENTATION_CONTEXT('2D SPACE',''
  ) );
#1987 = PCURVE('',#1148,#1988);
#1988 = DEFINITIONAL_REPRESENTATION('',(#1989),#1993);
#1989 = LINE('',#1990,#1991);
#1990 = CARTESIAN_POINT('',(-1.570796326795,1.266103672779));
#1991 = VECTOR('',#1992,1.);
#1992 = DIRECTION('',(1.,0.));
#1993 = ( GEOMETRIC_REPRESENTATION_CONTEXT(2) 
PARAMETRIC_REPRESENTATION_CONTEXT() REPRESENTATION_CONTEXT('2D SPACE',''
  ) );
#1994 = ORIENTED_EDGE('',*,*,#1950,.T.);
#1995 = ADVANCED_FACE('',(#1996),#1064,.F.);
#1996 = FACE_BOUND('',#1997,.F.);
#1997 = EDGE_LOOP('',(#1998,#2027,#2048,#2049,#2070,#2071,#2072,#2093,
    #2094,#2095));
#1998 = ORIENTED_EDGE('',*,*,#1999,.T.);
#1999 = EDGE_CURVE('',#2000,#2000,#2002,.T.);
#2000 = VERTEX_POINT('',#2001);
#2001 = CARTESIAN_POINT('',(300.,-7.347880794884E-14,2.22E+03));
#2002 = SURFACE_CURVE('',#2003,(#2008,#2015),.PCURVE_S1.);
#2003 = CIRCLE('',#2004,300.);
#2004 = AXIS2_PLACEMENT_3D('',#2005,#2006,#2007);
#2005 = CARTESIAN_POINT('',(0.,0.,2.22E+03));
#2006 = DIRECTION('',(0.,0.,1.));
#2007 = DIRECTION('',(1.,0.,0.));
#2008 = PCURVE('',#1064,#2009);
#2009 = DEFINITIONAL_REPRESENTATION('',(#2010),#2014);
#2010 = LINE('',#2011,#2012);
#2011 = CARTESIAN_POINT('',(0.,20.));
#2012 = VECTOR('',#2013,1.);
#2013 = DIRECTION('',(1.,0.));
#2014 = ( GEOMETRIC_REPRESENTATION_CONTEXT(2) 
PARAMETRIC_REPRESENTATION_CONTEXT() REPRESENTATION_CONTEXT('2D SPACE',''
  ) );
#2015 = PCURVE('',#2016,#2021);
#2016 = PLANE('',#2017);
#2017 = AXIS2_PLACEMENT_3D('',#2018,#2019,#2020);
#2018 = CARTESIAN_POINT('',(0.,0.,2.22E+03));
#2019 = DIRECTION('',(0.,0.,1.));
#2020 = DIRECTION('',(1.,0.,0.));
#2021 = DEFINITIONAL_REPRESENTATION('',(#2022),#2026);
#2022 = CIRCLE('',#2023,300.);
#2023 = AXIS2_PLACEMENT_2D('',#2024,#2025);
#2024 = CARTESIAN_POINT('',(0.,0.));
#2025 = DIRECTION('',(1.,0.));
#2026 = ( GEOMETRIC_REPRESENTATION_CONTEXT(2) 
PARAMETRIC_REPRESENTATION_CONTEXT() REPRESENTATION_CONTEXT('2D SPACE',''
  ) );
#2027 = ORIENTED_EDGE('',*,*,#2028,.T.);
#2028 = EDGE_CURVE('',#2000,#1468,#2029,.T.);
#2029 = SEAM_CURVE('',#2030,(#2034,#2041),.PCURVE_S1.);
#2030 = LINE('',#2031,#2032);
#2031 = CARTESIAN_POINT('',(300.,-7.347880794884E-14,2.2E+03));
#2032 = VECTOR('',#2033,1.);
#2033 = DIRECTION('',(0.,0.,1.));
#2034 = PCURVE('',#1064,#2035);
#2035 = DEFINITIONAL_REPRESENTATION('',(#2036),#2040);
#2036 = LINE('',#2037,#2038);
#2037 = CARTESIAN_POINT('',(0.,-0.));
#2038 = VECTOR('',#2039,1.);
#2039 = DIRECTION('',(0.,1.));
#2040 = ( GEOMETRIC_REPRESENTATION_CONTEXT(2) 
PARAMETRIC_REPRESENTATION_CONTEXT() REPRESENTATION_CONTEXT('2D SPACE',''
  ) );
#2041 = PCURVE('',#1064,#2042);
#2042 = DEFINITIONAL_REPRESENTATION('',(#2043),#2047);
#2043 = LINE('',#2044,#2045);
#2044 = CARTESIAN_POINT('',(6.28318530718,-0.));
#2045 = VECTOR('',#2046,1.);
#2046 = DIRECTION('',(0.,1.));
#2047 = ( GEOMETRIC_REPRESENTATION_CONTEXT(2) 
PARAMETRIC_REPRESENTATION_CONTEXT() REPRESENTATION_CONTEXT('2D SPACE',''
  ) );
#2048 = ORIENTED_EDGE('',*,*,#1577,.F.);
#2049 = ORIENTED_EDGE('',*,*,#2050,.F.);
#2050 = EDGE_CURVE('',#1079,#1578,#2051,.T.);
#2051 = SURFACE_CURVE('',#2052,(#2057,#2064),.PCURVE_S1.);
#2052 = CIRCLE('',#2053,300.);
#2053 = AXIS2_PLACEMENT_3D('',#2054,#2055,#2056);
#2054 = CARTESIAN_POINT('',(0.,0.,2.4E+03));
#2055 = DIRECTION('',(0.,0.,1.));
#2056 = DIRECTION('',(1.,0.,0.));
#2057 = PCURVE('',#1064,#2058);
#2058 = DEFINITIONAL_REPRESENTATION('',(#2059),#2063);
#2059 = LINE('',#2060,#2061);
#2060 = CARTESIAN_POINT('',(0.,200.));
#2061 = VECTOR('',#2062,1.);
#2062 = DIRECTION('',(1.,0.));
#2063 = ( GEOMETRIC_REPRESENTATION_CONTEXT(2) 
PARAMETRIC_REPRESENTATION_CONTEXT() REPRESENTATION_CONTEXT('2D SPACE',''
  ) );
#2064 = PCURVE('',#1148,#2065);
#2065 = DEFINITIONAL_REPRESENTATION('',(#2066),#2069);
#2066 = B_SPLINE_CURVE_WITH_KNOTS('',1,(#2067,#2068),.UNSPECIFIED.,.F.,
  .F.,(2,2),(0.,6.28318530718),.PIECEWISE_BEZIER_KNOTS.);
#2067 = CARTESIAN_POINT('',(0.,0.));
#2068 = CARTESIAN_POINT('',(6.28318530718,0.));
#2069 = ( GEOMETRIC_REPRESENTATION_CONTEXT(2) 
PARAMETRIC_REPRESENTATION_CONTEXT() REPRESENTATION_CONTEXT('2D SPACE',''
  ) );
#2070 = ORIENTED_EDGE('',*,*,#1187,.T.);
#2071 = ORIENTED_EDGE('',*,*,#1044,.T.);
#2072 = ORIENTED_EDGE('',*,*,#2073,.F.);
#2073 = EDGE_CURVE('',#1412,#1045,#2074,.T.);
#2074 = SURFACE_CURVE('',#2075,(#2080,#2087),.PCURVE_S1.);
#2075 = CIRCLE('',#2076,300.);
#2076 = AXIS2_PLACEMENT_3D('',#2077,#2078,#2079);
#2077 = CARTESIAN_POINT('',(0.,0.,2.4E+03));
#2078 = DIRECTION('',(0.,0.,1.));
#2079 = DIRECTION('',(1.,0.,0.));
#2080 = PCURVE('',#1064,#2081);
#2081 = DEFINITIONAL_REPRESENTATION('',(#2082),#2086);
#2082 = LINE('',#2083,#2084);
#2083 = CARTESIAN_POINT('',(0.,200.));
#2084 = VECTOR('',#2085,1.);
#2085 = DIRECTION('',(1.,0.));
#2086 = ( GEOMETRIC_REPRESENTATION_CONTEXT(2) 
PARAMETRIC_REPRESENTATION_CONTEXT() REPRESENTATION_CONTEXT('2D SPACE',''
  ) );
#2087 = PCURVE('',#1148,#2088);
#2088 = DEFINITIONAL_REPRESENTATION('',(#2089),#2092);
#2089 = B_SPLINE_CURVE_WITH_KNOTS('',1,(#2090,#2091),.UNSPECIFIED.,.F.,
  .F.,(2,2),(0.,6.28318530718),.PIECEWISE_BEZIER_KNOTS.);
#2090 = CARTESIAN_POINT('',(0.,0.));
#2091 = CARTESIAN_POINT('',(6.28318530718,0.));
#2092 = ( GEOMETRIC_REPRESENTATION_CONTEXT(2) 
PARAMETRIC_REPRESENTATION_CONTEXT() REPRESENTATION_CONTEXT('2D SPACE',''
  ) );
#2093 = ORIENTED_EDGE('',*,*,#1409,.F.);
#2094 = ORIENTED_EDGE('',*,*,#1467,.F.);
#2095 = ORIENTED_EDGE('',*,*,#2028,.F.);
#2096 = ADVANCED_FACE('',(#2097),#1148,.F.);
#2097 = FACE_BOUND('',#2098,.F.);
#2098 = EDGE_LOOP('',(#2099,#2100,#2101,#2102,#2103,#2104,#2126,#2127));
#2099 = ORIENTED_EDGE('',*,*,#1809,.F.);
#2100 = ORIENTED_EDGE('',*,*,#2073,.T.);
#2101 = ORIENTED_EDGE('',*,*,#1078,.T.);
#2102 = ORIENTED_EDGE('',*,*,#2050,.T.);
#2103 = ORIENTED_EDGE('',*,*,#1705,.F.);
#2104 = ORIENTED_EDGE('',*,*,#2105,.T.);
#2105 = EDGE_CURVE('',#1706,#1951,#2106,.T.);
#2106 = SEAM_CURVE('',#2107,(#2112,#2119),.PCURVE_S1.);
#2107 = CIRCLE('',#2108,300.);
#2108 = AXIS2_PLACEMENT_3D('',#2109,#2110,#2111);
#2109 = CARTESIAN_POINT('',(0.,0.,2.4E+03));
#2110 = DIRECTION('',(-2.449293598295E-16,-1.,0.));
#2111 = DIRECTION('',(1.,-2.449293598295E-16,0.));
#2112 = PCURVE('',#1148,#2113);
#2113 = DEFINITIONAL_REPRESENTATION('',(#2114),#2118);
#2114 = LINE('',#2115,#2116);
#2115 = CARTESIAN_POINT('',(0.,-6.28318530718));
#2116 = VECTOR('',#2117,1.);
#2117 = DIRECTION('',(0.,1.));
#2118 = ( GEOMETRIC_REPRESENTATION_CONTEXT(2) 
PARAMETRIC_REPRESENTATION_CONTEXT() REPRESENTATION_CONTEXT('2D SPACE',''
  ) );
#2119 = PCURVE('',#1148,#2120);
#2120 = DEFINITIONAL_REPRESENTATION('',(#2121),#2125);
#2121 = LINE('',#2122,#2123);
#2122 = CARTESIAN_POINT('',(6.28318530718,-6.28318530718));
#2123 = VECTOR('',#2124,1.);
#2124 = DIRECTION('',(0.,1.));
#2125 = ( GEOMETRIC_REPRESENTATION_CONTEXT(2) 
PARAMETRIC_REPRESENTATION_CONTEXT() REPRESENTATION_CONTEXT('2D SPACE',''
  ) );
#2126 = ORIENTED_EDGE('',*,*,#1973,.F.);
#2127 = ORIENTED_EDGE('',*,*,#2105,.F.);
#2128 = ADVANCED_FACE('',(#2129,#2132,#2163,#2194,#2225,#2256,#2287),
  #1934,.F.);
#2129 = FACE_BOUND('',#2130,.F.);
#2130 = EDGE_LOOP('',(#2131));
#2131 = ORIENTED_EDGE('',*,*,#1917,.T.);
#2132 = FACE_BOUND('',#2133,.F.);
#2133 = EDGE_LOOP('',(#2134));
#2134 = ORIENTED_EDGE('',*,*,#2135,.F.);
#2135 = EDGE_CURVE('',#2136,#2136,#2138,.T.);
#2136 = VERTEX_POINT('',#2137);
#2137 = CARTESIAN_POINT('',(-61.,-129.9038105676,2.2E+03));
#2138 = SURFACE_CURVE('',#2139,(#2144,#2151),.PCURVE_S1.);
#2139 = CIRCLE('',#2140,14.);
#2140 = AXIS2_PLACEMENT_3D('',#2141,#2142,#2143);
#2141 = CARTESIAN_POINT('',(-75.,-129.9038105676,2.2E+03));
#2142 = DIRECTION('',(0.,0.,1.));
#2143 = DIRECTION('',(1.,0.,-0.));
#2144 = PCURVE('',#1934,#2145);
#2145 = DEFINITIONAL_REPRESENTATION('',(#2146),#2150);
#2146 = CIRCLE('',#2147,14.);
#2147 = AXIS2_PLACEMENT_2D('',#2148,#2149);
#2148 = CARTESIAN_POINT('',(-75.,-129.9038105676));
#2149 = DIRECTION('',(1.,0.));
#2150 = ( GEOMETRIC_REPRESENTATION_CONTEXT(2) 
PARAMETRIC_REPRESENTATION_CONTEXT() REPRESENTATION_CONTEXT('2D SPACE',''
  ) );
#2151 = PCURVE('',#2152,#2157);
#2152 = CYLINDRICAL_SURFACE('',#2153,14.);
#2153 = AXIS2_PLACEMENT_3D('',#2154,#2155,#2156);
#2154 = CARTESIAN_POINT('',(-75.,-129.9038105676,2.199E+03));
#2155 = DIRECTION('',(0.,0.,1.));
#2156 = DIRECTION('',(1.,0.,0.));
#2157 = DEFINITIONAL_REPRESENTATION('',(#2158),#2162);
#2158 = LINE('',#2159,#2160);
#2159 = CARTESIAN_POINT('',(0.,1.));
#2160 = VECTOR('',#2161,1.);
#2161 = DIRECTION('',(1.,0.));
#2162 = ( GEOMETRIC_REPRESENTATION_CONTEXT(2) 
PARAMETRIC_REPRESENTATION_CONTEXT() REPRESENTATION_CONTEXT('2D SPACE',''
  ) );
#2163 = FACE_BOUND('',#2164,.F.);
#2164 = EDGE_LOOP('',(#2165));
#2165 = ORIENTED_EDGE('',*,*,#2166,.F.);
#2166 = EDGE_CURVE('',#2167,#2167,#2169,.T.);
#2167 = VERTEX_POINT('',#2168);
#2168 = CARTESIAN_POINT('',(89.,-129.9038105676,2.2E+03));
#2169 = SURFACE_CURVE('',#2170,(#2175,#2182),.PCURVE_S1.);
#2170 = CIRCLE('',#2171,14.);
#2171 = AXIS2_PLACEMENT_3D('',#2172,#2173,#2174);
#2172 = CARTESIAN_POINT('',(75.,-129.9038105676,2.2E+03));
#2173 = DIRECTION('',(0.,0.,1.));
#2174 = DIRECTION('',(1.,0.,-0.));
#2175 = PCURVE('',#1934,#2176);
#2176 = DEFINITIONAL_REPRESENTATION('',(#2177),#2181);
#2177 = CIRCLE('',#2178,14.);
#2178 = AXIS2_PLACEMENT_2D('',#2179,#2180);
#2179 = CARTESIAN_POINT('',(75.,-129.9038105676));
#2180 = DIRECTION('',(1.,0.));
#2181 = ( GEOMETRIC_REPRESENTATION_CONTEXT(2) 
PARAMETRIC_REPRESENTATION_CONTEXT() REPRESENTATION_CONTEXT('2D SPACE',''
  ) );
#2182 = PCURVE('',#2183,#2188);
#2183 = CYLINDRICAL_SURFACE('',#2184,14.);
#2184 = AXIS2_PLACEMENT_3D('',#2185,#2186,#2187);
#2185 = CARTESIAN_POINT('',(75.,-129.9038105676,2.199E+03));
#2186 = DIRECTION('',(0.,0.,1.));
#2187 = DIRECTION('',(1.,0.,0.));
#2188 = DEFINITIONAL_REPRESENTATION('',(#2189),#2193);
#2189 = LINE('',#2190,#2191);
#2190 = CARTESIAN_POINT('',(0.,1.));
#2191 = VECTOR('',#2192,1.);
#2192 = DIRECTION('',(1.,0.));
#2193 = ( GEOMETRIC_REPRESENTATION_CONTEXT(2) 
PARAMETRIC_REPRESENTATION_CONTEXT() REPRESENTATION_CONTEXT('2D SPACE',''
  ) );
#2194 = FACE_BOUND('',#2195,.F.);
#2195 = EDGE_LOOP('',(#2196));
#2196 = ORIENTED_EDGE('',*,*,#2197,.F.);
#2197 = EDGE_CURVE('',#2198,#2198,#2200,.T.);
#2198 = VERTEX_POINT('',#2199);
#2199 = CARTESIAN_POINT('',(-136.,1.49406909496E-14,2.2E+03));
#2200 = SURFACE_CURVE('',#2201,(#2206,#2213),.PCURVE_S1.);
#2201 = CIRCLE('',#2202,14.);
#2202 = AXIS2_PLACEMENT_3D('',#2203,#2204,#2205);
#2203 = CARTESIAN_POINT('',(-150.,1.836970198721E-14,2.2E+03));
#2204 = DIRECTION('',(0.,0.,1.));
#2205 = DIRECTION('',(1.,0.,-0.));
#2206 = PCURVE('',#1934,#2207);
#2207 = DEFINITIONAL_REPRESENTATION('',(#2208),#2212);
#2208 = CIRCLE('',#2209,14.);
#2209 = AXIS2_PLACEMENT_2D('',#2210,#2211);
#2210 = CARTESIAN_POINT('',(-150.,1.836970198721E-14));
#2211 = DIRECTION('',(1.,0.));
#2212 = ( GEOMETRIC_REPRESENTATION_CONTEXT(2) 
PARAMETRIC_REPRESENTATION_CONTEXT() REPRESENTATION_CONTEXT('2D SPACE',''
  ) );
#2213 = PCURVE('',#2214,#2219);
#2214 = CYLINDRICAL_SURFACE('',#2215,14.);
#2215 = AXIS2_PLACEMENT_3D('',#2216,#2217,#2218);
#2216 = CARTESIAN_POINT('',(-150.,1.836970198721E-14,2.199E+03));
#2217 = DIRECTION('',(0.,0.,1.));
#2218 = DIRECTION('',(1.,0.,0.));
#2219 = DEFINITIONAL_REPRESENTATION('',(#2220),#2224);
#2220 = LINE('',#2221,#2222);
#2221 = CARTESIAN_POINT('',(0.,1.));
#2222 = VECTOR('',#2223,1.);
#2223 = DIRECTION('',(1.,0.));
#2224 = ( GEOMETRIC_REPRESENTATION_CONTEXT(2) 
PARAMETRIC_REPRESENTATION_CONTEXT() REPRESENTATION_CONTEXT('2D SPACE',''
  ) );
#2225 = FACE_BOUND('',#2226,.F.);
#2226 = EDGE_LOOP('',(#2227));
#2227 = ORIENTED_EDGE('',*,*,#2228,.F.);
#2228 = EDGE_CURVE('',#2229,#2229,#2231,.T.);
#2229 = VERTEX_POINT('',#2230);
#2230 = CARTESIAN_POINT('',(-61.,129.90381056766,2.2E+03));
#2231 = SURFACE_CURVE('',#2232,(#2237,#2244),.PCURVE_S1.);
#2232 = CIRCLE('',#2233,14.);
#2233 = AXIS2_PLACEMENT_3D('',#2234,#2235,#2236);
#2234 = CARTESIAN_POINT('',(-75.,129.90381056766,2.2E+03));
#2235 = DIRECTION('',(0.,0.,1.));
#2236 = DIRECTION('',(1.,0.,-0.));
#2237 = PCURVE('',#1934,#2238);
#2238 = DEFINITIONAL_REPRESENTATION('',(#2239),#2243);
#2239 = CIRCLE('',#2240,14.);
#2240 = AXIS2_PLACEMENT_2D('',#2241,#2242);
#2241 = CARTESIAN_POINT('',(-75.,129.90381056766));
#2242 = DIRECTION('',(1.,0.));
#2243 = ( GEOMETRIC_REPRESENTATION_CONTEXT(2) 
PARAMETRIC_REPRESENTATION_CONTEXT() REPRESENTATION_CONTEXT('2D SPACE',''
  ) );
#2244 = PCURVE('',#2245,#2250);
#2245 = CYLINDRICAL_SURFACE('',#2246,14.);
#2246 = AXIS2_PLACEMENT_3D('',#2247,#2248,#2249);
#2247 = CARTESIAN_POINT('',(-75.,129.90381056766,2.199E+03));
#2248 = DIRECTION('',(0.,0.,1.));
#2249 = DIRECTION('',(1.,0.,0.));
#2250 = DEFINITIONAL_REPRESENTATION('',(#2251),#2255);
#2251 = LINE('',#2252,#2253);
#2252 = CARTESIAN_POINT('',(0.,1.));
#2253 = VECTOR('',#2254,1.);
#2254 = DIRECTION('',(1.,0.));
#2255 = ( GEOMETRIC_REPRESENTATION_CONTEXT(2) 
PARAMETRIC_REPRESENTATION_CONTEXT() REPRESENTATION_CONTEXT('2D SPACE',''
  ) );
#2256 = FACE_BOUND('',#2257,.F.);
#2257 = EDGE_LOOP('',(#2258));
#2258 = ORIENTED_EDGE('',*,*,#2259,.F.);
#2259 = EDGE_CURVE('',#2260,#2260,#2262,.T.);
#2260 = VERTEX_POINT('',#2261);
#2261 = CARTESIAN_POINT('',(164.,-3.429011037613E-15,2.2E+03));
#2262 = SURFACE_CURVE('',#2263,(#2268,#2275),.PCURVE_S1.);
#2263 = CIRCLE('',#2264,14.);
#2264 = AXIS2_PLACEMENT_3D('',#2265,#2266,#2267);
#2265 = CARTESIAN_POINT('',(150.,0.,2.2E+03));
#2266 = DIRECTION('',(0.,0.,1.));
#2267 = DIRECTION('',(1.,0.,-0.));
#2268 = PCURVE('',#1934,#2269);
#2269 = DEFINITIONAL_REPRESENTATION('',(#2270),#2274);
#2270 = CIRCLE('',#2271,14.);
#2271 = AXIS2_PLACEMENT_2D('',#2272,#2273);
#2272 = CARTESIAN_POINT('',(150.,0.));
#2273 = DIRECTION('',(1.,0.));
#2274 = ( GEOMETRIC_REPRESENTATION_CONTEXT(2) 
PARAMETRIC_REPRESENTATION_CONTEXT() REPRESENTATION_CONTEXT('2D SPACE',''
  ) );
#2275 = PCURVE('',#2276,#2281);
#2276 = CYLINDRICAL_SURFACE('',#2277,14.);
#2277 = AXIS2_PLACEMENT_3D('',#2278,#2279,#2280);
#2278 = CARTESIAN_POINT('',(150.,0.,2.199E+03));
#2279 = DIRECTION('',(0.,0.,1.));
#2280 = DIRECTION('',(1.,0.,0.));
#2281 = DEFINITIONAL_REPRESENTATION('',(#2282),#2286);
#2282 = LINE('',#2283,#2284);
#2283 = CARTESIAN_POINT('',(0.,1.));
#2284 = VECTOR('',#2285,1.);
#2285 = DIRECTION('',(1.,0.));
#2286 = ( GEOMETRIC_REPRESENTATION_CONTEXT(2) 
PARAMETRIC_REPRESENTATION_CONTEXT() REPRESENTATION_CONTEXT('2D SPACE',''
  ) );
#2287 = FACE_BOUND('',#2288,.F.);
#2288 = EDGE_LOOP('',(#2289));
#2289 = ORIENTED_EDGE('',*,*,#2290,.F.);
#2290 = EDGE_CURVE('',#2291,#2291,#2293,.T.);
#2291 = VERTEX_POINT('',#2292);
#2292 = CARTESIAN_POINT('',(89.,129.90381056766,2.2E+03));
#2293 = SURFACE_CURVE('',#2294,(#2299,#2306),.PCURVE_S1.);
#2294 = CIRCLE('',#2295,14.);
#2295 = AXIS2_PLACEMENT_3D('',#2296,#2297,#2298);
#2296 = CARTESIAN_POINT('',(75.,129.90381056766,2.2E+03));
#2297 = DIRECTION('',(0.,0.,1.));
#2298 = DIRECTION('',(1.,0.,-0.));
#2299 = PCURVE('',#1934,#2300);
#2300 = DEFINITIONAL_REPRESENTATION('',(#2301),#2305);
#2301 = CIRCLE('',#2302,14.);
#2302 = AXIS2_PLACEMENT_2D('',#2303,#2304);
#2303 = CARTESIAN_POINT('',(75.,129.90381056766));
#2304 = DIRECTION('',(1.,0.));
#2305 = ( GEOMETRIC_REPRESENTATION_CONTEXT(2) 
PARAMETRIC_REPRESENTATION_CONTEXT() REPRESENTATION_CONTEXT('2D SPACE',''
  ) );
#2306 = PCURVE('',#2307,#2312);
#2307 = CYLINDRICAL_SURFACE('',#2308,14.);
#2308 = AXIS2_PLACEMENT_3D('',#2309,#2310,#2311);
#2309 = CARTESIAN_POINT('',(75.,129.90381056766,2.199E+03));
#2310 = DIRECTION('',(0.,0.,1.));
#2311 = DIRECTION('',(1.,0.,0.));
#2312 = DEFINITIONAL_REPRESENTATION('',(#2313),#2317);
#2313 = LINE('',#2314,#2315);
#2314 = CARTESIAN_POINT('',(0.,1.));
#2315 = VECTOR('',#2316,1.);
#2316 = DIRECTION('',(1.,0.));
#2317 = ( GEOMETRIC_REPRESENTATION_CONTEXT(2) 
PARAMETRIC_REPRESENTATION_CONTEXT() REPRESENTATION_CONTEXT('2D SPACE',''
  ) );
#2318 = ADVANCED_FACE('',(#2319,#2322,#2348,#2374,#2400,#2426,#2452),
  #2016,.T.);
#2319 = FACE_BOUND('',#2320,.T.);
#2320 = EDGE_LOOP('',(#2321));
#2321 = ORIENTED_EDGE('',*,*,#1999,.T.);
#2322 = FACE_BOUND('',#2323,.T.);
#2323 = EDGE_LOOP('',(#2324));
#2324 = ORIENTED_EDGE('',*,*,#2325,.F.);
#2325 = EDGE_CURVE('',#2326,#2326,#2328,.T.);
#2326 = VERTEX_POINT('',#2327);
#2327 = CARTESIAN_POINT('',(-61.,-129.9038105676,2.22E+03));
#2328 = SURFACE_CURVE('',#2329,(#2334,#2341),.PCURVE_S1.);
#2329 = CIRCLE('',#2330,14.);
#2330 = AXIS2_PLACEMENT_3D('',#2331,#2332,#2333);
#2331 = CARTESIAN_POINT('',(-75.,-129.9038105676,2.22E+03));
#2332 = DIRECTION('',(0.,0.,1.));
#2333 = DIRECTION('',(1.,0.,-0.));
#2334 = PCURVE('',#2016,#2335);
#2335 = DEFINITIONAL_REPRESENTATION('',(#2336),#2340);
#2336 = CIRCLE('',#2337,14.);
#2337 = AXIS2_PLACEMENT_2D('',#2338,#2339);
#2338 = CARTESIAN_POINT('',(-75.,-129.9038105676));
#2339 = DIRECTION('',(1.,0.));
#2340 = ( GEOMETRIC_REPRESENTATION_CONTEXT(2) 
PARAMETRIC_REPRESENTATION_CONTEXT() REPRESENTATION_CONTEXT('2D SPACE',''
  ) );
#2341 = PCURVE('',#2152,#2342);
#2342 = DEFINITIONAL_REPRESENTATION('',(#2343),#2347);
#2343 = LINE('',#2344,#2345);
#2344 = CARTESIAN_POINT('',(0.,21.));
#2345 = VECTOR('',#2346,1.);
#2346 = DIRECTION('',(1.,0.));
#2347 = ( GEOMETRIC_REPRESENTATION_CONTEXT(2) 
PARAMETRIC_REPRESENTATION_CONTEXT() REPRESENTATION_CONTEXT('2D SPACE',''
  ) );
#2348 = FACE_BOUND('',#2349,.T.);
#2349 = EDGE_LOOP('',(#2350));
#2350 = ORIENTED_EDGE('',*,*,#2351,.F.);
#2351 = EDGE_CURVE('',#2352,#2352,#2354,.T.);
#2352 = VERTEX_POINT('',#2353);
#2353 = CARTESIAN_POINT('',(89.,-129.9038105676,2.22E+03));
#2354 = SURFACE_CURVE('',#2355,(#2360,#2367),.PCURVE_S1.);
#2355 = CIRCLE('',#2356,14.);
#2356 = AXIS2_PLACEMENT_3D('',#2357,#2358,#2359);
#2357 = CARTESIAN_POINT('',(75.,-129.9038105676,2.22E+03));
#2358 = DIRECTION('',(0.,0.,1.));
#2359 = DIRECTION('',(1.,0.,-0.));
#2360 = PCURVE('',#2016,#2361);
#2361 = DEFINITIONAL_REPRESENTATION('',(#2362),#2366);
#2362 = CIRCLE('',#2363,14.);
#2363 = AXIS2_PLACEMENT_2D('',#2364,#2365);
#2364 = CARTESIAN_POINT('',(75.,-129.9038105676));
#2365 = DIRECTION('',(1.,0.));
#2366 = ( GEOMETRIC_REPRESENTATION_CONTEXT(2) 
PARAMETRIC_REPRESENTATION_CONTEXT() REPRESENTATION_CONTEXT('2D SPACE',''
  ) );
#2367 = PCURVE('',#2183,#2368);
#2368 = DEFINITIONAL_REPRESENTATION('',(#2369),#2373);
#2369 = LINE('',#2370,#2371);
#2370 = CARTESIAN_POINT('',(0.,21.));
#2371 = VECTOR('',#2372,1.);
#2372 = DIRECTION('',(1.,0.));
#2373 = ( GEOMETRIC_REPRESENTATION_CONTEXT(2) 
PARAMETRIC_REPRESENTATION_CONTEXT() REPRESENTATION_CONTEXT('2D SPACE',''
  ) );
#2374 = FACE_BOUND('',#2375,.T.);
#2375 = EDGE_LOOP('',(#2376));
#2376 = ORIENTED_EDGE('',*,*,#2377,.F.);
#2377 = EDGE_CURVE('',#2378,#2378,#2380,.T.);
#2378 = VERTEX_POINT('',#2379);
#2379 = CARTESIAN_POINT('',(-136.,1.49406909496E-14,2.22E+03));
#2380 = SURFACE_CURVE('',#2381,(#2386,#2393),.PCURVE_S1.);
#2381 = CIRCLE('',#2382,14.);
#2382 = AXIS2_PLACEMENT_3D('',#2383,#2384,#2385);
#2383 = CARTESIAN_POINT('',(-150.,1.836970198721E-14,2.22E+03));
#2384 = DIRECTION('',(0.,0.,1.));
#2385 = DIRECTION('',(1.,0.,-0.));
#2386 = PCURVE('',#2016,#2387);
#2387 = DEFINITIONAL_REPRESENTATION('',(#2388),#2392);
#2388 = CIRCLE('',#2389,14.);
#2389 = AXIS2_PLACEMENT_2D('',#2390,#2391);
#2390 = CARTESIAN_POINT('',(-150.,1.836970198721E-14));
#2391 = DIRECTION('',(1.,0.));
#2392 = ( GEOMETRIC_REPRESENTATION_CONTEXT(2) 
PARAMETRIC_REPRESENTATION_CONTEXT() REPRESENTATION_CONTEXT('2D SPACE',''
  ) );
#2393 = PCURVE('',#2214,#2394);
#2394 = DEFINITIONAL_REPRESENTATION('',(#2395),#2399);
#2395 = LINE('',#2396,#2397);
#2396 = CARTESIAN_POINT('',(0.,21.));
#2397 = VECTOR('',#2398,1.);
#2398 = DIRECTION('',(1.,0.));
#2399 = ( GEOMETRIC_REPRESENTATION_CONTEXT(2) 
PARAMETRIC_REPRESENTATION_CONTEXT() REPRESENTATION_CONTEXT('2D SPACE',''
  ) );
#2400 = FACE_BOUND('',#2401,.T.);
#2401 = EDGE_LOOP('',(#2402));
#2402 = ORIENTED_EDGE('',*,*,#2403,.F.);
#2403 = EDGE_CURVE('',#2404,#2404,#2406,.T.);
#2404 = VERTEX_POINT('',#2405);
#2405 = CARTESIAN_POINT('',(-61.,129.90381056766,2.22E+03));
#2406 = SURFACE_CURVE('',#2407,(#2412,#2419),.PCURVE_S1.);
#2407 = CIRCLE('',#2408,14.);
#2408 = AXIS2_PLACEMENT_3D('',#2409,#2410,#2411);
#2409 = CARTESIAN_POINT('',(-75.,129.90381056766,2.22E+03));
#2410 = DIRECTION('',(0.,0.,1.));
#2411 = DIRECTION('',(1.,0.,-0.));
#2412 = PCURVE('',#2016,#2413);
#2413 = DEFINITIONAL_REPRESENTATION('',(#2414),#2418);
#2414 = CIRCLE('',#2415,14.);
#2415 = AXIS2_PLACEMENT_2D('',#2416,#2417);
#2416 = CARTESIAN_POINT('',(-75.,129.90381056766));
#2417 = DIRECTION('',(1.,0.));
#2418 = ( GEOMETRIC_REPRESENTATION_CONTEXT(2) 
PARAMETRIC_REPRESENTATION_CONTEXT() REPRESENTATION_CONTEXT('2D SPACE',''
  ) );
#2419 = PCURVE('',#2245,#2420);
#2420 = DEFINITIONAL_REPRESENTATION('',(#2421),#2425);
#2421 = LINE('',#2422,#2423);
#2422 = CARTESIAN_POINT('',(0.,21.));
#2423 = VECTOR('',#2424,1.);
#2424 = DIRECTION('',(1.,0.));
#2425 = ( GEOMETRIC_REPRESENTATION_CONTEXT(2) 
PARAMETRIC_REPRESENTATION_CONTEXT() REPRESENTATION_CONTEXT('2D SPACE',''
  ) );
#2426 = FACE_BOUND('',#2427,.T.);
#2427 = EDGE_LOOP('',(#2428));
#2428 = ORIENTED_EDGE('',*,*,#2429,.F.);
#2429 = EDGE_CURVE('',#2430,#2430,#2432,.T.);
#2430 = VERTEX_POINT('',#2431);
#2431 = CARTESIAN_POINT('',(164.,-3.429011037613E-15,2.22E+03));
#2432 = SURFACE_CURVE('',#2433,(#2438,#2445),.PCURVE_S1.);
#2433 = CIRCLE('',#2434,14.);
#2434 = AXIS2_PLACEMENT_3D('',#2435,#2436,#2437);
#2435 = CARTESIAN_POINT('',(150.,0.,2.22E+03));
#2436 = DIRECTION('',(0.,0.,1.));
#2437 = DIRECTION('',(1.,0.,-0.));
#2438 = PCURVE('',#2016,#2439);
#2439 = DEFINITIONAL_REPRESENTATION('',(#2440),#2444);
#2440 = CIRCLE('',#2441,14.);
#2441 = AXIS2_PLACEMENT_2D('',#2442,#2443);
#2442 = CARTESIAN_POINT('',(150.,0.));
#2443 = DIRECTION('',(1.,0.));
#2444 = ( GEOMETRIC_REPRESENTATION_CONTEXT(2) 
PARAMETRIC_REPRESENTATION_CONTEXT() REPRESENTATION_CONTEXT('2D SPACE',''
  ) );
#2445 = PCURVE('',#2276,#2446);
#2446 = DEFINITIONAL_REPRESENTATION('',(#2447),#2451);
#2447 = LINE('',#2448,#2449);
#2448 = CARTESIAN_POINT('',(0.,21.));
#2449 = VECTOR('',#2450,1.);
#2450 = DIRECTION('',(1.,0.));
#2451 = ( GEOMETRIC_REPRESENTATION_CONTEXT(2) 
PARAMETRIC_REPRESENTATION_CONTEXT() REPRESENTATION_CONTEXT('2D SPACE',''
  ) );
#2452 = FACE_BOUND('',#2453,.T.);
#2453 = EDGE_LOOP('',(#2454));
#2454 = ORIENTED_EDGE('',*,*,#2455,.F.);
#2455 = EDGE_CURVE('',#2456,#2456,#2458,.T.);
#2456 = VERTEX_POINT('',#2457);
#2457 = CARTESIAN_POINT('',(89.,129.90381056766,2.22E+03));
#2458 = SURFACE_CURVE('',#2459,(#2464,#2471),.PCURVE_S1.);
#2459 = CIRCLE('',#2460,14.);
#2460 = AXIS2_PLACEMENT_3D('',#2461,#2462,#2463);
#2461 = CARTESIAN_POINT('',(75.,129.90381056766,2.22E+03));
#2462 = DIRECTION('',(0.,0.,1.));
#2463 = DIRECTION('',(1.,0.,-0.));
#2464 = PCURVE('',#2016,#2465);
#2465 = DEFINITIONAL_REPRESENTATION('',(#2466),#2470);
#2466 = CIRCLE('',#2467,14.);
#2467 = AXIS2_PLACEMENT_2D('',#2468,#2469);
#2468 = CARTESIAN_POINT('',(75.,129.90381056766));
#2469 = DIRECTION('',(1.,0.));
#2470 = ( GEOMETRIC_REPRESENTATION_CONTEXT(2) 
PARAMETRIC_REPRESENTATION_CONTEXT() REPRESENTATION_CONTEXT('2D SPACE',''
  ) );
#2471 = PCURVE('',#2307,#2472);
#2472 = DEFINITIONAL_REPRESENTATION('',(#2473),#2477);
#2473 = LINE('',#2474,#2475);
#2474 = CARTESIAN_POINT('',(0.,21.));
#2475 = VECTOR('',#2476,1.);
#2476 = DIRECTION('',(1.,0.));
#2477 = ( GEOMETRIC_REPRESENTATION_CONTEXT(2) 
PARAMETRIC_REPRESENTATION_CONTEXT() REPRESENTATION_CONTEXT('2D SPACE',''
  ) );
#2478 = ADVANCED_FACE('',(#2479),#2152,.F.);
#2479 = FACE_BOUND('',#2480,.F.);
#2480 = EDGE_LOOP('',(#2481,#2482,#2503,#2504));
#2481 = ORIENTED_EDGE('',*,*,#2325,.F.);
#2482 = ORIENTED_EDGE('',*,*,#2483,.F.);
#2483 = EDGE_CURVE('',#2136,#2326,#2484,.T.);
#2484 = SEAM_CURVE('',#2485,(#2489,#2496),.PCURVE_S1.);
#2485 = LINE('',#2486,#2487);
#2486 = CARTESIAN_POINT('',(-61.,-129.9038105676,2.199E+03));
#2487 = VECTOR('',#2488,1.);
#2488 = DIRECTION('',(0.,0.,1.));
#2489 = PCURVE('',#2152,#2490);
#2490 = DEFINITIONAL_REPRESENTATION('',(#2491),#2495);
#2491 = LINE('',#2492,#2493);
#2492 = CARTESIAN_POINT('',(6.28318530718,-0.));
#2493 = VECTOR('',#2494,1.);
#2494 = DIRECTION('',(0.,1.));
#2495 = ( GEOMETRIC_REPRESENTATION_CONTEXT(2) 
PARAMETRIC_REPRESENTATION_CONTEXT() REPRESENTATION_CONTEXT('2D SPACE',''
  ) );
#2496 = PCURVE('',#2152,#2497);
#2497 = DEFINITIONAL_REPRESENTATION('',(#2498),#2502);
#2498 = LINE('',#2499,#2500);
#2499 = CARTESIAN_POINT('',(0.,-0.));
#2500 = VECTOR('',#2501,1.);
#2501 = DIRECTION('',(0.,1.));
#2502 = ( GEOMETRIC_REPRESENTATION_CONTEXT(2) 
PARAMETRIC_REPRESENTATION_CONTEXT() REPRESENTATION_CONTEXT('2D SPACE',''
  ) );
#2503 = ORIENTED_EDGE('',*,*,#2135,.T.);
#2504 = ORIENTED_EDGE('',*,*,#2483,.T.);
#2505 = ADVANCED_FACE('',(#2506),#2183,.F.);
#2506 = FACE_BOUND('',#2507,.F.);
#2507 = EDGE_LOOP('',(#2508,#2509,#2530,#2531));
#2508 = ORIENTED_EDGE('',*,*,#2351,.F.);
#2509 = ORIENTED_EDGE('',*,*,#2510,.F.);
#2510 = EDGE_CURVE('',#2167,#2352,#2511,.T.);
#2511 = SEAM_CURVE('',#2512,(#2516,#2523),.PCURVE_S1.);
#2512 = LINE('',#2513,#2514);
#2513 = CARTESIAN_POINT('',(89.,-129.9038105676,2.199E+03));
#2514 = VECTOR('',#2515,1.);
#2515 = DIRECTION('',(0.,0.,1.));
#2516 = PCURVE('',#2183,#2517);
#2517 = DEFINITIONAL_REPRESENTATION('',(#2518),#2522);
#2518 = LINE('',#2519,#2520);
#2519 = CARTESIAN_POINT('',(6.28318530718,-0.));
#2520 = VECTOR('',#2521,1.);
#2521 = DIRECTION('',(0.,1.));
#2522 = ( GEOMETRIC_REPRESENTATION_CONTEXT(2) 
PARAMETRIC_REPRESENTATION_CONTEXT() REPRESENTATION_CONTEXT('2D SPACE',''
  ) );
#2523 = PCURVE('',#2183,#2524);
#2524 = DEFINITIONAL_REPRESENTATION('',(#2525),#2529);
#2525 = LINE('',#2526,#2527);
#2526 = CARTESIAN_POINT('',(0.,-0.));
#2527 = VECTOR('',#2528,1.);
#2528 = DIRECTION('',(0.,1.));
#2529 = ( GEOMETRIC_REPRESENTATION_CONTEXT(2) 
PARAMETRIC_REPRESENTATION_CONTEXT() REPRESENTATION_CONTEXT('2D SPACE',''
  ) );
#2530 = ORIENTED_EDGE('',*,*,#2166,.T.);
#2531 = ORIENTED_EDGE('',*,*,#2510,.T.);
#2532 = ADVANCED_FACE('',(#2533),#2214,.F.);
#2533 = FACE_BOUND('',#2534,.F.);
#2534 = EDGE_LOOP('',(#2535,#2536,#2557,#2558));
#2535 = ORIENTED_EDGE('',*,*,#2377,.F.);
#2536 = ORIENTED_EDGE('',*,*,#2537,.F.);
#2537 = EDGE_CURVE('',#2198,#2378,#2538,.T.);
#2538 = SEAM_CURVE('',#2539,(#2543,#2550),.PCURVE_S1.);
#2539 = LINE('',#2540,#2541);
#2540 = CARTESIAN_POINT('',(-136.,1.49406909496E-14,2.199E+03));
#2541 = VECTOR('',#2542,1.);
#2542 = DIRECTION('',(0.,0.,1.));
#2543 = PCURVE('',#2214,#2544);
#2544 = DEFINITIONAL_REPRESENTATION('',(#2545),#2549);
#2545 = LINE('',#2546,#2547);
#2546 = CARTESIAN_POINT('',(6.28318530718,-0.));
#2547 = VECTOR('',#2548,1.);
#2548 = DIRECTION('',(0.,1.));
#2549 = ( GEOMETRIC_REPRESENTATION_CONTEXT(2) 
PARAMETRIC_REPRESENTATION_CONTEXT() REPRESENTATION_CONTEXT('2D SPACE',''
  ) );
#2550 = PCURVE('',#2214,#2551);
#2551 = DEFINITIONAL_REPRESENTATION('',(#2552),#2556);
#2552 = LINE('',#2553,#2554);
#2553 = CARTESIAN_POINT('',(0.,-0.));
#2554 = VECTOR('',#2555,1.);
#2555 = DIRECTION('',(0.,1.));
#2556 = ( GEOMETRIC_REPRESENTATION_CONTEXT(2) 
PARAMETRIC_REPRESENTATION_CONTEXT() REPRESENTATION_CONTEXT('2D SPACE',''
  ) );
#2557 = ORIENTED_EDGE('',*,*,#2197,.T.);
#2558 = ORIENTED_EDGE('',*,*,#2537,.T.);
#2559 = ADVANCED_FACE('',(#2560),#2245,.F.);
#2560 = FACE_BOUND('',#2561,.F.);
#2561 = EDGE_LOOP('',(#2562,#2563,#2584,#2585));
#2562 = ORIENTED_EDGE('',*,*,#2403,.F.);
#2563 = ORIENTED_EDGE('',*,*,#2564,.F.);
#2564 = EDGE_CURVE('',#2229,#2404,#2565,.T.);
#2565 = SEAM_CURVE('',#2566,(#2570,#2577),.PCURVE_S1.);
#2566 = LINE('',#2567,#2568);
#2567 = CARTESIAN_POINT('',(-61.,129.90381056766,2.199E+03));
#2568 = VECTOR('',#2569,1.);
#2569 = DIRECTION('',(0.,0.,1.));
#2570 = PCURVE('',#2245,#2571);
#2571 = DEFINITIONAL_REPRESENTATION('',(#2572),#2576);
#2572 = LINE('',#2573,#2574);
#2573 = CARTESIAN_POINT('',(6.28318530718,-0.));
#2574 = VECTOR('',#2575,1.);
#2575 = DIRECTION('',(0.,1.));
#2576 = ( GEOMETRIC_REPRESENTATION_CONTEXT(2) 
PARAMETRIC_REPRESENTATION_CONTEXT() REPRESENTATION_CONTEXT('2D SPACE',''
  ) );
#2577 = PCURVE('',#2245,#2578);
#2578 = DEFINITIONAL_REPRESENTATION('',(#2579),#2583);
#2579 = LINE('',#2580,#2581);
#2580 = CARTESIAN_POINT('',(0.,-0.));
#2581 = VECTOR('',#2582,1.);
#2582 = DIRECTION('',(0.,1.));
#2583 = ( GEOMETRIC_REPRESENTATION_CONTEXT(2) 
PARAMETRIC_REPRESENTATION_CONTEXT() REPRESENTATION_CONTEXT('2D SPACE',''
  ) );
#2584 = ORIENTED_EDGE('',*,*,#2228,.T.);
#2585 = ORIENTED_EDGE('',*,*,#2564,.T.);
#2586 = ADVANCED_FACE('',(#2587),#2276,.F.);
#2587 = FACE_BOUND('',#2588,.F.);
#2588 = EDGE_LOOP('',(#2589,#2590,#2611,#2612));
#2589 = ORIENTED_EDGE('',*,*,#2429,.F.);
#2590 = ORIENTED_EDGE('',*,*,#2591,.F.);
#2591 = EDGE_CURVE('',#2260,#2430,#2592,.T.);
#2592 = SEAM_CURVE('',#2593,(#2597,#2604),.PCURVE_S1.);
#2593 = LINE('',#2594,#2595);
#2594 = CARTESIAN_POINT('',(164.,-3.429011037613E-15,2.199E+03));
#2595 = VECTOR('',#2596,1.);
#2596 = DIRECTION('',(0.,0.,1.));
#2597 = PCURVE('',#2276,#2598);
#2598 = DEFINITIONAL_REPRESENTATION('',(#2599),#2603);
#2599 = LINE('',#2600,#2601);
#2600 = CARTESIAN_POINT('',(6.28318530718,-0.));
#2601 = VECTOR('',#2602,1.);
#2602 = DIRECTION('',(0.,1.));
#2603 = ( GEOMETRIC_REPRESENTATION_CONTEXT(2) 
PARAMETRIC_REPRESENTATION_CONTEXT() REPRESENTATION_CONTEXT('2D SPACE',''
  ) );
#2604 = PCURVE('',#2276,#2605);
#2605 = DEFINITIONAL_REPRESENTATION('',(#2606),#2610);
#2606 = LINE('',#2607,#2608);
#2607 = CARTESIAN_POINT('',(0.,-0.));
#2608 = VECTOR('',#2609,1.);
#2609 = DIRECTION('',(0.,1.));
#2610 = ( GEOMETRIC_REPRESENTATION_CONTEXT(2) 
PARAMETRIC_REPRESENTATION_CONTEXT() REPRESENTATION_CONTEXT('2D SPACE',''
  ) );
#2611 = ORIENTED_EDGE('',*,*,#2259,.T.);
#2612 = ORIENTED_EDGE('',*,*,#2591,.T.);
#2613 = ADVANCED_FACE('',(#2614),#2307,.F.);
#2614 = FACE_BOUND('',#2615,.F.);
#2615 = EDGE_LOOP('',(#2616,#2617,#2638,#2639));
#2616 = ORIENTED_EDGE('',*,*,#2455,.F.);
#2617 = ORIENTED_EDGE('',*,*,#2618,.F.);
#2618 = EDGE_CURVE('',#2291,#2456,#2619,.T.);
#2619 = SEAM_CURVE('',#2620,(#2624,#2631),.PCURVE_S1.);
#2620 = LINE('',#2621,#2622);
#2621 = CARTESIAN_POINT('',(89.,129.90381056766,2.199E+03));
#2622 = VECTOR('',#2623,1.);
#2623 = DIRECTION('',(0.,0.,1.));
#2624 = PCURVE('',#2307,#2625);
#2625 = DEFINITIONAL_REPRESENTATION('',(#2626),#2630);
#2626 = LINE('',#2627,#2628);
#2627 = CARTESIAN_POINT('',(6.28318530718,-0.));
#2628 = VECTOR('',#2629,1.);
#2629 = DIRECTION('',(0.,1.));
#2630 = ( GEOMETRIC_REPRESENTATION_CONTEXT(2) 
PARAMETRIC_REPRESENTATION_CONTEXT() REPRESENTATION_CONTEXT('2D SPACE',''
  ) );
#2631 = PCURVE('',#2307,#2632);
#2632 = DEFINITIONAL_REPRESENTATION('',(#2633),#2637);
#2633 = LINE('',#2634,#2635);
#2634 = CARTESIAN_POINT('',(0.,-0.));
#2635 = VECTOR('',#2636,1.);
#2636 = DIRECTION('',(0.,1.));
#2637 = ( GEOMETRIC_REPRESENTATION_CONTEXT(2) 
PARAMETRIC_REPRESENTATION_CONTEXT() REPRESENTATION_CONTEXT('2D SPACE',''
  ) );
#2638 = ORIENTED_EDGE('',*,*,#2290,.T.);
#2639 = ORIENTED_EDGE('',*,*,#2618,.T.);
#2640 = ( GEOMETRIC_REPRESENTATION_CONTEXT(3) 
GLOBAL_UNCERTAINTY_ASSIGNED_CONTEXT((#2644)) 
GLOBAL_UNIT_ASSIGNED_CONTEXT((#2641,#2642,#2643)) REPRESENTATION_CONTEXT
('Context #1','3D Context with UNIT and UNCERTAINTY') );
#2641 = ( LENGTH_UNIT() NAMED_UNIT(*) SI_UNIT(.MILLI.,.METRE.) );
#2642 = ( NAMED_UNIT(*) PLANE_ANGLE_UNIT() SI_UNIT($,.RADIAN.) );
#2643 = ( NAMED_UNIT(*) SI_UNIT($,.STERADIAN.) SOLID_ANGLE_UNIT() );
#2644 = UNCERTAINTY_MEASURE_WITH_UNIT(LENGTH_MEASURE(5.E-07),#2641,
  'distance_accuracy_value','confusion accuracy');
#2645 = PRODUCT_RELATED_PRODUCT_CATEGORY('part',$,(#7));
ENDSEC;
END-ISO-10303-21;
